0.928,0.904,0.908,0.912,0.912,0.924,0.928,-0.948,-0.944,-0.924,-0.932,-0.916,-0.924,-0.92,0.956,0.972,1.024,-1.04,-1.036,1.032,0.912,0.908,0.908,-0.9,-0.92,-0.976,0.968,-0.992,-0.992,-1.06,-1.048,-1.06,-1.064,-1.068,-1.064,1.008,1.016,1.028,-1.044,-1.048,1.052,1.06,0.936,0.952,-0.936,-0.932,-0.92,-0.92,-0.92,0.92,0.928,0.928,0.936,0.96,0.968,-1.028,-1.028,-1.032,-1.028,1.032,0.92,-0.9,-0.904,0.92,-0.88,-0.892,0.904,0.896,0.924,0.928,0.916,0.908,0.912,0.92,-0.92,-0.96,-0.948,-0.952,-0.956,-0.932,-0.944,-0.948,1,1.004,1.008,1.012,1.032,-1.036,-1.036,-1.032,-1.04,-1.032,-1.024,-1.032,-1.036,0.992,1.024,1.004,0.992,-0.976,-0.96,-0.956,-0.956,0.924,0.928,0.936,0.92,-0.924,-0.924,0.94,-0.936,0.964,0.96,-0.976,-0.996,0.964,0.956,0.968,-0.972,-0.98,-0.988,-1.004,-1.032,0.94,-0.908,-0.92,-0.928,-0.924,-0.952,0.924,-0.888,-0.884,-0.88,-0.92,-1.076,-1.064,-1.08,-1.08,-1.08,-1.076,-1.088,-1.052,-0.952,-0.964,0.936,-0.9,-0.9,-0.896,-0.892,-0.936,0.932,0.94,-0.916,-0.944,-0.956,-0.944,-0.94,-0.932,-0.928,-0.94,0.916,0.924,0.928,0.916,0.92,-0.9,-0.896,-0.9,-0.896,-0.9,0.912,-0.908,-0.92,-0.924,-0.94,1,-0.992,-0.992,-0.992,-1.02,1.004,-0.976,-0.988,0.996,0.976,0.944,0.92,-0.936,-0.944,-0.94,-0.94,-1.036,1.004,1.004,-1.008,1.016,1.008,1.004,1,1.02,1.024,1.02,1.012,1.02,1.016,-1,-0.992,0.944,0.936,0.932,0.932,0.936,0.924,-0.952,0.956,0.936,0.936,0.92,0.904,-1.08,-1.068,-1.064,-1.08,-1.08,-1.052,-1.036,1.052,1.04,-0.964,0.944,0.904,0.896,-0.916,-0.92,-0.9,-0.888,0.916,0.908,-0.948,-0.948,-0.936,-0.928,-0.924,0.932,-0.952,-0.956,0.94,-0.948,-0.96,-0.96,-0.964,-0.976,0.976,-0.984,-0.972,-0.964,-0.928,-0.932,-0.932,-0.936,0.988,0.996,-1.028,-1.004,0.988,-0.98,-0.972,-0.96,-0.952
-1.072,-1.096,-1.092,-1.088,-1.088,-1.076,-1.072,1.052,1.056,1.076,1.068,1.084,1.076,1.08,-1.044,-1.028,-0.976,0.96,0.964,-0.968,-1.088,-1.092,-1.092,1.1,1.08,1.024,-1.032,1.008,1.008,-1.06,-1.048,-1.06,-1.064,-1.068,-1.064,1.008,1.016,1.028,-1.044,-1.048,1.052,1.06,-1.064,-1.048,1.064,1.068,1.08,1.08,1.08,-1.08,-1.072,-1.072,-1.064,-1.04,-1.032,0.972,0.972,0.968,0.972,-0.968,0.92,-0.9,-0.904,-1.08,1.12,1.108,-1.096,-1.104,-1.076,-1.072,-1.084,-1.092,-1.088,-1.08,1.08,1.04,1.052,1.048,1.044,1.068,1.056,-0.948,1,1.004,1.008,1.012,1.032,-1.036,-1.036,-1.032,-1.04,-1.032,-1.024,-1.032,-1.036,-1.008,-0.976,-0.996,-1.008,1.024,1.04,1.044,1.044,-1.076,-1.072,-1.064,-1.08,1.076,1.076,-1.06,1.064,-1.036,-1.04,1.024,1.004,-1.036,-1.044,-1.032,1.028,1.02,1.012,0.996,0.968,0.94,-0.908,-0.92,-0.928,-0.924,-0.952,0.924,-0.888,1.116,1.12,1.08,-1.076,-1.064,-1.08,-1.08,-1.08,-1.076,-1.088,-1.052,-0.952,-0.964,0.936,-0.9,-0.9,-0.896,1.108,1.064,-1.068,-1.06,1.084,1.056,1.044,1.056,1.06,1.068,1.072,1.06,-1.084,-1.076,-1.072,-1.084,-1.08,1.1,1.104,1.1,1.104,1.1,-1.088,-0.908,-0.92,-0.924,-0.94,1,-0.992,-0.992,-0.992,-1.02,1.004,1.024,1.012,-1.004,-1.024,-1.056,-1.08,1.064,1.056,1.06,1.06,-1.036,1.004,1.004,-1.008,1.016,1.008,1.004,1,-0.98,-0.976,-0.98,-0.988,-0.98,-0.984,1,1.008,-1.056,-1.064,-1.068,-1.068,-1.064,-1.076,1.048,-1.044,-1.064,-1.064,-1.08,-1.096,-1.08,-1.068,-1.064,-1.08,-1.08,-1.052,-1.036,1.052,1.04,-0.964,0.944,0.904,0.896,-0.916,-0.92,-0.9,-0.888,0.916,-1.092,1.052,1.052,1.064,1.072,1.076,-1.068,1.048,1.044,-1.06,1.052,1.04,1.04,1.036,1.024,-1.024,1.016,1.028,1.036,1.072,1.068,1.068,1.064,0.988,0.996,-1.028,-1.004,0.988,1.02,1.028,1.04,1.048
0.928,0.904,0.908,0.912,0.912,0.924,0.928,-0.948,-0.944,-0.924,-0.932,-0.916,-0.924,-0.92,0.956,0.972,1.024,-1.04,-1.036,1.032,0.912,0.908,0.908,-0.9,-0.92,-0.976,0.968,1.008,1.008,0.94,0.952,0.94,0.936,0.932,0.936,-0.992,-0.984,-0.972,0.956,0.952,-0.948,-0.94,0.936,0.952,-0.936,-0.932,-0.92,-0.92,-0.92,0.92,0.928,0.928,0.936,0.96,0.968,0.972,0.972,0.968,0.972,-0.968,0.92,-0.9,-0.904,0.92,-0.88,-0.892,0.904,0.896,0.924,0.928,0.916,0.908,0.912,0.92,-0.92,-0.96,-0.948,-0.952,-0.956,-0.932,-0.944,-0.948,1,1.004,1.008,1.012,1.032,-1.036,-1.036,-1.032,-1.04,-1.032,-1.024,-1.032,-1.036,0.992,1.024,1.004,0.992,-0.976,-0.96,-0.956,-0.956,0.924,0.928,0.936,0.92,-0.924,-0.924,0.94,-0.936,0.964,0.96,-0.976,-0.996,0.964,0.956,0.968,-0.972,-0.98,-0.988,-1.004,-1.032,-1.06,1.092,1.08,1.072,1.076,1.048,-1.076,1.112,-0.884,-0.88,-0.92,0.924,0.936,0.92,0.92,0.92,0.924,0.912,0.948,1.048,1.036,-1.064,1.1,1.1,1.104,-0.892,-0.936,0.932,0.94,-0.916,-0.944,-0.956,-0.944,-0.94,-0.932,-0.928,-0.94,0.916,0.924,0.928,0.916,0.92,-0.9,-0.896,-0.9,-0.896,-0.9,0.912,-0.908,-0.92,-0.924,-0.94,-1,1.008,1.008,1.008,0.98,-0.996,-0.976,-0.988,0.996,0.976,0.944,0.92,-0.936,-0.944,-0.94,-0.94,0.964,-0.996,-0.996,0.992,-0.984,-0.992,-0.996,-1,-0.98,-0.976,-0.98,-0.988,-0.98,-0.984,1,1.008,-1.056,-1.064,-1.068,-1.068,-1.064,-1.076,1.048,-1.044,0.936,0.936,0.92,0.904,0.92,0.932,0.936,0.92,0.92,-1.052,-1.036,1.052,1.04,-0.964,0.944,0.904,0.896,-0.916,-0.92,-0.9,-0.888,0.916,0.908,-0.948,-0.948,-0.936,-0.928,-0.924,0.932,1.048,1.044,-1.06,1.052,1.04,1.04,1.036,1.024,-1.024,1.016,1.028,1.036,1.072,1.068,1.068,1.064,0.988,0.996,-1.028,-1.004,0.988,-0.98,-0.972,-0.96,-0.952
0.928,0.904,0.908,0.912,0.912,0.924,0.928,-0.948,-0.944,-0.924,-0.932,-0.916,-0.924,-0.92,0.956,0.972,-0.976,0.96,0.964,-0.968,0.912,0.908,0.908,-0.9,-0.92,-0.976,0.968,-0.992,1.008,0.94,0.952,0.94,0.936,0.932,0.936,-0.992,-0.984,-0.972,0.956,0.952,-0.948,-0.94,0.936,0.952,-0.936,-0.932,-0.92,-0.92,-0.92,0.92,0.928,0.928,0.936,0.96,0.968,-1.028,-1.028,-1.032,-1.028,1.032,-1.08,1.1,1.096,-1.08,1.12,1.108,-1.096,-1.104,-1.076,-1.072,0.916,0.908,0.912,0.92,-0.92,-0.96,-0.948,-0.952,-0.956,-0.932,-0.944,-0.948,1,1.004,1.008,1.012,1.032,-1.036,-1.036,-1.032,-1.04,-1.032,-1.024,-1.032,-1.036,-1.008,-0.976,1.004,0.992,-0.976,-0.96,-0.956,-0.956,0.924,0.928,0.936,0.92,-0.924,-0.924,0.94,-0.936,0.964,-1.04,1.024,1.004,-1.036,-1.044,-1.032,1.028,1.02,1.012,0.996,0.968,0.94,-0.908,-0.92,-0.928,-0.924,-0.952,0.924,-0.888,-0.884,-0.88,-0.92,0.924,0.936,0.92,0.92,0.92,0.924,0.912,0.948,1.048,1.036,-1.064,1.1,1.1,1.104,-0.892,-0.936,0.932,0.94,-0.916,-0.944,-0.956,-0.944,-0.94,-0.932,-0.928,-0.94,0.916,0.924,0.928,0.916,0.92,-0.9,-0.896,-0.9,-0.896,-0.9,0.912,-0.908,1.08,1.076,1.06,-1,1.008,1.008,1.008,0.98,-0.996,-0.976,-0.988,0.996,0.976,0.944,0.92,-0.936,-0.944,-0.94,-0.94,0.964,1.004,1.004,-1.008,1.016,1.008,1.004,1,1.02,1.024,1.02,1.012,1.02,1.016,-1,-0.992,0.944,0.936,0.932,0.932,0.936,0.924,-0.952,0.956,0.936,0.936,0.92,0.904,0.92,0.932,0.936,0.92,0.92,0.948,0.964,-0.948,-0.96,1.036,-1.056,-1.096,0.896,-0.916,-0.92,-0.9,-0.888,0.916,0.908,-0.948,-0.948,-0.936,-0.928,-0.924,0.932,-0.952,-0.956,0.94,-0.948,-0.96,-0.96,-0.964,-0.976,0.976,-0.984,-0.972,-0.964,-0.928,-0.932,-0.932,-0.936,-1.012,-1.004,0.972,0.996,0.988,-0.98,-0.972,-0.96,-0.952
-1.072,-1.096,-1.092,-1.088,0.912,0.924,0.928,-0.948,-0.944,-0.924,-0.932,-0.916,-0.924,-0.92,0.956,0.972,1.024,-1.04,-1.036,1.032,-1.088,-1.092,-1.092,1.1,1.08,1.024,-1.032,1.008,1.008,-1.06,-1.048,-1.06,-1.064,-1.068,-1.064,1.008,1.016,1.028,-1.044,-1.048,1.052,1.06,-1.064,-1.048,1.064,1.068,1.08,1.08,1.08,-1.08,-1.072,-1.072,-1.064,-1.04,-1.032,0.972,0.972,0.968,0.972,-0.968,0.92,-0.9,-0.904,0.92,1.12,1.108,-1.096,-1.104,-1.076,-1.072,-1.084,-1.092,-1.088,-1.08,1.08,1.04,1.052,1.048,1.044,1.068,1.056,1.052,-1,-0.996,-0.992,-0.988,-0.968,0.964,0.964,0.968,0.96,0.968,0.976,0.968,0.964,0.992,-0.976,-0.996,-1.008,1.024,1.04,1.044,1.044,-1.076,-1.072,-1.064,-1.08,1.076,1.076,-1.06,1.064,-1.036,-1.04,1.024,1.004,0.964,0.956,0.968,-0.972,-0.98,-0.988,-1.004,-1.032,-1.06,1.092,1.08,1.072,1.076,1.048,-1.076,1.112,1.116,1.12,1.08,-1.076,-1.064,-1.08,-1.08,-1.08,-1.076,-1.088,-1.052,1.048,1.036,-1.064,1.1,1.1,1.104,1.108,-0.936,0.932,0.94,-0.916,-0.944,-0.956,-0.944,-0.94,-0.932,-0.928,-0.94,0.916,0.924,0.928,0.916,0.92,-0.9,-0.896,-0.9,-0.896,-0.9,0.912,-0.908,-0.92,-0.924,-0.94,1,-0.992,-0.992,-0.992,-1.02,1.004,1.024,1.012,-1.004,-1.024,-1.056,-1.08,1.064,1.056,1.06,1.06,-1.036,1.004,1.004,-1.008,1.016,1.008,1.004,1,1.02,1.024,1.02,1.012,1.02,1.016,-1,-0.992,0.944,0.936,0.932,0.932,0.936,-1.076,1.048,-1.044,-1.064,-1.064,-1.08,-1.096,-1.08,-1.068,-1.064,-1.08,-1.08,-1.052,-1.036,1.052,1.04,1.036,-1.056,-1.096,-1.104,1.084,1.08,1.1,1.112,-1.084,-1.092,1.052,1.052,1.064,1.072,1.076,-1.068,1.048,1.044,-1.06,1.052,1.04,1.04,1.036,1.024,-1.024,1.016,1.028,1.036,1.072,1.068,1.068,1.064,0.988,0.996,-1.028,0.996,-1.012,1.02,1.028,1.04,1.048
-1.072,-1.096,-1.092,-1.088,-1.088,-1.076,-1.072,1.052,1.056,1.076,1.068,1.084,1.076,1.08,-1.044,-1.028,-0.976,0.96,0.964,-0.968,-1.088,-1.092,-1.092,1.1,1.08,1.024,-1.032,1.008,1.008,0.94,0.952,0.94,0.936,0.932,0.936,-0.992,-0.984,-0.972,0.956,0.952,-0.948,-0.94,0.936,0.952,-0.936,-0.932,-0.92,-0.92,1.08,-1.08,-1.072,-1.072,-1.064,-1.04,-1.032,0.972,0.972,0.968,0.972,-0.968,0.92,-0.9,-0.904,-1.08,1.12,1.108,-1.096,-1.104,-1.076,-1.072,-1.084,-1.092,-1.088,-1.08,1.08,1.04,1.052,1.048,1.044,1.068,1.056,1.052,-1,-0.996,-0.992,-0.988,-0.968,0.964,0.964,-1.032,-1.04,-1.032,-1.024,-1.032,-1.036,-1.008,-0.976,-0.996,-1.008,1.024,1.04,1.044,1.044,-1.076,-1.072,-1.064,-1.08,1.076,1.076,-1.06,1.064,-1.036,-1.04,1.024,1.004,-1.036,-1.044,-1.032,1.028,1.02,1.012,0.996,-1.032,-1.06,1.092,1.08,1.072,1.076,1.048,-1.076,1.112,1.116,1.12,1.08,-1.076,0.936,0.92,0.92,0.92,0.924,0.912,0.948,1.048,1.036,-1.064,1.1,1.1,1.104,1.108,1.064,-1.068,-1.06,1.084,1.056,1.044,1.056,1.06,1.068,1.072,1.06,-1.084,-1.076,-1.072,-1.084,-1.08,1.1,1.104,-0.9,-0.896,-0.9,0.912,-0.908,-0.92,-0.924,-0.94,1,-0.992,-0.992,-0.992,-1.02,1.004,1.024,1.012,-1.004,-1.024,-1.056,-1.08,1.064,1.056,1.06,1.06,-1.036,1.004,1.004,-1.008,1.016,1.008,1.004,-1,-0.98,-0.976,-0.98,-0.988,-0.98,-0.984,1,1.008,-1.056,-1.064,-1.068,-1.068,-1.064,-1.076,1.048,-1.044,-1.064,-1.064,-1.08,-1.096,-1.08,-1.068,-1.064,-1.08,-1.08,-1.052,-1.036,1.052,1.04,-0.964,0.944,0.904,0.896,1.084,1.08,1.1,1.112,-1.084,-1.092,1.052,1.052,1.064,1.072,-0.924,0.932,-0.952,-0.956,0.94,-0.948,-0.96,-0.96,-0.964,-0.976,0.976,-0.984,-0.972,-0.964,-0.928,-0.932,-0.932,-0.936,-1.012,-1.004,0.972,0.996,-1.012,1.02,1.028,1.04,1.048
-1.072,-1.096,-1.092,-1.088,-1.088,-1.076,-1.072,1.052,1.056,1.076,1.068,1.084,1.076,1.08,-1.044,-1.028,-0.976,0.96,0.964,-0.968,0.912,0.908,0.908,-0.9,1.08,1.024,-1.032,1.008,1.008,0.94,0.952,0.94,0.936,0.932,0.936,-0.992,-0.984,-0.972,0.956,0.952,-0.948,-0.94,0.936,0.952,-0.936,-0.932,-0.92,1.08,1.08,-1.08,-1.072,-1.072,-1.064,-1.04,-1.032,0.972,0.972,0.968,0.972,-0.968,0.92,-0.9,-0.904,0.92,-0.88,-0.892,0.904,0.896,0.924,0.928,0.916,0.908,0.912,0.92,1.08,-0.96,-0.948,-0.952,-0.956,-0.932,-0.944,-0.948,1,1.004,1.008,1.012,1.032,-1.036,-1.036,-1.032,-1.04,-1.032,-1.024,-1.032,-1.036,-1.008,-0.976,-0.996,-1.008,1.024,1.04,1.044,1.044,-1.076,-1.072,-1.064,-1.08,1.076,1.076,-1.06,1.064,-1.036,-1.04,1.024,1.004,-1.036,-1.044,-1.032,-0.972,-0.98,-0.988,-1.004,-1.032,-1.06,1.092,1.08,1.072,1.076,1.048,-1.076,1.112,1.116,1.12,1.08,-1.076,-1.064,-1.08,-1.08,-1.08,-1.076,-1.088,0.948,1.048,1.036,-1.064,1.1,1.1,1.104,1.108,1.064,-1.068,-1.06,1.084,1.056,1.044,1.056,1.06,1.068,1.072,1.06,-1.084,-1.076,-1.072,-1.084,-1.08,1.1,1.104,1.1,1.104,1.1,-1.088,1.092,1.08,1.076,1.06,-1,1.008,1.008,1.008,0.98,-0.996,-0.976,1.012,-1.004,-1.024,-1.056,-1.08,1.064,1.056,1.06,1.06,0.964,-0.996,-0.996,0.992,-0.984,-0.992,-0.996,-1,-0.98,-0.976,-0.98,-0.988,-0.98,-0.984,1,1.008,-1.056,-1.064,-1.068,-1.068,-1.064,-1.076,1.048,-1.044,-1.064,-1.064,-1.08,-1.096,-1.08,-1.068,-1.064,0.92,0.92,0.948,0.964,-0.948,-0.96,1.036,-1.056,-1.096,-1.104,1.084,1.08,1.1,1.112,-1.084,-1.092,1.052,1.052,1.064,1.072,1.076,-1.068,1.048,1.044,-1.06,1.052,1.04,1.04,1.036,1.024,-1.024,1.016,1.028,1.036,1.072,1.068,1.068,1.064,0.988,0.996,-1.028,-1.004,0.988,1.02,1.028,1.04,1.048
-1.072,-1.096,-1.092,-1.088,-1.088,-1.076,-1.072,1.052,1.056,1.076,1.068,1.084,1.076,1.08,-1.044,-1.028,1.024,-1.04,-1.036,1.032,-1.088,-1.092,-1.092,1.1,1.08,1.024,-1.032,1.008,1.008,0.94,0.952,0.94,0.936,0.932,0.936,-0.992,-0.984,-0.972,0.956,0.952,-0.948,-0.94,-1.064,-1.048,1.064,1.068,1.08,1.08,1.08,-1.08,-1.072,-1.072,-1.064,-1.04,-1.032,0.972,0.972,0.968,0.972,-0.968,0.92,1.1,1.096,-1.08,1.12,1.108,-1.096,-1.104,-1.076,-1.072,-1.084,-1.092,-1.088,-1.08,1.08,1.04,1.052,1.048,1.044,1.068,1.056,1.052,-1,-0.996,-0.992,-0.988,-0.968,0.964,0.964,0.968,0.96,0.968,0.976,0.968,0.964,-1.008,-0.976,-0.996,-1.008,1.024,1.04,1.044,1.044,-1.076,-1.072,-1.064,-1.08,1.076,1.076,-1.06,1.064,-1.036,-1.04,1.024,1.004,-1.036,-1.044,-1.032,1.028,1.02,1.012,0.996,0.968,0.94,-0.908,-0.92,-0.928,-0.924,1.048,-1.076,1.112,1.116,1.12,1.08,-1.076,0.936,0.92,0.92,0.92,0.924,0.912,0.948,1.048,1.036,-1.064,1.1,1.1,1.104,1.108,1.064,-1.068,-1.06,1.084,1.056,1.044,1.056,1.06,1.068,1.072,1.06,0.916,0.924,0.928,0.916,0.92,-0.9,-0.896,-0.9,-0.896,-0.9,0.912,-0.908,-0.92,-0.924,-0.94,1,-0.992,-0.992,-0.992,-1.02,1.004,1.024,1.012,-1.004,-1.024,-1.056,-1.08,1.064,1.056,1.06,1.06,-1.036,-0.996,-0.996,0.992,-0.984,-0.992,-0.996,-1,-0.98,-0.976,-0.98,-0.988,-0.98,-0.984,1,1.008,-1.056,-1.064,-1.068,-1.068,-1.064,-1.076,1.048,-1.044,-1.064,-1.064,-1.08,-1.096,-1.08,-1.068,-1.064,-1.08,-1.08,-1.052,-1.036,1.052,1.04,1.036,-1.056,-1.096,-1.104,1.084,1.08,1.1,1.112,-1.084,-1.092,1.052,1.052,1.064,1.072,1.076,-1.068,1.048,-0.956,0.94,-0.948,-0.96,-0.96,-0.964,-0.976,0.976,-0.984,-0.972,-0.964,-0.928,-0.932,-0.932,-0.936,-1.012,-1.004,0.972,0.996,-1.012,1.02,1.028,1.04,1.048
-1.072,-1.096,-1.092,-1.088,-1.088,-1.076,-1.072,1.052,-0.944,-0.924,-0.932,-0.916,-0.924,-0.92,0.956,0.972,1.024,-1.04,-1.036,1.032,-1.088,-1.092,-1.092,1.1,1.08,1.024,-1.032,1.008,1.008,0.94,0.952,0.94,0.936,0.932,0.936,-0.992,-0.984,-0.972,0.956,0.952,-0.948,-0.94,-1.064,-1.048,1.064,1.068,1.08,1.08,1.08,-1.08,-1.072,-1.072,-1.064,-1.04,-1.032,0.972,0.972,0.968,0.972,-0.968,0.92,-0.9,-0.904,0.92,-0.88,-0.892,0.904,0.896,-1.076,-1.072,-1.084,-1.092,-1.088,-1.08,1.08,1.04,1.052,1.048,1.044,1.068,1.056,1.052,-1,-0.996,-0.992,1.012,1.032,-1.036,-1.036,-1.032,-1.04,-1.032,-1.024,-1.032,-1.036,-1.008,-0.976,-0.996,-1.008,1.024,1.04,1.044,1.044,-1.076,-1.072,-1.064,-1.08,1.076,1.076,-1.06,1.064,-1.036,-1.04,1.024,1.004,-1.036,-1.044,-1.032,1.028,1.02,1.012,0.996,0.968,0.94,-0.908,-0.92,-0.928,-0.924,-0.952,0.924,-0.888,-0.884,1.12,1.08,-1.076,-1.064,-1.08,-1.08,-1.08,-1.076,-1.088,-1.052,1.048,1.036,-1.064,1.1,1.1,1.104,1.108,1.064,-1.068,-1.06,1.084,1.056,1.044,1.056,1.06,1.068,1.072,1.06,-1.084,-1.076,-1.072,-1.084,-1.08,1.1,-0.896,-0.9,-0.896,-0.9,0.912,-0.908,-0.92,-0.924,-0.94,1,-0.992,-0.992,-0.992,-1.02,1.004,1.024,1.012,-1.004,-1.024,-1.056,-1.08,1.064,1.056,-0.94,-0.94,0.964,-0.996,-0.996,0.992,-0.984,-0.992,-0.996,-1,-0.98,-0.976,-0.98,-0.988,-0.98,-0.984,1,1.008,-1.056,-1.064,-1.068,-1.068,-1.064,-1.076,1.048,-1.044,-1.064,-1.064,-1.08,-1.096,-1.08,-1.068,-1.064,-1.08,-1.08,-1.052,-1.036,1.052,1.04,1.036,-1.056,-1.096,-1.104,1.084,1.08,1.1,1.112,-1.084,-1.092,1.052,1.052,1.064,1.072,1.076,-1.068,1.048,1.044,-1.06,1.052,1.04,1.04,1.036,1.024,-1.024,1.016,1.028,1.036,1.072,1.068,1.068,1.064,0.988,0.996,-1.028,-1.004,0.988,1.02,1.028,1.04,1.048
-1.072,-1.096,-1.092,-1.088,-1.088,-1.076,-1.072,1.052,1.056,1.076,1.068,1.084,1.076,1.08,-1.044,-1.028,-0.976,0.96,-1.036,1.032,-1.088,-1.092,-1.092,1.1,1.08,-0.976,0.968,-0.992,-0.992,-1.06,-1.048,-1.06,-1.064,-1.068,-1.064,1.008,1.016,1.028,-1.044,-1.048,1.052,1.06,-1.064,-1.048,1.064,1.068,1.08,1.08,1.08,-1.08,-1.072,-1.072,-1.064,-1.04,-1.032,-1.028,-1.028,-1.032,-1.028,1.032,-1.08,1.1,1.096,-1.08,1.12,1.108,-1.096,-1.104,-1.076,-1.072,-1.084,-1.092,-1.088,-1.08,1.08,1.04,1.052,1.048,1.044,1.068,1.056,1.052,-1,-0.996,-0.992,-0.988,-0.968,0.964,0.964,0.968,0.96,-1.032,-1.024,-1.032,-1.036,-1.008,-0.976,-0.996,-1.008,1.024,1.04,1.044,1.044,-1.076,-1.072,-1.064,-1.08,1.076,1.076,-1.06,1.064,-1.036,-1.04,1.024,1.004,-1.036,-1.044,-1.032,1.028,1.02,-0.988,-1.004,-1.032,-1.06,1.092,1.08,1.072,1.076,1.048,-1.076,1.112,1.116,1.12,1.08,-1.076,-1.064,-1.08,-1.08,-1.08,-1.076,-1.088,-1.052,-0.952,-0.964,0.936,-0.9,-0.9,-0.896,1.108,1.064,-1.068,-1.06,1.084,1.056,1.044,1.056,1.06,1.068,1.072,1.06,-1.084,-1.076,-1.072,-1.084,-1.08,1.1,1.104,1.1,1.104,1.1,-1.088,1.092,1.08,1.076,1.06,-1,1.008,1.008,1.008,0.98,1.004,1.024,1.012,-1.004,-1.024,-1.056,-1.08,1.064,1.056,1.06,1.06,0.964,-0.996,-0.996,0.992,-0.984,-0.992,-0.996,-1,-0.98,-0.976,-0.98,-0.988,-0.98,-0.984,1,1.008,-1.056,-1.064,-1.068,-1.068,-1.064,-1.076,1.048,-1.044,-1.064,-1.064,-1.08,-1.096,-1.08,-1.068,-1.064,-1.08,-1.08,-1.052,-1.036,1.052,1.04,1.036,-1.056,-1.096,-1.104,1.084,1.08,1.1,1.112,-1.084,-1.092,1.052,1.052,1.064,-0.928,-0.924,0.932,-0.952,-0.956,0.94,-0.948,-0.96,-0.96,-0.964,-0.976,0.976,-0.984,-0.972,-0.964,-0.928,-0.932,-0.932,-0.936,-1.012,-1.004,0.972,0.996,-1.012,1.02,1.028,1.04,1.048
-1.072,0.904,0.908,0.912,0.912,0.924,0.928,-0.948,-0.944,-0.924,-0.932,-0.916,-0.924,-0.92,0.956,0.972,1.024,-1.04,-1.036,1.032,-1.088,-1.092,-1.092,1.1,1.08,1.024,-1.032,1.008,1.008,0.94,0.952,0.94,0.936,0.932,0.936,1.008,1.016,1.028,-1.044,-1.048,1.052,1.06,-1.064,-1.048,1.064,1.068,1.08,1.08,1.08,-1.08,-1.072,-1.072,-1.064,-1.04,-1.032,0.972,0.972,0.968,0.972,-0.968,0.92,-0.9,-0.904,0.92,-0.88,-0.892,0.904,0.896,0.924,0.928,0.916,-1.092,-1.088,-1.08,1.08,1.04,1.052,1.048,1.044,1.068,1.056,1.052,-1,-0.996,-0.992,-0.988,-0.968,0.964,0.964,0.968,0.96,0.968,0.976,0.968,0.964,-1.008,-0.976,-0.996,-1.008,1.024,1.04,1.044,1.044,-1.076,-1.072,-1.064,-1.08,1.076,1.076,-1.06,1.064,-1.036,-1.04,1.024,1.004,0.964,0.956,0.968,-0.972,-0.98,-0.988,-1.004,-1.032,-1.06,1.092,1.08,1.072,1.076,1.048,-1.076,1.112,1.116,1.12,1.08,-1.076,-1.064,-1.08,-1.08,-1.08,-1.076,-1.088,0.948,1.048,1.036,-1.064,1.1,1.1,1.104,1.108,1.064,-1.068,-1.06,1.084,1.056,1.044,1.056,1.06,1.068,1.072,1.06,-1.084,-1.076,-1.072,-1.084,-1.08,1.1,1.104,1.1,1.104,1.1,-1.088,1.092,1.08,1.076,1.06,-1,-0.992,-0.992,-0.992,-1.02,1.004,1.024,1.012,-1.004,-1.024,-1.056,-1.08,1.064,1.056,1.06,1.06,-1.036,1.004,1.004,-1.008,1.016,1.008,1.004,1,1.02,1.024,1.02,1.012,1.02,1.016,-1,-0.992,0.944,0.936,0.932,0.932,0.936,0.924,-0.952,-1.044,-1.064,-1.064,-1.08,-1.096,-1.08,-1.068,-1.064,-1.08,-1.08,-1.052,-1.036,1.052,1.04,1.036,-1.056,-1.096,-1.104,1.084,1.08,1.1,1.112,-1.084,-1.092,1.052,1.052,1.064,1.072,1.076,-1.068,1.048,1.044,-1.06,1.052,1.04,1.04,1.036,1.024,-1.024,1.016,1.028,1.036,1.072,1.068,1.068,1.064,0.988,0.996,-1.028,0.996,-1.012,1.02,1.028,1.04,1.048
-1.072,-1.096,-1.092,-1.088,-1.088,-1.076,-1.072,1.052,1.056,1.076,1.068,1.084,1.076,1.08,-1.044,-1.028,-0.976,0.96,0.964,-0.968,-1.088,-1.092,-1.092,1.1,1.08,1.024,-1.032,1.008,1.008,0.94,0.952,0.94,0.936,0.932,0.936,-0.992,-0.984,-0.972,0.956,0.952,-0.948,-0.94,0.936,0.952,-0.936,-0.932,-0.92,-0.92,1.08,-1.08,-1.072,-1.072,-1.064,-1.04,-1.032,0.972,0.972,0.968,0.972,-0.968,0.92,-0.9,-0.904,0.92,-0.88,-0.892,0.904,0.896,-1.076,-1.072,-1.084,-1.092,-1.088,-1.08,1.08,1.04,1.052,1.048,1.044,1.068,1.056,1.052,-1,-0.996,-0.992,-0.988,-0.968,0.964,0.964,0.968,0.96,0.968,0.976,0.968,0.964,-1.008,-0.976,-0.996,-1.008,1.024,1.04,1.044,1.044,-1.076,-1.072,-1.064,-1.08,1.076,1.076,-1.06,1.064,-1.036,-1.04,1.024,1.004,-1.036,-1.044,-1.032,1.028,1.02,1.012,0.996,0.968,0.94,-0.908,1.08,1.072,1.076,1.048,-1.076,1.112,1.116,1.12,1.08,-1.076,-1.064,-1.08,-1.08,-1.08,-1.076,-1.088,-1.052,-0.952,-0.964,0.936,-0.9,-0.9,-0.896,1.108,1.064,-1.068,-1.06,1.084,1.056,1.044,1.056,1.06,1.068,1.072,1.06,-1.084,-1.076,-1.072,-1.084,-1.08,1.1,1.104,1.1,1.104,1.1,-1.088,1.092,1.08,1.076,1.06,-1,1.008,1.008,1.008,0.98,1.004,1.024,1.012,-1.004,-1.024,-1.056,-1.08,1.064,1.056,1.06,1.06,-1.036,1.004,1.004,-1.008,1.016,1.008,1.004,1,1.02,1.024,1.02,1.012,1.02,1.016,-1,-0.992,-1.056,-1.064,-1.068,-1.068,-1.064,-1.076,1.048,-1.044,-1.064,-1.064,-1.08,-1.096,-1.08,-1.068,-1.064,-1.08,-1.08,-1.052,-1.036,1.052,1.04,1.036,-1.056,-1.096,-1.104,1.084,1.08,1.1,1.112,-1.084,-1.092,1.052,1.052,1.064,1.072,1.076,-1.068,1.048,1.044,-1.06,1.052,1.04,1.04,1.036,1.024,-1.024,1.016,1.028,1.036,1.072,1.068,1.068,1.064,0.988,0.996,-1.028,-1.004,0.988,1.02,1.028,1.04,1.048
0.928,0.904,0.908,0.912,0.912,0.924,0.928,-0.948,-0.944,-0.924,-0.932,-0.916,-0.924,-0.92,0.956,0.972,1.024,0.96,0.964,-0.968,0.912,0.908,0.908,-0.9,-0.92,-0.976,-1.032,1.008,1.008,0.94,0.952,0.94,0.936,0.932,0.936,-0.992,-0.984,-0.972,0.956,0.952,-0.948,-0.94,0.936,0.952,-0.936,-0.932,-0.92,-0.92,-0.92,0.92,0.928,0.928,0.936,0.96,0.968,-1.028,-1.028,-1.032,-1.028,1.032,-1.08,1.1,1.096,-1.08,1.12,1.108,-1.096,0.896,0.924,0.928,0.916,0.908,0.912,0.92,-0.92,-0.96,-0.948,-0.952,-0.956,-0.932,-0.944,-0.948,1,1.004,1.008,1.012,1.032,-1.036,-1.036,-1.032,-1.04,-1.032,-1.024,-1.032,-1.036,-1.008,-0.976,-0.996,-1.008,1.024,1.04,1.044,1.044,-1.076,0.928,0.936,0.92,-0.924,-0.924,0.94,-0.936,0.964,0.96,-0.976,-0.996,0.964,0.956,0.968,-0.972,-0.98,-0.988,-1.004,-1.032,0.94,-0.908,-0.92,-0.928,-0.924,-0.952,0.924,-0.888,-0.884,-0.88,-0.92,0.924,0.936,0.92,0.92,0.92,0.924,0.912,-1.052,-0.952,-0.964,0.936,-0.9,-0.9,-0.896,-0.892,-0.936,0.932,0.94,-0.916,-0.944,-0.956,-0.944,-0.94,-0.932,-0.928,-0.94,0.916,0.924,0.928,0.916,0.92,-0.9,-0.896,1.1,1.104,1.1,-1.088,1.092,1.08,1.076,1.06,-1,1.008,1.008,1.008,0.98,-0.996,-0.976,-0.988,0.996,0.976,0.944,0.92,-0.936,-0.944,-0.94,-0.94,0.964,-0.996,-0.996,0.992,-0.984,-0.992,-0.996,-1,-0.98,-0.976,-0.98,-0.988,-0.98,-0.984,1,1.008,-1.056,-1.064,-1.068,0.932,0.936,0.924,-0.952,0.956,0.936,0.936,0.92,0.904,-1.08,-1.068,-1.064,-1.08,-1.08,-1.052,-1.036,1.052,1.04,-0.964,0.944,0.904,0.896,-0.916,-0.92,-0.9,-0.888,0.916,0.908,-0.948,-0.948,-0.936,-0.928,-0.924,0.932,1.048,1.044,-1.06,1.052,1.04,1.04,1.036,1.024,-1.024,1.016,1.028,1.036,1.072,1.068,1.068,1.064,0.988,0.996,-1.028,-1.004,0.988,-0.98,-0.972,-0.96,-0.952
-1.072,0.904,0.908,0.912,0.912,0.924,0.928,-0.948,-0.944,-0.924,-0.932,-0.916,-0.924,-0.92,0.956,0.972,1.024,-1.04,-1.036,1.032,-1.088,-1.092,-1.092,1.1,1.08,-0.976,0.968,-0.992,-0.992,-1.06,-1.048,-1.06,-1.064,-1.068,-1.064,1.008,1.016,1.028,-1.044,-1.048,1.052,1.06,-1.064,-1.048,1.064,1.068,1.08,1.08,1.08,-1.08,-1.072,-1.072,-1.064,-1.04,-1.032,0.972,0.972,0.968,0.972,-0.968,-1.08,1.1,1.096,-1.08,1.12,1.108,-1.096,-1.104,-1.076,-1.072,-1.084,-1.092,-1.088,-1.08,1.08,1.04,1.052,1.048,1.044,1.068,1.056,1.052,-1,-0.996,-0.992,-0.988,-0.968,0.964,0.964,0.968,0.96,0.968,0.976,0.968,0.964,-1.008,-0.976,-0.996,-1.008,1.024,1.04,1.044,1.044,-1.076,-1.072,-1.064,-1.08,1.076,1.076,-1.06,1.064,-1.036,-1.04,1.024,1.004,-1.036,-1.044,-1.032,1.028,1.02,1.012,0.996,0.968,0.94,-0.908,-0.92,-0.928,-0.924,-0.952,0.924,1.112,1.116,1.12,1.08,-1.076,0.936,0.92,0.92,0.92,0.924,0.912,0.948,1.048,1.036,-1.064,1.1,1.1,1.104,1.108,1.064,-1.068,-1.06,1.084,1.056,1.044,1.056,1.06,1.068,1.072,1.06,-1.084,-1.076,-1.072,-1.084,-1.08,1.1,1.104,1.1,1.104,1.1,-1.088,1.092,1.08,1.076,1.06,-1,1.008,1.008,1.008,0.98,1.004,1.024,1.012,-1.004,-1.024,-1.056,-1.08,1.064,1.056,1.06,1.06,-1.036,1.004,1.004,-1.008,1.016,1.008,1.004,1,1.02,1.024,1.02,1.012,1.02,1.016,-1,-0.992,-1.056,-1.064,-1.068,-1.068,-1.064,-1.076,1.048,-1.044,-1.064,-1.064,-1.08,-1.096,-1.08,-1.068,-1.064,-1.08,-1.08,-1.052,-1.036,1.052,1.04,1.036,-1.056,-1.096,-1.104,1.084,1.08,1.1,1.112,-1.084,-1.092,1.052,1.052,1.064,1.072,-0.924,0.932,-0.952,-0.956,0.94,-0.948,-0.96,-0.96,-0.964,-0.976,0.976,-0.984,-0.972,-0.964,-0.928,-0.932,-0.932,-0.936,-1.012,-1.004,0.972,0.996,-1.012,1.02,1.028,1.04,1.048
-1.072,-1.096,-1.092,-1.088,-1.088,-1.076,-1.072,1.052,1.056,1.076,1.068,1.084,1.076,1.08,-1.044,-1.028,-0.976,0.96,0.964,-0.968,-1.088,-1.092,-1.092,1.1,1.08,1.024,-1.032,1.008,1.008,0.94,0.952,0.94,0.936,0.932,0.936,-0.992,-0.984,-0.972,0.956,0.952,-0.948,-0.94,-1.064,-1.048,1.064,1.068,1.08,1.08,1.08,-1.08,-1.072,-1.072,-1.064,-1.04,-1.032,0.972,0.972,0.968,0.972,-0.968,-1.08,1.1,1.096,-1.08,1.12,1.108,-1.096,-1.104,-1.076,-1.072,-1.084,-1.092,-1.088,-1.08,1.08,1.04,1.052,1.048,1.044,1.068,1.056,1.052,-1,-0.996,-0.992,-0.988,-0.968,0.964,0.964,0.968,0.96,0.968,0.976,0.968,0.964,0.992,1.024,1.004,0.992,1.024,1.04,1.044,1.044,-1.076,-1.072,-1.064,-1.08,1.076,1.076,-1.06,1.064,-1.036,-1.04,1.024,1.004,-1.036,-1.044,-1.032,1.028,1.02,1.012,0.996,0.968,-1.06,1.092,1.08,1.072,1.076,1.048,-1.076,1.112,1.116,1.12,1.08,-1.076,-1.064,-1.08,-1.08,-1.08,-1.076,-1.088,0.948,1.048,1.036,-1.064,1.1,1.1,1.104,1.108,1.064,-1.068,-1.06,1.084,1.056,1.044,1.056,1.06,1.068,1.072,1.06,-1.084,-1.076,-1.072,-1.084,-1.08,-0.9,-0.896,-0.9,-0.896,-0.9,0.912,-0.908,-0.92,-0.924,-0.94,1,-0.992,-0.992,-0.992,-1.02,1.004,1.024,1.012,-1.004,-1.024,-1.056,-1.08,1.064,1.056,1.06,1.06,-1.036,1.004,1.004,-1.008,1.016,1.008,1.004,1,1.02,1.024,1.02,1.012,1.02,1.016,-1,-0.992,-1.056,-1.064,-1.068,-1.068,-1.064,-1.076,1.048,-1.044,-1.064,-1.064,-1.08,-1.096,-1.08,-1.068,-1.064,-1.08,-1.08,0.948,0.964,-0.948,-0.96,1.036,-1.056,-1.096,-1.104,1.084,1.08,1.1,1.112,-1.084,-1.092,1.052,1.052,1.064,1.072,1.076,-1.068,1.048,1.044,-1.06,1.052,1.04,1.04,1.036,1.024,-1.024,1.016,1.028,1.036,1.072,1.068,1.068,1.064,0.988,0.996,-1.028,-1.004,0.988,1.02,1.028,1.04,1.048
-1.072,-1.096,-1.092,-1.088,-1.088,-1.076,-1.072,1.052,1.056,1.076,1.068,1.084,1.076,1.08,-1.044,-1.028,-0.976,0.96,0.964,1.032,-1.088,-1.092,-1.092,1.1,1.08,1.024,-1.032,1.008,1.008,0.94,0.952,0.94,0.936,0.932,0.936,1.008,1.016,1.028,-1.044,-1.048,1.052,1.06,-1.064,-1.048,1.064,1.068,1.08,1.08,1.08,-1.08,-1.072,-1.072,-1.064,-1.04,-1.032,0.972,0.972,0.968,0.972,-0.968,0.92,-0.9,-0.904,0.92,-0.88,-0.892,-1.096,-1.104,-1.076,-1.072,-1.084,-1.092,-1.088,-1.08,1.08,1.04,1.052,1.048,1.044,1.068,1.056,1.052,-1,-0.996,-0.992,-0.988,-0.968,-1.036,-1.036,-1.032,-1.04,-1.032,-1.024,-1.032,-1.036,-1.008,-0.976,-0.996,-1.008,1.024,1.04,1.044,1.044,-1.076,-1.072,-1.064,-1.08,1.076,1.076,-1.06,1.064,-1.036,-1.04,1.024,1.004,0.964,0.956,0.968,-0.972,-0.98,-0.988,-1.004,-1.032,-1.06,1.092,1.08,1.072,1.076,1.048,-1.076,1.112,1.116,1.12,1.08,-1.076,0.936,0.92,0.92,0.92,0.924,0.912,0.948,1.048,1.036,-1.064,1.1,1.1,1.104,1.108,1.064,-1.068,-1.06,1.084,1.056,1.044,1.056,1.06,1.068,1.072,1.06,0.916,0.924,0.928,0.916,0.92,-0.9,-0.896,-0.9,-0.896,-0.9,0.912,-0.908,-0.92,-0.924,-0.94,1,-0.992,-0.992,-0.992,-1.02,1.004,1.024,1.012,-1.004,-1.024,-1.056,-1.08,1.064,1.056,1.06,1.06,-1.036,1.004,1.004,-1.008,1.016,1.008,1.004,1,1.02,1.024,1.02,1.012,1.02,1.016,-1,-0.992,0.944,0.936,0.932,0.932,0.936,0.924,1.048,-1.044,-1.064,-1.064,-1.08,-1.096,-1.08,-1.068,-1.064,-1.08,-1.08,0.948,0.964,-0.948,-0.96,1.036,-1.056,-1.096,-1.104,1.084,1.08,1.1,1.112,-1.084,-1.092,1.052,1.052,1.064,1.072,1.076,-1.068,1.048,1.044,-1.06,1.052,1.04,1.04,1.036,1.024,-1.024,1.016,1.028,1.036,1.072,1.068,1.068,1.064,-1.012,-1.004,0.972,0.996,-1.012,1.02,1.028,1.04,1.048
0.928,0.904,0.908,0.912,0.912,0.924,0.928,-0.948,-0.944,-0.924,-0.932,-0.916,-0.924,-0.92,0.956,0.972,-0.976,0.96,0.964,-0.968,0.912,0.908,0.908,-0.9,-0.92,1.024,-1.032,1.008,1.008,0.94,0.952,0.94,0.936,0.932,0.936,-0.992,-0.984,-0.972,0.956,0.952,-0.948,-0.94,0.936,0.952,-0.936,-0.932,-0.92,-0.92,-0.92,0.92,0.928,0.928,0.936,0.96,0.968,0.972,0.972,0.968,0.972,-0.968,0.92,-0.9,-0.904,0.92,-0.88,-0.892,0.904,0.896,0.924,0.928,0.916,0.908,0.912,0.92,-0.92,-0.96,-0.948,-0.952,-0.956,-0.932,-0.944,-0.948,1,1.004,1.008,1.012,1.032,-1.036,-1.036,-1.032,-1.04,-1.032,-1.024,-1.032,-1.036,-1.008,-0.976,-0.996,-1.008,-0.976,-0.96,-0.956,-0.956,0.924,0.928,0.936,0.92,-0.924,-0.924,0.94,-0.936,0.964,0.96,-0.976,-0.996,0.964,0.956,0.968,-0.972,-0.98,1.012,0.996,0.968,0.94,-0.908,-0.92,-0.928,-0.924,-0.952,0.924,-0.888,-0.884,-0.88,-0.92,0.924,0.936,0.92,0.92,0.92,0.924,0.912,0.948,-0.952,-0.964,0.936,-0.9,-0.9,-0.896,-0.892,-0.936,0.932,0.94,-0.916,-0.944,-0.956,-0.944,-0.94,-0.932,-0.928,-0.94,0.916,0.924,0.928,0.916,0.92,-0.9,-0.896,-0.9,-0.896,-0.9,0.912,-0.908,-0.92,-0.924,-0.94,1,-0.992,-0.992,-0.992,-1.02,1.004,-0.976,-0.988,0.996,0.976,0.944,0.92,-0.936,-0.944,-0.94,-0.94,0.964,1.004,1.004,-1.008,1.016,1.008,1.004,1,1.02,1.024,1.02,1.012,1.02,1.016,-1,-0.992,0.944,0.936,0.932,0.932,0.936,0.924,-0.952,0.956,0.936,0.936,0.92,0.904,0.92,0.932,0.936,0.92,0.92,-1.052,-1.036,1.052,1.04,-0.964,0.944,0.904,0.896,-0.916,-0.92,-0.9,-0.888,0.916,0.908,-0.948,-0.948,-0.936,-0.928,-0.924,0.932,-0.952,-0.956,0.94,-0.948,-0.96,-0.96,-0.964,-0.976,0.976,-0.984,-0.972,-0.964,-0.928,-0.932,-0.932,-0.936,-1.012,-1.004,0.972,-1.004,0.988,-0.98,-0.972,-0.96,-0.952
-1.072,-1.096,-1.092,-1.088,-1.088,-1.076,-1.072,1.052,1.056,1.076,1.068,1.084,1.076,1.08,-1.044,-1.028,-0.976,0.96,0.964,-0.968,0.912,0.908,0.908,-0.9,1.08,1.024,-1.032,1.008,1.008,0.94,0.952,0.94,0.936,0.932,0.936,-0.992,-0.984,-0.972,0.956,0.952,-0.948,-0.94,0.936,0.952,-0.936,-0.932,-0.92,-0.92,1.08,-1.08,-1.072,-1.072,-1.064,-1.04,-1.032,0.972,-1.028,-1.032,-1.028,1.032,-1.08,1.1,1.096,-1.08,1.12,1.108,-1.096,-1.104,-1.076,-1.072,-1.084,-1.092,-1.088,-1.08,1.08,1.04,1.052,1.048,1.044,1.068,1.056,1.052,-1,-0.996,-0.992,-0.988,-0.968,0.964,0.964,0.968,0.96,0.968,0.976,0.968,0.964,0.992,-0.976,-0.996,-1.008,1.024,1.04,1.044,1.044,-1.076,-1.072,-1.064,-1.08,1.076,1.076,-1.06,1.064,-1.036,-1.04,1.024,1.004,-1.036,-1.044,-1.032,-0.972,-0.98,-0.988,-1.004,-1.032,-1.06,1.092,1.08,1.072,1.076,1.048,-1.076,1.112,1.116,1.12,1.08,-1.076,-1.064,-1.08,-1.08,-1.08,-1.076,-1.088,0.948,1.048,1.036,-1.064,1.1,1.1,1.104,1.108,1.064,-1.068,-1.06,1.084,1.056,1.044,1.056,1.06,1.068,1.072,1.06,-1.084,-1.076,-1.072,-1.084,-1.08,1.1,1.104,1.1,1.104,1.1,-1.088,1.092,1.08,1.076,1.06,-1,1.008,1.008,1.008,0.98,1.004,1.024,1.012,-1.004,-1.024,-1.056,-1.08,1.064,1.056,1.06,1.06,-1.036,1.004,1.004,-1.008,1.016,1.008,1.004,1,1.02,1.024,1.02,1.012,1.02,1.016,-1,1.008,-1.056,-1.064,-1.068,-1.068,-1.064,-1.076,1.048,-1.044,-1.064,-1.064,-1.08,-1.096,-1.08,-1.068,-1.064,-1.08,-1.08,-1.052,-1.036,1.052,1.04,1.036,-1.056,-1.096,-1.104,1.084,1.08,1.1,1.112,-1.084,-1.092,1.052,1.052,1.064,1.072,1.076,-1.068,1.048,1.044,-1.06,1.052,1.04,1.04,1.036,1.024,-1.024,1.016,1.028,1.036,1.072,1.068,1.068,1.064,0.988,0.996,-1.028,-1.004,0.988,-0.98,-0.972,-0.96,-0.952
-1.072,-1.096,-1.092,-1.088,-1.088,-1.076,0.928,-0.948,-0.944,-0.924,-0.932,-0.916,-0.924,-0.92,0.956,0.972,1.024,-1.04,-1.036,1.032,-1.088,-1.092,-1.092,1.1,1.08,1.024,-1.032,1.008,1.008,0.94,0.952,0.94,0.936,0.932,0.936,1.008,1.016,1.028,-1.044,-1.048,1.052,1.06,-1.064,-1.048,1.064,1.068,1.08,1.08,1.08,-1.08,-1.072,-1.072,0.936,0.96,0.968,-1.028,-1.028,-1.032,-1.028,1.032,-1.08,1.1,1.096,-1.08,1.12,1.108,-1.096,-1.104,-1.076,-1.072,-1.084,-1.092,-1.088,-1.08,1.08,1.04,1.052,1.048,1.044,1.068,1.056,1.052,-1,-0.996,-0.992,-0.988,-0.968,0.964,0.964,0.968,0.96,0.968,0.976,0.968,0.964,-1.008,-0.976,-0.996,-1.008,1.024,1.04,1.044,1.044,-1.076,-1.072,-1.064,-1.08,1.076,1.076,-1.06,1.064,-1.036,-1.04,1.024,1.004,0.964,0.956,0.968,-0.972,-0.98,-0.988,-1.004,-1.032,-1.06,1.092,1.08,1.072,1.076,1.048,-1.076,1.112,1.116,1.12,1.08,-1.076,-1.064,0.92,0.92,0.92,0.924,0.912,0.948,1.048,1.036,-1.064,1.1,1.1,1.104,1.108,1.064,-1.068,-1.06,1.084,1.056,1.044,1.056,1.06,1.068,1.072,1.06,-1.084,0.924,0.928,0.916,0.92,-0.9,-0.896,-0.9,-0.896,-0.9,0.912,-0.908,-0.92,-0.924,-0.94,1,-0.992,-0.992,-0.992,-1.02,1.004,1.024,1.012,-1.004,-1.024,-1.056,-1.08,1.064,1.056,1.06,1.06,-1.036,-0.996,-0.996,0.992,-0.984,-0.992,-0.996,-1,-0.98,-0.976,-0.98,-0.988,-0.98,-0.984,1,1.008,-1.056,-1.064,-1.068,-1.068,-1.064,-1.076,1.048,-1.044,-1.064,-1.064,-1.08,-1.096,-1.08,-1.068,-1.064,-1.08,-1.08,-1.052,-1.036,1.052,1.04,1.036,-1.056,-1.096,-1.104,1.084,1.08,1.1,1.112,-1.084,-1.092,1.052,1.052,1.064,1.072,1.076,-1.068,1.048,1.044,-1.06,1.052,1.04,1.04,1.036,1.024,-1.024,1.016,1.028,1.036,1.072,1.068,1.068,1.064,0.988,0.996,-1.028,-1.004,0.988,1.02,1.028,1.04,1.048
0.928,0.904,0.908,0.912,0.912,0.924,0.928,-0.948,-0.944,-0.924,-0.932,-0.916,-0.924,-0.92,0.956,0.972,-0.976,0.96,0.964,-0.968,0.912,0.908,0.908,-0.9,-0.92,-0.976,0.968,-0.992,-0.992,-1.06,-1.048,-1.06,-1.064,-1.068,-1.064,1.008,1.016,1.028,0.956,0.952,-0.948,-0.94,0.936,0.952,-0.936,-0.932,-0.92,-0.92,-0.92,0.92,0.928,0.928,0.936,0.96,0.968,0.972,0.972,0.968,0.972,-0.968,0.92,-0.9,-0.904,0.92,-0.88,-0.892,0.904,0.896,0.924,0.928,0.916,0.908,0.912,0.92,-0.92,1.04,1.052,1.048,1.044,1.068,1.056,1.052,-1,-0.996,-0.992,-0.988,-0.968,0.964,0.964,0.968,0.96,0.968,0.976,0.968,0.964,0.992,1.024,1.004,0.992,-0.976,-0.96,-0.956,-0.956,0.924,0.928,0.936,0.92,-0.924,-0.924,0.94,-0.936,0.964,0.96,-0.976,-0.996,-1.036,-1.044,-1.032,1.028,1.02,1.012,0.996,0.968,0.94,-0.908,-0.92,-0.928,-0.924,-0.952,0.924,-0.888,-0.884,-0.88,-0.92,0.924,0.936,0.92,0.92,0.92,0.924,0.912,-1.052,-0.952,-0.964,0.936,-0.9,-0.9,-0.896,-0.892,-0.936,0.932,0.94,-0.916,-0.944,-0.956,-0.944,-0.94,-0.932,-0.928,-0.94,0.916,0.924,0.928,0.916,0.92,-0.9,-0.896,-0.9,-0.896,-0.9,-1.088,1.092,1.08,1.076,1.06,-1,1.008,1.008,1.008,0.98,-0.996,-0.976,-0.988,0.996,0.976,0.944,0.92,-0.936,-0.944,-0.94,-0.94,0.964,-0.996,-0.996,-1.008,1.016,1.008,1.004,1,1.02,1.024,1.02,1.012,1.02,1.016,-1,-0.992,0.944,0.936,0.932,0.932,0.936,0.924,-0.952,0.956,0.936,0.936,0.92,0.904,0.92,0.932,0.936,0.92,0.92,0.948,0.964,-0.948,-0.96,-0.964,0.944,0.904,0.896,-0.916,-0.92,-0.9,-0.888,0.916,0.908,-0.948,-0.948,-0.936,-0.928,1.076,-1.068,1.048,1.044,-1.06,1.052,1.04,1.04,1.036,1.024,-1.024,1.016,1.028,1.036,1.072,1.068,1.068,1.064,0.988,0.996,-1.028,-1.004,0.988,-0.98,-0.972,-0.96,-0.952
0.928,0.904,0.908,0.912,0.912,0.924,0.928,-0.948,-0.944,-0.924,-0.932,-0.916,-0.924,-0.92,0.956,0.972,1.024,-1.04,-1.036,1.032,-1.088,0.908,0.908,-0.9,-0.92,-0.976,0.968,-0.992,-0.992,-1.06,-1.048,-1.06,-1.064,-1.068,-1.064,1.008,1.016,1.028,-1.044,-1.048,1.052,1.06,-1.064,-1.048,1.064,1.068,-0.92,-0.92,-0.92,0.92,0.928,0.928,0.936,0.96,0.968,-1.028,-1.028,-1.032,-1.028,1.032,-1.08,1.1,1.096,-1.08,1.12,-0.892,0.904,0.896,0.924,0.928,0.916,0.908,0.912,0.92,-0.92,-0.96,-0.948,-0.952,-0.956,-0.932,-0.944,-0.948,1,1.004,1.008,1.012,1.032,-1.036,-1.036,-1.032,-1.04,-1.032,-1.024,-1.032,-1.036,-1.008,1.024,1.004,0.992,-0.976,-0.96,-0.956,-0.956,0.924,0.928,0.936,0.92,-0.924,-0.924,0.94,-0.936,0.964,0.96,-0.976,-0.996,0.964,0.956,0.968,-0.972,-0.98,-0.988,-1.004,-1.032,0.94,-0.908,-0.92,-0.928,-0.924,-0.952,0.924,-0.888,-0.884,-0.88,-0.92,0.924,0.936,0.92,0.92,0.92,0.924,0.912,0.948,1.048,1.036,0.936,-0.9,-0.9,-0.896,-0.892,-0.936,0.932,0.94,-0.916,-0.944,-0.956,-0.944,-0.94,-0.932,-0.928,-0.94,0.916,-1.076,-1.072,-1.084,-1.08,1.1,1.104,1.1,1.104,1.1,-1.088,1.092,1.08,1.076,1.06,-1,1.008,1.008,1.008,0.98,-0.996,-0.976,-0.988,0.996,0.976,0.944,0.92,-0.936,-0.944,-0.94,-0.94,0.964,1.004,1.004,-1.008,1.016,1.008,1.004,1,1.02,1.024,1.02,1.012,1.02,1.016,-1,-0.992,0.944,0.936,0.932,0.932,0.936,0.924,-0.952,0.956,0.936,0.936,0.92,0.904,0.92,0.932,0.936,0.92,0.92,0.948,0.964,-0.948,-0.96,-0.964,0.944,0.904,0.896,-0.916,-0.92,-0.9,-0.888,0.916,0.908,-0.948,-0.948,-0.936,-0.928,-0.924,0.932,-0.952,-0.956,0.94,-0.948,-0.96,-0.96,-0.964,-0.976,0.976,-0.984,-0.972,-0.964,-0.928,-0.932,-0.932,-0.936,-1.012,-1.004,0.972,0.996,-1.012,-0.98,-0.972,-0.96,-0.952
0.928,0.904,0.908,0.912,0.912,0.924,0.928,-0.948,-0.944,-0.924,-0.932,-0.916,-0.924,-0.92,0.956,0.972,1.024,0.96,0.964,-0.968,0.912,0.908,0.908,-0.9,-0.92,-0.976,-1.032,1.008,1.008,0.94,0.952,0.94,0.936,0.932,0.936,-0.992,-0.984,-0.972,0.956,0.952,-0.948,-0.94,0.936,0.952,-0.936,-0.932,-0.92,-0.92,-0.92,0.92,0.928,0.928,0.936,0.96,0.968,-1.028,-1.028,-1.032,-1.028,1.032,0.92,-0.9,-0.904,0.92,-0.88,-0.892,0.904,0.896,0.924,0.928,0.916,0.908,0.912,0.92,-0.92,-0.96,-0.948,-0.952,-0.956,-0.932,-0.944,-0.948,1,1.004,1.008,1.012,1.032,-1.036,-1.036,-1.032,-1.04,-1.032,-1.024,-1.032,-1.036,-1.008,-0.976,-0.996,-1.008,1.024,1.04,1.044,1.044,-1.076,0.928,0.936,0.92,-0.924,-0.924,0.94,-0.936,0.964,0.96,-0.976,-0.996,0.964,0.956,0.968,-0.972,-0.98,1.012,0.996,0.968,0.94,-0.908,-0.92,-0.928,-0.924,-0.952,0.924,-0.888,-0.884,-0.88,-0.92,0.924,0.936,0.92,0.92,0.92,0.924,0.912,0.948,1.048,1.036,-1.064,1.1,1.1,1.104,-0.892,-0.936,0.932,0.94,-0.916,-0.944,-0.956,-0.944,-0.94,-0.932,-0.928,-0.94,0.916,0.924,0.928,0.916,0.92,-0.9,-0.896,-0.9,-0.896,-0.9,0.912,-0.908,-0.92,-0.924,-0.94,1,-0.992,-0.992,-0.992,-1.02,-0.996,-0.976,-0.988,0.996,0.976,0.944,0.92,-0.936,-0.944,-0.94,-0.94,0.964,-0.996,-0.996,0.992,-0.984,-0.992,-0.996,-1,-0.98,-0.976,-0.98,-0.988,-0.98,-0.984,1,1.008,-1.056,-1.064,-1.068,0.932,0.936,0.924,-0.952,0.956,0.936,0.936,0.92,0.904,0.92,0.932,0.936,0.92,0.92,0.948,0.964,-0.948,-0.96,1.036,-1.056,-1.096,-1.104,1.084,1.08,1.1,1.112,0.916,0.908,-0.948,-0.948,-0.936,-0.928,-0.924,0.932,-0.952,-0.956,0.94,-0.948,-0.96,-0.96,-0.964,-0.976,0.976,-0.984,-0.972,-0.964,-0.928,-0.932,-0.932,-0.936,0.988,0.996,-1.028,-1.004,0.988,-0.98,-0.972,-0.96,-0.952
-1.072,-1.096,-1.092,-1.088,-1.088,-1.076,-1.072,1.052,1.056,1.076,1.068,1.084,1.076,1.08,-1.044,-1.028,-0.976,0.96,0.964,-0.968,-1.088,-1.092,-1.092,1.1,1.08,1.024,-1.032,1.008,1.008,-1.06,-1.048,-1.06,-1.064,-1.068,-1.064,1.008,1.016,1.028,-1.044,-1.048,1.052,1.06,-1.064,-1.048,1.064,1.068,1.08,1.08,1.08,-1.08,-1.072,-1.072,-1.064,-1.04,-1.032,-1.028,-1.028,-1.032,-1.028,1.032,-1.08,1.1,1.096,-1.08,1.12,1.108,-1.096,-1.104,-1.076,-1.072,-1.084,-1.092,-1.088,-1.08,1.08,1.04,1.052,1.048,1.044,1.068,1.056,1.052,-1,-0.996,-0.992,-0.988,-0.968,0.964,0.964,0.968,0.96,0.968,0.976,0.968,0.964,-1.008,-0.976,-0.996,-1.008,1.024,1.04,1.044,1.044,-1.076,-1.072,-1.064,-1.08,1.076,1.076,-1.06,1.064,-1.036,-1.04,1.024,1.004,-1.036,-1.044,-1.032,1.028,1.02,1.012,0.996,0.968,0.94,-0.908,-0.92,-0.928,-0.924,-0.952,-1.076,1.112,1.116,1.12,1.08,-1.076,-1.064,-1.08,-1.08,-1.08,-1.076,-1.088,-1.052,-0.952,-0.964,0.936,-0.9,-0.9,-0.896,1.108,1.064,-1.068,-1.06,-0.916,-0.944,-0.956,-0.944,-0.94,-0.932,-0.928,-0.94,0.916,0.924,0.928,0.916,0.92,-0.9,-0.896,-0.9,-0.896,-0.9,0.912,-0.908,-0.92,-0.924,-0.94,1,-0.992,-0.992,-0.992,-1.02,1.004,1.024,1.012,-1.004,-1.024,-1.056,-1.08,1.064,1.056,1.06,1.06,-1.036,1.004,1.004,-1.008,1.016,1.008,1.004,1,1.02,1.024,1.02,1.012,1.02,1.016,-1,-0.992,0.944,0.936,-1.068,-1.068,-1.064,-1.076,1.048,-1.044,-1.064,-1.064,-1.08,-1.096,-1.08,-1.068,-1.064,-1.08,-1.08,-1.052,-1.036,1.052,1.04,-0.964,0.944,0.904,0.896,1.084,1.08,1.1,1.112,-1.084,-1.092,1.052,1.052,1.064,1.072,-0.924,0.932,-0.952,-0.956,0.94,-0.948,-0.96,-0.96,-0.964,-0.976,0.976,-0.984,-0.972,-0.964,-0.928,-0.932,-0.932,-0.936,-1.012,-1.004,0.972,0.996,-1.012,1.02,1.028,1.04,1.048
0.928,0.904,0.908,0.912,0.912,0.924,0.928,-0.948,-0.944,-0.924,-0.932,-0.916,-0.924,-0.92,0.956,0.972,1.024,-1.04,-1.036,1.032,0.912,0.908,0.908,-0.9,-0.92,-0.976,0.968,-0.992,-0.992,0.94,0.952,0.94,0.936,0.932,0.936,-0.992,-0.984,-0.972,0.956,0.952,-0.948,-0.94,0.936,0.952,-0.936,-0.932,-0.92,-0.92,-0.92,0.92,0.928,0.928,0.936,0.96,0.968,0.972,0.972,0.968,0.972,-0.968,0.92,-0.9,-0.904,0.92,-0.88,-0.892,0.904,0.896,0.924,0.928,0.916,0.908,0.912,0.92,-0.92,-0.96,-0.948,-0.952,-0.956,-0.932,-0.944,-0.948,1,1.004,1.008,1.012,1.032,-1.036,-1.036,-1.032,-1.04,-1.032,-1.024,-1.032,-1.036,0.992,1.024,1.004,0.992,-0.976,-0.96,-0.956,-0.956,0.924,0.928,0.936,0.92,-0.924,-0.924,0.94,-0.936,0.964,0.96,-0.976,-0.996,0.964,0.956,0.968,-0.972,-0.98,-0.988,-1.004,-1.032,-1.06,1.092,1.08,1.072,1.076,1.048,0.924,-0.888,-0.884,-0.88,-0.92,0.924,-1.064,-1.08,-1.08,-1.08,-1.076,-1.088,-1.052,-0.952,-0.964,0.936,-0.9,-0.9,-0.896,-0.892,-0.936,0.932,0.94,-0.916,-0.944,-0.956,-0.944,-0.94,-0.932,-0.928,-0.94,0.916,0.924,0.928,0.916,0.92,-0.9,-0.896,-0.9,-0.896,-0.9,0.912,-0.908,-0.92,-0.924,-0.94,1,-0.992,-0.992,-0.992,-1.02,1.004,1.024,1.012,-1.004,-1.024,0.944,0.92,-0.936,-0.944,-0.94,-0.94,0.964,-0.996,-0.996,-1.008,1.016,1.008,1.004,1,1.02,1.024,1.02,1.012,1.02,1.016,-1,-0.992,0.944,0.936,0.932,0.932,0.936,0.924,-0.952,0.956,0.936,0.936,0.92,0.904,0.92,0.932,0.936,0.92,0.92,-1.052,-1.036,1.052,1.04,-0.964,0.944,0.904,0.896,-0.916,-0.92,-0.9,-0.888,0.916,0.908,1.052,1.052,1.064,1.072,1.076,-1.068,1.048,1.044,-1.06,1.052,1.04,1.04,1.036,1.024,-1.024,1.016,1.028,1.036,1.072,1.068,1.068,1.064,0.988,0.996,-1.028,-1.004,0.988,-0.98,-0.972,-0.96,-0.952
-1.072,-1.096,-1.092,-1.088,-1.088,-1.076,-1.072,1.052,1.056,1.076,1.068,1.084,1.076,1.08,-1.044,-1.028,-0.976,0.96,0.964,-0.968,-1.088,-1.092,-1.092,1.1,1.08,-0.976,0.968,-0.992,-0.992,-1.06,-1.048,-1.06,-1.064,-1.068,-1.064,1.008,1.016,1.028,-1.044,-1.048,1.052,1.06,-1.064,-1.048,1.064,1.068,1.08,1.08,1.08,-1.08,-1.072,-1.072,-1.064,-1.04,-1.032,0.972,0.972,0.968,0.972,-0.968,0.92,-0.9,-0.904,0.92,1.12,1.108,-1.096,-1.104,-1.076,-1.072,-1.084,-1.092,-1.088,-1.08,1.08,1.04,1.052,1.048,1.044,-0.932,-0.944,-0.948,1,1.004,1.008,1.012,1.032,-1.036,-1.036,-1.032,-1.04,-1.032,-1.024,-1.032,-1.036,-1.008,-0.976,-0.996,-1.008,1.024,1.04,1.044,1.044,-1.076,-1.072,-1.064,-1.08,1.076,1.076,-1.06,1.064,-1.036,-1.04,1.024,1.004,-1.036,-1.044,-1.032,1.028,1.02,1.012,0.996,0.968,0.94,-0.908,-0.92,-0.928,-0.924,-0.952,0.924,1.112,1.116,1.12,1.08,-1.076,-1.064,-1.08,-1.08,-1.08,-1.076,-1.088,-1.052,-0.952,-0.964,0.936,-0.9,-0.9,-0.896,1.108,1.064,-1.068,-1.06,1.084,1.056,1.044,1.056,1.06,1.068,1.072,1.06,-1.084,-1.076,-1.072,-1.084,-1.08,-0.9,-0.896,-0.9,-0.896,-0.9,0.912,-0.908,-0.92,-0.924,-0.94,1,-0.992,-0.992,-0.992,-1.02,1.004,1.024,1.012,-1.004,-1.024,-1.056,-1.08,1.064,1.056,1.06,1.06,-1.036,-0.996,-0.996,0.992,-0.984,-0.992,-0.996,-1,-0.98,-0.976,-0.98,-0.988,-0.98,-0.984,1,1.008,-1.056,-1.064,-1.068,-1.068,-1.064,-1.076,1.048,-1.044,-1.064,-1.064,-1.08,-1.096,-1.08,-1.068,-1.064,-1.08,-1.08,-1.052,0.964,-0.948,-0.96,1.036,-1.056,-1.096,-1.104,1.084,1.08,1.1,1.112,-1.084,-1.092,1.052,1.052,1.064,1.072,1.076,-1.068,1.048,1.044,-1.06,1.052,1.04,1.04,1.036,1.024,-1.024,1.016,-0.972,-0.964,-0.928,-0.932,-0.932,-0.936,-1.012,-1.004,0.972,0.996,-1.012,1.02,1.028,1.04,1.048
0.928,0.904,0.908,0.912,0.912,0.924,0.928,1.052,1.056,1.076,1.068,1.084,1.076,1.08,-1.044,-1.028,-0.976,0.96,0.964,-0.968,0.912,0.908,0.908,-0.9,-0.92,-0.976,0.968,-0.992,-0.992,0.94,0.952,0.94,0.936,0.932,0.936,-0.992,-0.984,-0.972,0.956,0.952,-0.948,-0.94,0.936,0.952,-0.936,-0.932,-0.92,-0.92,-0.92,0.92,0.928,0.928,0.936,0.96,0.968,-1.028,-1.028,-1.032,-1.028,1.032,-1.08,1.1,1.096,0.92,-0.88,-0.892,0.904,0.896,0.924,0.928,0.916,0.908,0.912,0.92,-0.92,-0.96,-0.948,-0.952,-0.956,-0.932,-0.944,-0.948,1,1.004,1.008,1.012,1.032,-1.036,-1.036,-1.032,-1.04,-1.032,-1.024,-1.032,-1.036,0.992,1.024,1.004,0.992,-0.976,-0.96,-0.956,-0.956,0.924,0.928,0.936,0.92,-0.924,-0.924,0.94,-0.936,0.964,0.96,-0.976,-0.996,0.964,0.956,0.968,-0.972,-0.98,-0.988,-1.004,-1.032,-1.06,1.092,1.08,1.072,1.076,1.048,0.924,-0.888,-0.884,-0.88,-0.92,0.924,0.936,0.92,0.92,0.92,0.924,0.912,0.948,1.048,1.036,-1.064,1.1,1.1,1.104,-0.892,-0.936,-1.068,-1.06,1.084,1.056,1.044,1.056,1.06,1.068,1.072,1.06,-1.084,-1.076,-1.072,-1.084,-1.08,1.1,1.104,1.1,1.104,1.1,-1.088,1.092,1.08,1.076,1.06,-1,1.008,1.008,1.008,0.98,-0.996,-0.976,-0.988,0.996,0.976,0.944,0.92,-0.936,-0.944,-0.94,-0.94,0.964,-0.996,-0.996,0.992,-0.984,-0.992,-0.996,-1,-0.98,-0.976,-0.98,-0.988,-0.98,-0.984,1,1.008,0.944,0.936,0.932,0.932,0.936,0.924,-0.952,0.956,0.936,0.936,0.92,0.904,0.92,0.932,0.936,0.92,0.92,0.948,0.964,1.052,1.04,-0.964,0.944,0.904,0.896,-0.916,-0.92,-0.9,-0.888,0.916,0.908,-0.948,-0.948,-0.936,-0.928,-0.924,0.932,-0.952,-0.956,0.94,-0.948,-0.96,-0.96,-0.964,-0.976,0.976,-0.984,-0.972,-0.964,-0.928,-0.932,-0.932,-0.936,-1.012,-1.004,0.972,-1.004,0.988,-0.98,-0.972,-0.96,-0.952
0.928,0.904,0.908,0.912,0.912,0.924,0.928,-0.948,-0.944,-0.924,-0.932,-0.916,-0.924,-0.92,0.956,0.972,1.024,-1.04,-1.036,1.032,-1.088,-1.092,0.908,-0.9,-0.92,-0.976,0.968,-0.992,1.008,0.94,0.952,0.94,0.936,0.932,0.936,-0.992,-0.984,-0.972,0.956,0.952,-0.948,-0.94,0.936,0.952,-0.936,-0.932,-0.92,-0.92,-0.92,0.92,0.928,0.928,0.936,-1.04,-1.032,0.972,0.972,0.968,0.972,-0.968,0.92,-0.9,-0.904,0.92,-0.88,-0.892,0.904,0.896,0.924,0.928,0.916,0.908,0.912,0.92,-0.92,-0.96,-0.948,-0.952,-0.956,-0.932,-0.944,-0.948,1,1.004,1.008,1.012,1.032,-1.036,-1.036,-1.032,-1.04,-1.032,-1.024,0.968,0.964,0.992,1.024,1.004,0.992,-0.976,-0.96,-0.956,-0.956,0.924,0.928,0.936,0.92,-0.924,-0.924,0.94,-0.936,0.964,0.96,-0.976,-0.996,0.964,0.956,0.968,-0.972,-0.98,-0.988,-1.004,-1.032,-1.06,1.092,1.08,1.072,1.076,1.048,-1.076,-0.888,-0.884,-0.88,-0.92,0.924,-1.064,-1.08,-1.08,-1.08,-1.076,-1.088,-1.052,-0.952,-0.964,0.936,-0.9,-0.9,-0.896,-0.892,-0.936,0.932,0.94,-0.916,-0.944,-0.956,-0.944,-0.94,-0.932,-0.928,-0.94,0.916,0.924,0.928,0.916,0.92,-0.9,-0.896,-0.9,-0.896,-0.9,0.912,-0.908,-0.92,-0.924,-0.94,-1,1.008,1.008,1.008,0.98,-0.996,-0.976,-0.988,0.996,0.976,0.944,0.92,-0.936,-0.944,-0.94,-0.94,0.964,-0.996,-0.996,0.992,-0.984,-0.992,-0.996,-1,-0.98,-0.976,-0.98,-0.988,-0.98,-0.984,1,1.008,0.944,0.936,0.932,0.932,0.936,0.924,-0.952,0.956,0.936,0.936,0.92,0.904,0.92,0.932,0.936,0.92,0.92,-1.052,-1.036,1.052,1.04,-0.964,0.944,0.904,0.896,-0.916,-0.92,-0.9,-0.888,0.916,0.908,-0.948,-0.948,-0.936,-0.928,-0.924,0.932,-0.952,-0.956,0.94,-0.948,-0.96,-0.96,-0.964,-0.976,0.976,-0.984,-0.972,-0.964,-0.928,-0.932,-0.932,-0.936,0.988,0.996,-1.028,-1.004,0.988,-0.98,-0.972,-0.96,-0.952
0.928,0.904,0.908,0.912,0.912,0.924,0.928,-0.948,-0.944,1.076,1.068,1.084,1.076,1.08,-1.044,-1.028,-0.976,0.96,0.964,-0.968,0.912,0.908,0.908,-0.9,-0.92,-0.976,0.968,-0.992,-0.992,-1.06,-1.048,-1.06,-1.064,-1.068,-1.064,1.008,1.016,1.028,-1.044,-1.048,1.052,1.06,-1.064,0.952,-0.936,-0.932,-0.92,-0.92,-0.92,0.92,0.928,0.928,0.936,0.96,0.968,-1.028,-1.028,-1.032,-1.028,1.032,-1.08,1.1,1.096,-1.08,-0.88,-0.892,0.904,0.896,0.924,0.928,0.916,0.908,0.912,0.92,-0.92,-0.96,-0.948,-0.952,-0.956,-0.932,-0.944,-0.948,1,1.004,1.008,1.012,1.032,-1.036,-1.036,-1.032,-1.04,-1.032,-1.024,-1.032,-1.036,0.992,1.024,1.004,0.992,-0.976,-0.96,-0.956,-0.956,0.924,0.928,0.936,0.92,-0.924,-0.924,0.94,-0.936,0.964,0.96,-0.976,-0.996,0.964,0.956,0.968,-0.972,-0.98,-0.988,-1.004,0.968,0.94,-0.908,-0.92,-0.928,-0.924,-0.952,0.924,-0.888,-0.884,-0.88,-0.92,0.924,0.936,0.92,0.92,0.92,0.924,0.912,0.948,1.048,1.036,-1.064,1.1,1.1,-0.896,-0.892,-0.936,0.932,0.94,-0.916,-0.944,-0.956,-0.944,-0.94,-0.932,-0.928,-0.94,0.916,0.924,0.928,0.916,0.92,-0.9,-0.896,-0.9,-0.896,-0.9,0.912,-0.908,-0.92,-0.924,-0.94,1,-0.992,-0.992,-0.992,-1.02,-0.996,-0.976,-0.988,0.996,0.976,0.944,0.92,-0.936,-0.944,-0.94,-0.94,0.964,-0.996,-0.996,0.992,-0.984,-0.992,-0.996,-1,-0.98,-0.976,-0.98,-0.988,-0.98,1.016,-1,-0.992,0.944,0.936,0.932,0.932,0.936,0.924,-0.952,0.956,0.936,0.936,0.92,0.904,0.92,0.932,0.936,0.92,0.92,0.948,0.964,-0.948,-0.96,-0.964,0.944,0.904,0.896,-0.916,-0.92,-0.9,-0.888,0.916,0.908,-0.948,-0.948,-0.936,-0.928,-0.924,0.932,-0.952,-0.956,0.94,-0.948,-0.96,-0.96,-0.964,-0.976,0.976,-0.984,-0.972,-0.964,-0.928,-0.932,-0.932,-0.936,-1.012,-1.004,0.972,-1.004,0.988,-0.98,-0.972,-0.96,-0.952
0.928,0.904,0.908,0.912,-1.088,-1.076,-1.072,1.052,1.056,1.076,1.068,1.084,1.076,1.08,-1.044,-1.028,-0.976,0.96,0.964,-0.968,0.912,0.908,0.908,-0.9,-0.92,-0.976,0.968,-0.992,-0.992,-1.06,-1.048,-1.06,-1.064,-1.068,-1.064,1.008,-0.984,-0.972,0.956,0.952,-0.948,-0.94,0.936,0.952,-0.936,-0.932,-0.92,-0.92,-0.92,0.92,0.928,0.928,0.936,0.96,0.968,0.972,0.972,0.968,0.972,-0.968,0.92,-0.9,-0.904,0.92,-0.88,-0.892,0.904,0.896,0.924,0.928,0.916,0.908,0.912,0.92,-0.92,-0.96,-0.948,-0.952,-0.956,-0.932,-0.944,-0.948,1,1.004,1.008,1.012,1.032,-1.036,-1.036,-1.032,0.96,0.968,0.976,0.968,0.964,0.992,1.024,1.004,0.992,-0.976,-0.96,-0.956,-0.956,0.924,0.928,0.936,0.92,-0.924,-0.924,0.94,-0.936,0.964,0.96,-0.976,-0.996,0.964,0.956,0.968,-0.972,-0.98,-0.988,-1.004,-1.032,-1.06,1.092,1.08,1.072,1.076,1.048,0.924,-0.888,-0.884,-0.88,-0.92,0.924,0.936,0.92,0.92,0.92,0.924,0.912,0.948,1.048,1.036,-1.064,1.1,1.1,1.104,-0.892,-0.936,0.932,0.94,-0.916,-0.944,-0.956,-0.944,-0.94,-0.932,-0.928,-0.94,0.916,0.924,0.928,0.916,0.92,-0.9,-0.896,-0.9,-0.896,-0.9,0.912,-0.908,-0.92,-0.924,-0.94,-1,1.008,1.008,1.008,0.98,-0.996,-0.976,-0.988,0.996,0.976,0.944,0.92,-0.936,-0.944,-0.94,-0.94,0.964,-0.996,1.004,-1.008,1.016,1.008,1.004,1,1.02,1.024,1.02,1.012,1.02,1.016,-1,-0.992,0.944,0.936,0.932,0.932,0.936,0.924,-0.952,0.956,0.936,0.936,0.92,0.904,0.92,0.932,0.936,0.92,0.92,0.948,0.964,-0.948,-0.96,-0.964,0.944,0.904,0.896,-0.916,-0.92,-0.9,-0.888,0.916,0.908,-0.948,-0.948,-0.936,-0.928,-0.924,0.932,-0.952,-0.956,0.94,-0.948,-0.96,-0.96,-0.964,1.024,-1.024,1.016,1.028,1.036,1.072,1.068,1.068,1.064,0.988,0.996,-1.028,-1.004,0.988,-0.98,-0.972,-0.96,-0.952
-1.072,-1.096,-1.092,-1.088,-1.088,-1.076,-1.072,1.052,1.056,1.076,1.068,1.084,1.076,1.08,0.956,0.972,1.024,-1.04,-1.036,1.032,-1.088,-1.092,-1.092,1.1,1.08,1.024,-1.032,1.008,1.008,0.94,0.952,0.94,0.936,0.932,0.936,-0.992,-0.984,-0.972,0.956,0.952,-0.948,-0.94,-1.064,-1.048,1.064,1.068,1.08,1.08,1.08,-1.08,-1.072,-1.072,-1.064,-1.04,-1.032,0.972,0.972,0.968,0.972,-0.968,-1.08,1.1,1.096,-1.08,1.12,1.108,-1.096,-1.104,-1.076,-1.072,-1.084,-1.092,-1.088,-1.08,1.08,1.04,1.052,1.048,1.044,1.068,1.056,1.052,-1,-0.996,-0.992,-0.988,-0.968,0.964,0.964,0.968,0.96,0.968,0.976,0.968,0.964,0.992,1.024,1.004,0.992,1.024,1.04,1.044,1.044,-1.076,-1.072,-1.064,-1.08,1.076,1.076,-1.06,1.064,-1.036,-1.04,1.024,1.004,-1.036,-1.044,-1.032,1.028,1.02,1.012,0.996,0.968,0.94,-0.908,-0.92,-0.928,-0.924,-0.952,0.924,-0.888,-0.884,1.12,1.08,-1.076,-1.064,-1.08,-1.08,-1.08,-1.076,-1.088,0.948,1.048,1.036,-1.064,1.1,1.1,1.104,1.108,1.064,-1.068,-1.06,1.084,1.056,1.044,1.056,1.06,1.068,1.072,1.06,-1.084,-1.076,-1.072,-1.084,-1.08,1.1,1.104,-0.9,-0.896,-0.9,0.912,-0.908,-0.92,-0.924,-0.94,1,-0.992,-0.992,-0.992,-1.02,1.004,1.024,1.012,-1.004,-1.024,-1.056,-1.08,1.064,1.056,1.06,1.06,-1.036,1.004,1.004,-1.008,1.016,1.008,1.004,1,1.02,1.024,1.02,1.012,1.02,1.016,-1,-0.992,-1.056,-1.064,-1.068,-1.068,-1.064,-1.076,1.048,-1.044,-1.064,-1.064,-1.08,-1.096,-1.08,-1.068,-1.064,-1.08,-1.08,-1.052,-1.036,1.052,1.04,-0.964,0.944,0.904,0.896,-0.916,-0.92,-0.9,-0.888,-1.084,-1.092,1.052,1.052,1.064,1.072,1.076,-1.068,1.048,1.044,0.94,-0.948,-0.96,-0.96,-0.964,-0.976,0.976,-0.984,-0.972,-0.964,-0.928,-0.932,-0.932,-0.936,-1.012,-1.004,0.972,0.996,-1.012,1.02,1.028,1.04,1.048
0.928,0.904,0.908,0.912,0.912,0.924,0.928,1.052,1.056,1.076,1.068,1.084,1.076,1.08,-1.044,-1.028,-0.976,0.96,0.964,-0.968,0.912,0.908,0.908,-0.9,-0.92,1.024,-1.032,1.008,1.008,0.94,0.952,0.94,0.936,0.932,0.936,-0.992,-0.984,-0.972,0.956,0.952,-0.948,-0.94,0.936,0.952,-0.936,-0.932,-0.92,-0.92,-0.92,0.92,0.928,0.928,0.936,0.96,0.968,-1.028,-1.028,-1.032,0.972,-0.968,0.92,-0.9,-0.904,0.92,-0.88,-0.892,0.904,0.896,0.924,0.928,0.916,0.908,0.912,0.92,-0.92,-0.96,-0.948,-0.952,-0.956,-0.932,-0.944,-0.948,-1,-0.996,-0.992,-0.988,-0.968,0.964,0.964,0.968,0.96,0.968,0.976,0.968,0.964,0.992,1.024,1.004,0.992,-0.976,-0.96,-0.956,-0.956,0.924,0.928,0.936,0.92,-0.924,-0.924,0.94,-0.936,-1.036,-1.04,1.024,1.004,-1.036,-1.044,-1.032,1.028,1.02,1.012,0.996,0.968,0.94,-0.908,-0.92,-0.928,-0.924,-0.952,0.924,-0.888,-0.884,-0.88,-0.92,0.924,-1.064,-1.08,-1.08,-1.08,-1.076,-1.088,-1.052,-0.952,-0.964,0.936,-0.9,-0.9,-0.896,-0.892,-0.936,0.932,0.94,-0.916,-0.944,-0.956,-0.944,-0.94,-0.932,-0.928,-0.94,0.916,0.924,0.928,0.916,0.92,-0.9,-0.896,-0.9,-0.896,-0.9,0.912,-0.908,-0.92,-0.924,-0.94,-1,1.008,1.008,1.008,0.98,-0.996,-0.976,-0.988,0.996,0.976,0.944,0.92,-0.936,-0.944,-0.94,-0.94,0.964,1.004,1.004,-1.008,1.016,1.008,1.004,1,1.02,1.024,1.02,1.012,1.02,1.016,-1,-0.992,0.944,0.936,0.932,0.932,0.936,0.924,-0.952,0.956,0.936,0.936,0.92,0.904,0.92,0.932,0.936,0.92,0.92,-1.052,-1.036,1.052,1.04,-0.964,0.944,0.904,0.896,-0.916,-0.92,-0.9,-0.888,0.916,0.908,-0.948,-0.948,-0.936,-0.928,-0.924,0.932,-0.952,-0.956,-1.06,1.052,1.04,1.04,1.036,1.024,-1.024,1.016,1.028,1.036,1.072,1.068,1.068,1.064,0.988,0.996,-1.028,-1.004,0.988,-0.98,-0.972,-0.96,-0.952
-1.072,0.904,0.908,0.912,0.912,0.924,0.928,-0.948,-0.944,-0.924,-0.932,-0.916,-0.924,-0.92,0.956,0.972,1.024,-1.04,-1.036,1.032,-1.088,-1.092,-1.092,1.1,1.08,-0.976,0.968,-0.992,-0.992,-1.06,-1.048,-1.06,-1.064,-1.068,-1.064,1.008,1.016,1.028,-1.044,-1.048,1.052,1.06,-1.064,-1.048,1.064,1.068,1.08,1.08,1.08,-1.08,-1.072,-1.072,-1.064,-1.04,-1.032,-1.028,-1.028,-1.032,-1.028,1.032,-1.08,1.1,1.096,-1.08,1.12,1.108,-1.096,-1.104,-1.076,-1.072,-1.084,-1.092,-1.088,-1.08,1.08,1.04,1.052,1.048,1.044,1.068,1.056,1.052,-1,-0.996,-0.992,-0.988,-0.968,0.964,0.964,0.968,0.96,0.968,0.976,0.968,0.964,0.992,1.024,1.004,0.992,1.024,1.04,1.044,1.044,-1.076,-1.072,-1.064,-1.08,1.076,1.076,-1.06,1.064,-1.036,-1.04,1.024,1.004,-1.036,-1.044,-1.032,1.028,1.02,1.012,0.996,0.968,0.94,-0.908,-0.92,-0.928,-0.924,-0.952,0.924,-0.888,-0.884,-0.88,1.08,-1.076,-1.064,-1.08,-1.08,-1.08,-1.076,-1.088,-1.052,-0.952,-0.964,0.936,-0.9,-0.9,1.104,1.108,1.064,-1.068,-1.06,1.084,1.056,1.044,1.056,1.06,1.068,1.072,1.06,-1.084,-1.076,-1.072,-1.084,-1.08,1.1,1.104,1.1,1.104,1.1,-1.088,1.092,1.08,1.076,1.06,-1,1.008,1.008,1.008,0.98,-0.996,1.024,1.012,-1.004,-1.024,-1.056,-1.08,1.064,1.056,1.06,1.06,0.964,-0.996,-0.996,0.992,-0.984,-0.992,-0.996,-1,-0.98,-0.976,-0.98,-0.988,-0.98,-0.984,1,1.008,-1.056,-1.064,-1.068,-1.068,-1.064,-1.076,1.048,-1.044,-1.064,-1.064,-1.08,-1.096,-1.08,-1.068,-1.064,-1.08,-1.08,0.948,0.964,-0.948,-0.96,1.036,-1.056,-1.096,-1.104,1.084,1.08,1.1,1.112,-1.084,-1.092,1.052,1.052,1.064,1.072,1.076,-1.068,1.048,1.044,0.94,-0.948,-0.96,-0.96,-0.964,-0.976,0.976,-0.984,-0.972,-0.964,-0.928,-0.932,-0.932,-0.936,-1.012,-1.004,0.972,0.996,-1.012,1.02,1.028,1.04,1.048
-1.072,-1.096,-1.092,-1.088,-1.088,-1.076,-1.072,1.052,1.056,1.076,1.068,1.084,1.076,1.08,-1.044,-1.028,-0.976,0.96,0.964,-0.968,0.912,-1.092,-1.092,1.1,1.08,1.024,-1.032,-0.992,-0.992,-1.06,-1.048,-1.06,-1.064,-1.068,-1.064,1.008,1.016,1.028,-1.044,-1.048,1.052,1.06,-1.064,-1.048,1.064,1.068,1.08,1.08,1.08,-1.08,-1.072,-1.072,-1.064,-1.04,-1.032,-1.028,-1.028,-1.032,-1.028,1.032,-1.08,1.1,1.096,-1.08,1.12,1.108,-1.096,-1.104,-1.076,-1.072,-1.084,-1.092,-1.088,-1.08,1.08,1.04,1.052,1.048,1.044,1.068,1.056,1.052,-1,-0.996,-0.992,-0.988,-0.968,0.964,0.964,0.968,0.96,0.968,0.976,0.968,0.964,0.992,1.024,1.004,0.992,1.024,1.04,1.044,1.044,-1.076,-1.072,-1.064,-1.08,1.076,1.076,-1.06,1.064,-1.036,-1.04,1.024,-0.996,0.964,0.956,0.968,-0.972,-0.98,-0.988,-1.004,-1.032,-1.06,1.092,1.08,1.072,1.076,1.048,-1.076,1.112,1.116,1.12,1.08,-1.076,-1.064,-1.08,-1.08,-1.08,-1.076,-1.088,0.948,1.048,1.036,-1.064,1.1,1.1,1.104,1.108,1.064,-1.068,-1.06,1.084,1.056,1.044,1.056,1.06,1.068,1.072,1.06,-1.084,-1.076,-1.072,-1.084,-1.08,1.1,1.104,1.1,1.104,1.1,-1.088,1.092,1.08,1.076,1.06,-1,1.008,1.008,1.008,0.98,1.004,1.024,1.012,-1.004,-1.024,-1.056,-1.08,1.064,1.056,1.06,1.06,-1.036,1.004,1.004,-1.008,1.016,1.008,1.004,1,1.02,1.024,1.02,1.012,1.02,1.016,-1,-0.992,0.944,0.936,0.932,0.932,0.936,0.924,1.048,-1.044,-1.064,-1.064,-1.08,-1.096,-1.08,-1.068,-1.064,-1.08,-1.08,-1.052,-1.036,-0.948,-0.96,1.036,-1.056,-1.096,-1.104,1.084,1.08,1.1,1.112,-1.084,-1.092,1.052,1.052,1.064,1.072,1.076,-1.068,1.048,1.044,-1.06,1.052,1.04,1.04,1.036,1.024,-1.024,1.016,1.028,1.036,-0.928,-0.932,-0.932,-0.936,-1.012,-1.004,0.972,0.996,-1.012,1.02,1.028,1.04,1.048
0.928,0.904,0.908,0.912,0.912,0.924,0.928,-0.948,-0.944,-0.924,-0.932,-0.916,-0.924,-0.92,0.956,0.972,1.024,0.96,0.964,-0.968,0.912,0.908,0.908,-0.9,-0.92,-0.976,0.968,-0.992,-0.992,0.94,0.952,0.94,0.936,0.932,0.936,-0.992,-0.984,-0.972,0.956,0.952,-0.948,-0.94,0.936,0.952,-0.936,-0.932,-0.92,-0.92,-0.92,0.92,0.928,0.928,0.936,0.96,0.968,-1.028,-1.028,-1.032,-1.028,1.032,-1.08,1.1,1.096,0.92,-0.88,-0.892,0.904,0.896,0.924,0.928,0.916,0.908,0.912,0.92,-0.92,-0.96,-0.948,-0.952,-0.956,-0.932,-0.944,-0.948,1,1.004,1.008,1.012,1.032,-1.036,-1.036,-1.032,-1.04,-1.032,-1.024,-1.032,-1.036,-1.008,-0.976,-0.996,-1.008,1.024,1.04,1.044,1.044,-1.076,0.928,0.936,0.92,-0.924,-0.924,0.94,-0.936,0.964,0.96,-0.976,-0.996,0.964,0.956,0.968,-0.972,-0.98,-0.988,-1.004,0.968,0.94,-0.908,-0.92,-0.928,-0.924,-0.952,0.924,-0.888,-0.884,-0.88,-0.92,0.924,0.936,0.92,0.92,0.92,0.924,0.912,-1.052,-0.952,-0.964,0.936,-0.9,-0.9,-0.896,-0.892,-0.936,0.932,0.94,-0.916,-0.944,-0.956,-0.944,-0.94,-0.932,-0.928,-0.94,0.916,0.924,0.928,0.916,0.92,-0.9,-0.896,-0.9,-0.896,-0.9,0.912,-0.908,-0.92,-0.924,-0.94,1,-0.992,-0.992,1.008,0.98,-0.996,-0.976,-0.988,0.996,0.976,0.944,0.92,-0.936,-0.944,-0.94,-0.94,-1.036,1.004,1.004,-1.008,1.016,1.008,1.004,1,1.02,1.024,1.02,1.012,1.02,1.016,-1,-0.992,0.944,0.936,0.932,0.932,0.936,0.924,-0.952,0.956,0.936,0.936,0.92,0.904,0.92,0.932,0.936,0.92,0.92,-1.052,-1.036,1.052,1.04,-0.964,0.944,0.904,0.896,-0.916,-0.92,-0.9,-0.888,0.916,0.908,-0.948,-0.948,-0.936,-0.928,-0.924,0.932,-0.952,-0.956,0.94,-0.948,-0.96,-0.96,-0.964,-0.976,0.976,-0.984,-0.972,-0.964,-0.928,-0.932,-0.932,-0.936,-1.012,-1.004,0.972,0.996,-1.012,1.02,1.028,1.04,1.048
-1.072,-1.096,-1.092,-1.088,0.912,0.924,0.928,-0.948,-0.944,-0.924,-0.932,-0.916,-0.924,-0.92,0.956,0.972,1.024,-1.04,-1.036,1.032,-1.088,-1.092,-1.092,1.1,1.08,1.024,-1.032,1.008,1.008,0.94,0.952,-1.06,-1.064,-1.068,-1.064,1.008,1.016,1.028,-1.044,-1.048,1.052,1.06,-1.064,-1.048,1.064,1.068,1.08,1.08,1.08,-1.08,-1.072,-1.072,-1.064,-1.04,-1.032,0.972,0.972,0.968,0.972,-0.968,0.92,-0.9,-0.904,0.92,-0.88,-0.892,0.904,0.896,-1.076,-1.072,-1.084,-1.092,-1.088,-1.08,1.08,1.04,1.052,1.048,1.044,1.068,1.056,1.052,-1,-0.996,-0.992,-0.988,-0.968,0.964,0.964,0.968,0.96,0.968,0.976,0.968,0.964,0.992,1.024,1.004,0.992,-0.976,-0.96,-0.956,-0.956,0.924,-1.072,-1.064,-1.08,1.076,1.076,-1.06,1.064,-1.036,-1.04,1.024,1.004,-1.036,-1.044,-1.032,1.028,1.02,1.012,0.996,0.968,0.94,-0.908,-0.92,-0.928,-0.924,-0.952,0.924,-0.888,-0.884,-0.88,1.08,-1.076,-1.064,-1.08,-1.08,-1.08,-1.076,-1.088,-1.052,-0.952,-0.964,0.936,-0.9,-0.9,1.104,1.108,1.064,-1.068,-1.06,1.084,1.056,1.044,1.056,1.06,1.068,1.072,-0.94,0.916,0.924,0.928,0.916,0.92,-0.9,-0.896,-0.9,-0.896,-0.9,0.912,-0.908,-0.92,-0.924,-0.94,1,-0.992,-0.992,-0.992,-1.02,1.004,1.024,1.012,-1.004,-1.024,-1.056,-1.08,1.064,1.056,1.06,1.06,-1.036,1.004,1.004,-1.008,1.016,-0.992,-0.996,-1,-0.98,-0.976,-0.98,-0.988,-0.98,-0.984,1,1.008,-1.056,-1.064,-1.068,-1.068,-1.064,-1.076,1.048,-1.044,-1.064,-1.064,-1.08,-1.096,-1.08,-1.068,-1.064,-1.08,-1.08,-1.052,-1.036,1.052,1.04,-0.964,0.944,-1.096,-1.104,1.084,1.08,1.1,1.112,-1.084,-1.092,1.052,1.052,1.064,1.072,1.076,-1.068,1.048,1.044,-1.06,1.052,1.04,1.04,1.036,1.024,-1.024,-0.984,-0.972,-0.964,-0.928,-0.932,-0.932,-0.936,-1.012,-1.004,0.972,0.996,-1.012,1.02,1.028,1.04,1.048
-1.072,-1.096,-1.092,-1.088,-1.088,-1.076,-1.072,1.052,1.056,1.076,1.068,1.084,1.076,1.08,-1.044,-1.028,1.024,-1.04,-1.036,1.032,-1.088,-1.092,-1.092,1.1,1.08,1.024,-1.032,1.008,1.008,-1.06,-1.048,-1.06,-1.064,-1.068,-1.064,1.008,1.016,1.028,-1.044,-1.048,1.052,1.06,-1.064,-1.048,1.064,1.068,1.08,1.08,1.08,-1.08,-1.072,-1.072,-1.064,-1.04,-1.032,0.972,0.972,0.968,0.972,-0.968,0.92,-0.9,-0.904,0.92,-0.88,1.108,-1.096,-1.104,-1.076,-1.072,-1.084,-1.092,-1.088,-1.08,1.08,1.04,1.052,1.048,1.044,1.068,1.056,1.052,-1,-0.996,-0.992,1.012,1.032,-1.036,-1.036,-1.032,-1.04,-1.032,-1.024,-1.032,-1.036,-1.008,-0.976,-0.996,-1.008,1.024,1.04,1.044,1.044,-1.076,-1.072,-1.064,-1.08,1.076,1.076,-1.06,1.064,-1.036,-1.04,1.024,1.004,-1.036,-1.044,-1.032,1.028,1.02,1.012,0.996,0.968,0.94,-0.908,-0.92,-0.928,-0.924,-0.952,0.924,-0.888,-0.884,-0.88,1.08,-1.076,0.936,0.92,0.92,0.92,0.924,0.912,0.948,1.048,1.036,-1.064,1.1,1.1,1.104,1.108,1.064,-1.068,-1.06,1.084,1.056,1.044,1.056,1.06,1.068,1.072,1.06,-1.084,-1.076,-1.072,-1.084,-1.08,-0.9,-0.896,-0.9,-0.896,-0.9,0.912,-0.908,-0.92,-0.924,-0.94,1,-0.992,-0.992,-0.992,-1.02,1.004,1.024,1.012,-1.004,-1.024,-1.056,-1.08,1.064,1.056,1.06,1.06,-1.036,1.004,1.004,-1.008,1.016,1.008,1.004,1,1.02,1.024,1.02,1.012,1.02,1.016,-1,1.008,-1.056,-1.064,-1.068,-1.068,-1.064,-1.076,1.048,-1.044,-1.064,-1.064,-1.08,-1.096,-1.08,-1.068,-1.064,-1.08,-1.08,-1.052,0.964,-0.948,-0.96,1.036,-1.056,-1.096,-1.104,1.084,1.08,1.1,1.112,-1.084,-1.092,1.052,1.052,1.064,1.072,1.076,-1.068,1.048,1.044,0.94,-0.948,-0.96,-0.96,-0.964,-0.976,0.976,-0.984,-0.972,-0.964,-0.928,-0.932,-0.932,-0.936,-1.012,-1.004,0.972,0.996,-1.012,1.02,1.028,1.04,1.048
-1.072,-1.096,-1.092,-1.088,-1.088,-1.076,-1.072,1.052,1.056,1.076,1.068,1.084,1.076,1.08,-1.044,-1.028,1.024,-1.04,-1.036,1.032,-1.088,-1.092,-1.092,1.1,1.08,1.024,-1.032,-0.992,-0.992,-1.06,-1.048,-1.06,-1.064,-1.068,-1.064,1.008,1.016,1.028,-1.044,-1.048,1.052,1.06,-1.064,-1.048,1.064,1.068,1.08,1.08,1.08,-1.08,-1.072,-1.072,-1.064,-1.04,-1.032,0.972,-1.028,-1.032,-1.028,1.032,-1.08,1.1,1.096,-1.08,1.12,1.108,-1.096,-1.104,-1.076,-1.072,-1.084,-1.092,-1.088,-1.08,1.08,1.04,1.052,1.048,1.044,1.068,1.056,1.052,-1,-0.996,-0.992,-0.988,1.032,-1.036,-1.036,-1.032,-1.04,-1.032,-1.024,-1.032,-1.036,-1.008,-0.976,-0.996,-1.008,1.024,1.04,1.044,1.044,-1.076,-1.072,-1.064,-1.08,1.076,1.076,-1.06,1.064,-1.036,-1.04,1.024,1.004,-1.036,-1.044,-1.032,1.028,1.02,1.012,0.996,0.968,0.94,-0.908,-0.92,-0.928,-0.924,-0.952,0.924,-0.888,-0.884,-0.88,1.08,-1.076,0.936,0.92,0.92,0.92,0.924,0.912,0.948,1.048,1.036,-1.064,1.1,1.1,1.104,1.108,1.064,-1.068,-1.06,1.084,1.056,1.044,1.056,1.06,1.068,1.072,1.06,-1.084,-1.076,-1.072,-1.084,-1.08,1.1,-0.896,-0.9,-0.896,-0.9,0.912,-0.908,-0.92,-0.924,-0.94,1,-0.992,-0.992,-0.992,-1.02,1.004,1.024,1.012,-1.004,-1.024,-1.056,-1.08,1.064,1.056,1.06,1.06,-1.036,1.004,1.004,-1.008,1.016,1.008,-0.996,-1,-0.98,-0.976,-0.98,-0.988,-0.98,-0.984,1,1.008,-1.056,-1.064,-1.068,-1.068,-1.064,-1.076,1.048,-1.044,-1.064,-1.064,-1.08,-1.096,-1.08,-1.068,-1.064,-1.08,-1.08,-1.052,-1.036,1.052,1.04,-0.964,0.944,0.904,0.896,-0.916,1.08,1.1,1.112,-1.084,-1.092,1.052,1.052,1.064,1.072,1.076,-1.068,1.048,1.044,-1.06,1.052,1.04,1.04,1.036,-0.976,0.976,-0.984,-0.972,-0.964,-0.928,-0.932,-0.932,-0.936,-1.012,-1.004,0.972,0.996,-1.012,1.02,1.028,1.04,1.048
-1.072,-1.096,-1.092,-1.088,0.912,0.924,0.928,-0.948,-0.944,-0.924,-0.932,-0.916,-0.924,-0.92,0.956,0.972,1.024,-1.04,-1.036,1.032,-1.088,-1.092,-1.092,1.1,1.08,1.024,-1.032,1.008,1.008,0.94,0.952,0.94,0.936,0.932,0.936,-0.992,-0.984,-0.972,0.956,0.952,-0.948,-0.94,0.936,0.952,-0.936,-0.932,1.08,1.08,1.08,-1.08,-1.072,-1.072,-1.064,-1.04,-1.032,0.972,0.972,0.968,-1.028,1.032,-1.08,1.1,1.096,-1.08,1.12,1.108,-1.096,-1.104,-1.076,-1.072,-1.084,-1.092,-1.088,-1.08,1.08,1.04,1.052,1.048,1.044,1.068,1.056,1.052,-1,-0.996,-0.992,-0.988,-0.968,0.964,0.964,0.968,0.96,0.968,0.976,0.968,0.964,0.992,1.024,1.004,0.992,-0.976,-0.96,-0.956,-0.956,-1.076,-1.072,-1.064,-1.08,1.076,1.076,-1.06,1.064,-1.036,-1.04,1.024,1.004,0.964,0.956,0.968,-0.972,-0.98,-0.988,-1.004,-1.032,-1.06,1.092,1.08,1.072,1.076,1.048,-1.076,1.112,1.116,1.12,1.08,-1.076,-1.064,-1.08,-1.08,-1.08,-1.076,-1.088,-1.052,-0.952,1.036,-1.064,1.1,1.1,1.104,1.108,-0.936,0.932,0.94,-0.916,-0.944,-0.956,-0.944,-0.94,-0.932,-0.928,-0.94,0.916,0.924,0.928,0.916,0.92,-0.9,-0.896,-0.9,-0.896,-0.9,0.912,-0.908,-0.92,-0.924,-0.94,1,-0.992,-0.992,-0.992,-1.02,1.004,1.024,1.012,-1.004,-1.024,-1.056,-1.08,1.064,1.056,1.06,1.06,-1.036,1.004,1.004,-1.008,1.016,1.008,1.004,1,1.02,1.024,1.02,1.012,1.02,1.016,-1,-0.992,-1.056,-1.064,-1.068,-1.068,-1.064,-1.076,1.048,-1.044,-1.064,-1.064,-1.08,-1.096,-1.08,-1.068,-1.064,-1.08,-1.08,0.948,0.964,-0.948,-0.96,1.036,-1.056,-1.096,-1.104,1.084,1.08,1.1,1.112,-1.084,-1.092,1.052,1.052,1.064,1.072,1.076,-1.068,1.048,1.044,-1.06,1.052,1.04,1.04,1.036,1.024,-1.024,1.016,1.028,1.036,1.072,1.068,1.068,1.064,0.988,0.996,-1.028,-1.004,0.988,1.02,1.028,1.04,1.048
0.928,0.904,0.908,0.912,0.912,0.924,0.928,-0.948,-0.944,-0.924,-0.932,-0.916,-0.924,-0.92,0.956,0.972,1.024,-1.04,-1.036,1.032,0.912,0.908,0.908,-0.9,-0.92,-0.976,0.968,-0.992,-0.992,-1.06,-1.048,-1.06,-1.064,-1.068,-1.064,1.008,1.016,1.028,-1.044,-1.048,1.052,1.06,-1.064,-1.048,-0.936,-0.932,-0.92,-0.92,-0.92,0.92,0.928,0.928,0.936,0.96,0.968,-1.028,-1.028,-1.032,-1.028,1.032,0.92,-0.9,-0.904,0.92,-0.88,-0.892,0.904,0.896,0.924,0.928,0.916,0.908,0.912,0.92,-0.92,-0.96,-0.948,-0.952,-0.956,-0.932,-0.944,-0.948,1,1.004,1.008,1.012,1.032,-1.036,-1.036,-1.032,-1.04,-1.032,-1.024,-1.032,0.964,0.992,1.024,1.004,0.992,-0.976,-0.96,-0.956,-0.956,0.924,0.928,0.936,0.92,-0.924,-0.924,0.94,-0.936,0.964,0.96,-0.976,-0.996,0.964,0.956,0.968,-0.972,-0.98,-0.988,-1.004,-1.032,-1.06,1.092,1.08,1.072,1.076,1.048,-1.076,1.112,1.116,1.12,-0.92,0.924,-1.064,-1.08,-1.08,-1.08,-1.076,-1.088,-1.052,-0.952,-0.964,0.936,-0.9,-0.9,-0.896,-0.892,-0.936,0.932,0.94,-0.916,-0.944,-0.956,-0.944,-0.94,-0.932,-0.928,-0.94,0.916,0.924,0.928,0.916,0.92,-0.9,-0.896,-0.9,-0.896,-0.9,0.912,-0.908,-0.92,-0.924,-0.94,1,-0.992,-0.992,-0.992,-1.02,-0.996,-0.976,-0.988,0.996,0.976,0.944,0.92,-0.936,-0.944,-0.94,-0.94,0.964,1.004,1.004,-1.008,1.016,1.008,1.004,1,1.02,1.024,1.02,1.012,1.02,1.016,-1,-0.992,0.944,0.936,0.932,0.932,0.936,0.924,-0.952,0.956,0.936,0.936,0.92,0.904,0.92,0.932,0.936,0.92,0.92,0.948,0.964,-0.948,-0.96,1.036,-1.056,-1.096,-1.104,1.084,1.08,1.1,1.112,-1.084,0.908,-0.948,-0.948,-0.936,-0.928,-0.924,0.932,1.048,1.044,-1.06,1.052,1.04,1.04,1.036,1.024,-1.024,1.016,1.028,1.036,1.072,1.068,1.068,1.064,0.988,0.996,-1.028,-1.004,0.988,-0.98,-0.972,-0.96,-0.952
0.928,0.904,0.908,0.912,0.912,0.924,0.928,-0.948,-0.944,-0.924,-0.932,-0.916,-0.924,-0.92,0.956,0.972,1.024,-1.04,-1.036,1.032,-1.088,-1.092,-1.092,1.1,-0.92,-0.976,0.968,-0.992,-0.992,-1.06,-1.048,-1.06,-1.064,-1.068,-1.064,1.008,1.016,-0.972,0.956,0.952,-0.948,-0.94,0.936,0.952,-0.936,-0.932,-0.92,-0.92,-0.92,0.92,0.928,0.928,0.936,0.96,0.968,-1.028,-1.028,-1.032,-1.028,-0.968,0.92,-0.9,-0.904,0.92,-0.88,-0.892,0.904,0.896,0.924,0.928,0.916,0.908,0.912,0.92,-0.92,-0.96,-0.948,-0.952,-0.956,-0.932,-0.944,-0.948,1,1.004,1.008,1.012,1.032,-1.036,-1.036,-1.032,-1.04,-1.032,-1.024,-1.032,-1.036,-1.008,-0.976,-0.996,0.992,-0.976,-0.96,-0.956,-0.956,0.924,0.928,0.936,0.92,-0.924,-0.924,0.94,-0.936,0.964,0.96,-0.976,-0.996,0.964,0.956,0.968,-0.972,-0.98,-0.988,-1.004,-1.032,-1.06,1.092,1.08,1.072,1.076,1.048,-1.076,-0.888,-0.884,-0.88,-0.92,0.924,0.936,0.92,0.92,0.92,0.924,0.912,0.948,-0.952,-0.964,0.936,-0.9,-0.9,-0.896,-0.892,-0.936,0.932,0.94,-0.916,-0.944,-0.956,-0.944,-0.94,-0.932,-0.928,-0.94,0.916,0.924,0.928,0.916,0.92,-0.9,-0.896,-0.9,-0.896,-0.9,0.912,-0.908,-0.92,-0.924,-0.94,1,-0.992,-0.992,-0.992,-1.02,1.004,1.024,1.012,-1.004,-1.024,-1.056,0.92,-0.936,-0.944,-0.94,-0.94,0.964,-0.996,-0.996,0.992,-0.984,-0.992,-0.996,-1,-0.98,-0.976,-0.98,-0.988,-0.98,-0.984,1,1.008,-1.056,-1.064,-1.068,-1.068,-1.064,-1.076,1.048,-1.044,-1.064,-1.064,0.92,0.904,0.92,0.932,0.936,0.92,0.92,0.948,0.964,-0.948,-0.96,-0.964,0.944,0.904,0.896,-0.916,-0.92,-0.9,-0.888,0.916,0.908,-0.948,-0.948,-0.936,-0.928,-0.924,0.932,-0.952,-0.956,0.94,-0.948,-0.96,-0.96,-0.964,-0.976,0.976,-0.984,-0.972,-0.964,-0.928,-0.932,-0.932,-0.936,-1.012,0.996,-1.028,-1.004,0.988,-0.98,-0.972,-0.96,-0.952
0.928,0.904,0.908,0.912,0.912,0.924,0.928,-0.948,-0.944,1.076,1.068,1.084,1.076,1.08,-1.044,-1.028,-0.976,0.96,0.964,-0.968,0.912,0.908,0.908,-0.9,-0.92,-0.976,0.968,-0.992,-0.992,-1.06,-1.048,-1.06,-1.064,-1.068,-1.064,1.008,1.016,1.028,-1.044,-1.048,1.052,1.06,-1.064,-1.048,1.064,-0.932,-0.92,-0.92,-0.92,0.92,0.928,0.928,0.936,0.96,0.968,-1.028,-1.028,-1.032,-1.028,1.032,-1.08,1.1,1.096,-1.08,1.12,1.108,0.904,0.896,0.924,0.928,0.916,0.908,0.912,0.92,-0.92,-0.96,-0.948,-0.952,-0.956,-0.932,-0.944,-0.948,1,1.004,1.008,1.012,1.032,-1.036,-1.036,-1.032,-1.04,-1.032,-1.024,-1.032,-1.036,-1.008,-0.976,-0.996,-1.008,1.024,1.04,-0.956,-0.956,0.924,0.928,0.936,0.92,-0.924,-0.924,0.94,-0.936,0.964,0.96,-0.976,-0.996,0.964,0.956,0.968,-0.972,-0.98,-0.988,-1.004,-1.032,-1.06,1.092,1.08,1.072,1.076,1.048,0.924,-0.888,-0.884,-0.88,-0.92,0.924,0.936,0.92,0.92,0.92,0.924,0.912,0.948,1.048,1.036,-1.064,1.1,1.1,-0.896,-0.892,1.064,-1.068,-1.06,1.084,1.056,1.044,1.056,1.06,1.068,1.072,1.06,-1.084,-1.076,-1.072,-1.084,-1.08,1.1,1.104,1.1,1.104,1.1,-1.088,1.092,1.08,1.076,1.06,-1,1.008,1.008,1.008,0.98,-0.996,-0.976,-0.988,0.996,0.976,0.944,0.92,-0.936,-0.944,-0.94,-0.94,0.964,-0.996,-0.996,0.992,-0.984,-0.992,-0.996,-1,-0.98,-0.976,-0.98,-0.988,-0.98,-0.984,1,1.008,-1.056,-1.064,-1.068,-1.068,-1.064,-1.076,1.048,-1.044,0.936,0.936,0.92,0.904,0.92,0.932,0.936,0.92,0.92,0.948,0.964,-0.948,-0.96,-0.964,0.944,0.904,0.896,-0.916,-0.92,-0.9,-0.888,0.916,0.908,-0.948,-0.948,-0.936,-0.928,-0.924,0.932,-0.952,-0.956,0.94,-0.948,-0.96,-0.96,-0.964,-0.976,0.976,-0.984,-0.972,-0.964,-0.928,-0.932,-0.932,-0.936,-1.012,-1.004,0.972,0.996,-1.012,-0.98,-0.972,-0.96,-0.952
-1.072,-1.096,-1.092,-1.088,-1.088,-1.076,-1.072,1.052,1.056,-0.924,-0.932,-0.916,-0.924,-0.92,0.956,0.972,1.024,-1.04,-1.036,1.032,-1.088,-1.092,-1.092,1.1,1.08,1.024,-1.032,-0.992,-0.992,-1.06,-1.048,-1.06,-1.064,-1.068,-1.064,1.008,1.016,1.028,-1.044,-1.048,1.052,1.06,-1.064,-1.048,1.064,1.068,1.08,1.08,1.08,-1.08,-1.072,-1.072,0.936,0.96,0.968,-1.028,-1.028,-1.032,-1.028,1.032,-1.08,1.1,1.096,-1.08,1.12,1.108,-1.096,-1.104,-1.076,-1.072,-1.084,-1.092,-1.088,-1.08,1.08,1.04,1.052,1.048,1.044,1.068,1.056,1.052,-1,-0.996,-0.992,-0.988,-0.968,0.964,0.964,0.968,0.96,0.968,0.976,0.968,0.964,0.992,-0.976,-0.996,-1.008,1.024,1.04,1.044,1.044,-1.076,-1.072,-1.064,-1.08,1.076,1.076,-1.06,1.064,-1.036,-1.04,1.024,1.004,-1.036,-1.044,-1.032,1.028,1.02,1.012,0.996,0.968,0.94,-0.908,-0.92,-0.928,-0.924,-0.952,-1.076,1.112,1.116,1.12,1.08,-1.076,-1.064,-1.08,-1.08,-1.08,-1.076,-1.088,-1.052,-0.952,-0.964,0.936,-0.9,-0.9,-0.896,1.108,1.064,-1.068,-1.06,1.084,1.056,1.044,1.056,1.06,1.068,1.072,1.06,-1.084,-1.076,-1.072,-1.084,-1.08,1.1,1.104,1.1,1.104,1.1,-1.088,1.092,1.08,1.076,1.06,-1,1.008,1.008,1.008,0.98,1.004,1.024,1.012,-1.004,-1.024,-1.056,-1.08,1.064,1.056,1.06,1.06,0.964,-0.996,-0.996,0.992,-0.984,-0.992,-0.996,-1,-0.98,-0.976,-0.98,-0.988,-0.98,-0.984,1,1.008,-1.056,-1.064,-1.068,-1.068,-1.064,-1.076,1.048,-1.044,-1.064,-1.064,-1.08,-1.096,0.92,0.932,0.936,0.92,0.92,0.948,0.964,-0.948,-0.96,1.036,-1.056,-1.096,-1.104,1.084,1.08,1.1,1.112,-1.084,-1.092,1.052,1.052,1.064,1.072,1.076,-1.068,1.048,1.044,-1.06,1.052,1.04,1.04,1.036,1.024,-1.024,1.016,1.028,1.036,1.072,1.068,1.068,1.064,-1.012,-1.004,0.972,0.996,-1.012,1.02,1.028,1.04,1.048
0.928,0.904,0.908,0.912,0.912,0.924,0.928,-0.948,-0.944,-0.924,-0.932,-0.916,-0.924,-0.92,0.956,0.972,1.024,-1.04,-1.036,1.032,-1.088,-1.092,0.908,-0.9,-0.92,-0.976,0.968,-0.992,-0.992,-1.06,-1.048,-1.06,-1.064,-1.068,-1.064,1.008,1.016,1.028,-1.044,-1.048,1.052,-0.94,0.936,0.952,-0.936,-0.932,-0.92,-0.92,-0.92,0.92,0.928,0.928,0.936,0.96,0.968,0.972,0.972,0.968,0.972,-0.968,0.92,-0.9,-0.904,0.92,-0.88,-0.892,0.904,0.896,0.924,0.928,0.916,0.908,0.912,0.92,-0.92,-0.96,-0.948,-0.952,-0.956,-0.932,-0.944,-0.948,1,1.004,1.008,1.012,1.032,-1.036,-1.036,-1.032,-1.04,-1.032,-1.024,-1.032,-1.036,-1.008,-0.976,-0.996,-1.008,1.024,1.04,1.044,1.044,0.924,0.928,0.936,0.92,-0.924,-0.924,0.94,-0.936,0.964,0.96,-0.976,-0.996,0.964,0.956,0.968,-0.972,-0.98,-0.988,-1.004,0.968,0.94,-0.908,-0.92,-0.928,-0.924,-0.952,0.924,-0.888,-0.884,-0.88,-0.92,0.924,-1.064,-1.08,-1.08,-1.08,-1.076,-1.088,-1.052,-0.952,-0.964,0.936,-0.9,-0.9,-0.896,-0.892,-0.936,0.932,0.94,-0.916,-0.944,-0.956,-0.944,-0.94,-0.932,-0.928,-0.94,0.916,0.924,0.928,0.916,0.92,-0.9,-0.896,-0.9,-0.896,-0.9,0.912,-0.908,-0.92,-0.924,-0.94,1,-0.992,-0.992,-0.992,-1.02,-0.996,-0.976,-0.988,0.996,0.976,0.944,0.92,-0.936,-0.944,-0.94,-0.94,-1.036,1.004,1.004,-1.008,1.016,1.008,1.004,1,1.02,1.024,1.02,1.012,1.02,1.016,-1,-0.992,0.944,0.936,0.932,0.932,0.936,0.924,-0.952,0.956,0.936,0.936,0.92,0.904,0.92,0.932,0.936,0.92,0.92,0.948,0.964,-0.948,-0.96,1.036,-1.056,-1.096,-1.104,1.084,1.08,1.1,1.112,-1.084,-1.092,-0.948,-0.948,-0.936,-0.928,-0.924,0.932,-0.952,-0.956,0.94,-0.948,-0.96,-0.96,-0.964,-0.976,0.976,-0.984,-0.972,-0.964,-0.928,-0.932,-0.932,-0.936,0.988,0.996,-1.028,-1.004,0.988,-0.98,-0.972,-0.96,-0.952
-1.072,-1.096,-1.092,-1.088,0.912,0.924,0.928,-0.948,-0.944,-0.924,-0.932,-0.916,-0.924,-0.92,0.956,0.972,1.024,-1.04,-1.036,1.032,-1.088,-1.092,-1.092,1.1,1.08,-0.976,0.968,-0.992,-0.992,-1.06,-1.048,-1.06,-1.064,-1.068,-1.064,1.008,1.016,1.028,-1.044,-1.048,1.052,1.06,-1.064,-1.048,1.064,1.068,1.08,1.08,1.08,-1.08,-1.072,-1.072,-1.064,0.96,0.968,-1.028,-1.028,-1.032,-1.028,1.032,-1.08,1.1,1.096,-1.08,1.12,1.108,-1.096,-1.104,-1.076,-1.072,-1.084,-1.092,-1.088,-1.08,1.08,1.04,1.052,1.048,1.044,-0.932,-0.944,-0.948,1,1.004,1.008,1.012,1.032,-1.036,-1.036,-1.032,-1.04,-1.032,-1.024,-1.032,-1.036,-1.008,-0.976,-0.996,-1.008,1.024,1.04,1.044,1.044,-1.076,-1.072,-1.064,-1.08,1.076,1.076,-1.06,1.064,-1.036,-1.04,1.024,1.004,-1.036,-1.044,-1.032,1.028,1.02,1.012,0.996,0.968,0.94,-0.908,-0.92,-0.928,-0.924,-0.952,-1.076,1.112,1.116,1.12,1.08,-1.076,0.936,0.92,0.92,0.92,0.924,0.912,0.948,1.048,1.036,-1.064,1.1,1.1,1.104,1.108,1.064,-1.068,-1.06,1.084,1.056,1.044,1.056,1.06,1.068,1.072,1.06,-1.084,-1.076,-1.072,-1.084,-1.08,1.1,1.104,1.1,1.104,1.1,-1.088,1.092,1.08,1.076,1.06,-1,1.008,1.008,1.008,0.98,-0.996,-0.976,1.012,-1.004,-1.024,-1.056,-1.08,1.064,1.056,1.06,1.06,-1.036,1.004,1.004,-1.008,1.016,1.008,1.004,-1,-0.98,-0.976,-0.98,-0.988,-0.98,-0.984,1,1.008,-1.056,-1.064,-1.068,-1.068,-1.064,-1.076,1.048,-1.044,-1.064,-1.064,-1.08,-1.096,-1.08,-1.068,-1.064,-1.08,-1.08,0.948,0.964,-0.948,-0.96,1.036,-1.056,-1.096,-1.104,1.084,1.08,1.1,1.112,-1.084,-1.092,1.052,1.052,1.064,-0.928,-0.924,0.932,-0.952,-0.956,0.94,-0.948,-0.96,-0.96,-0.964,-0.976,0.976,-0.984,-0.972,-0.964,-0.928,-0.932,-0.932,-0.936,-1.012,-1.004,0.972,0.996,-1.012,1.02,1.028,1.04,1.048
0.928,0.904,0.908,0.912,0.912,0.924,0.928,-0.948,-0.944,-0.924,-0.932,-0.916,-0.924,-0.92,0.956,0.972,1.024,-1.04,-1.036,1.032,0.912,0.908,0.908,-0.9,-0.92,-0.976,0.968,-0.992,-0.992,0.94,0.952,0.94,0.936,0.932,0.936,-0.992,-0.984,-0.972,0.956,0.952,-0.948,-0.94,0.936,0.952,-0.936,-0.932,-0.92,-0.92,-0.92,0.92,0.928,0.928,0.936,0.96,0.968,-1.028,-1.028,-1.032,-1.028,1.032,0.92,-0.9,-0.904,0.92,-0.88,-0.892,0.904,0.896,0.924,0.928,0.916,0.908,0.912,0.92,-0.92,-0.96,-0.948,-0.952,-0.956,-0.932,-0.944,-0.948,1,1.004,1.008,1.012,1.032,-1.036,-1.036,-1.032,-1.04,-1.032,-1.024,-1.032,-1.036,0.992,1.024,1.004,0.992,-0.976,-0.96,-0.956,-0.956,0.924,0.928,0.936,0.92,-0.924,-0.924,0.94,-0.936,0.964,0.96,-0.976,-0.996,0.964,0.956,0.968,-0.972,-0.98,-0.988,-1.004,-1.032,0.94,-0.908,-0.92,-0.928,-0.924,-0.952,0.924,-0.888,-0.884,-0.88,-0.92,0.924,0.936,0.92,0.92,0.92,0.924,0.912,0.948,-0.952,-0.964,0.936,-0.9,-0.9,-0.896,-0.892,1.064,-1.068,-1.06,1.084,1.056,1.044,1.056,1.06,1.068,1.072,1.06,-1.084,-1.076,-1.072,-1.084,-1.08,1.1,1.104,1.1,1.104,1.1,-1.088,1.092,1.08,1.076,1.06,-1,1.008,1.008,1.008,0.98,-0.996,-0.976,-0.988,0.996,0.976,0.944,0.92,-0.936,-0.944,-0.94,-0.94,-1.036,1.004,1.004,-1.008,1.016,1.008,1.004,1,1.02,1.024,1.02,1.012,1.02,1.016,-1,-0.992,0.944,0.936,0.932,0.932,0.936,0.924,-0.952,0.956,0.936,0.936,0.92,0.904,0.92,0.932,0.936,0.92,0.92,0.948,0.964,-0.948,-0.96,1.036,-1.056,-1.096,-1.104,1.084,1.08,1.1,1.112,-1.084,-1.092,-0.948,-0.948,-0.936,-0.928,-0.924,0.932,-0.952,-0.956,0.94,-0.948,-0.96,-0.96,-0.964,-0.976,0.976,-0.984,-0.972,-0.964,-0.928,-0.932,-0.932,-0.936,-1.012,-1.004,0.972,0.996,-1.012,1.02,1.028,1.04,1.048
-1.072,-1.096,-1.092,-1.088,-1.088,-1.076,-1.072,1.052,1.056,1.076,1.068,1.084,1.076,1.08,-1.044,-1.028,-0.976,-1.04,-1.036,1.032,-1.088,-1.092,-1.092,1.1,1.08,1.024,0.968,-0.992,-0.992,-1.06,-1.048,-1.06,-1.064,-1.068,-1.064,1.008,1.016,1.028,-1.044,-1.048,1.052,1.06,-1.064,-1.048,1.064,1.068,1.08,1.08,1.08,-1.08,-1.072,-1.072,-1.064,-1.04,-1.032,-1.028,-1.028,-1.032,-1.028,1.032,-1.08,1.1,1.096,-1.08,1.12,1.108,-1.096,-1.104,-1.076,-1.072,-1.084,-1.092,-1.088,-1.08,1.08,1.04,1.052,1.048,1.044,1.068,1.056,1.052,-1,-0.996,-0.992,-0.988,-0.968,-1.036,-1.036,-1.032,-1.04,-1.032,-1.024,-1.032,-1.036,-1.008,-0.976,-0.996,-1.008,1.024,1.04,1.044,1.044,-1.076,-1.072,-1.064,-1.08,1.076,1.076,-1.06,1.064,-1.036,-1.04,1.024,1.004,-1.036,-1.044,-1.032,1.028,1.02,1.012,0.996,-1.032,-1.06,1.092,1.08,1.072,1.076,1.048,-1.076,1.112,1.116,1.12,1.08,-1.076,0.936,0.92,0.92,0.92,0.924,0.912,0.948,1.048,1.036,-1.064,1.1,1.1,1.104,1.108,1.064,-1.068,-1.06,1.084,1.056,1.044,1.056,1.06,1.068,1.072,1.06,-1.084,-1.076,-1.072,-1.084,-1.08,1.1,1.104,1.1,1.104,1.1,-1.088,-0.908,-0.92,-0.924,-0.94,1,-0.992,-0.992,-0.992,-1.02,1.004,1.024,1.012,-1.004,-1.024,-1.056,-1.08,1.064,1.056,1.06,1.06,0.964,-0.996,-0.996,0.992,-0.984,-0.992,-0.996,-1,-0.98,-0.976,-0.98,-0.988,-0.98,-0.984,1,1.008,-1.056,-1.064,-1.068,-1.068,-1.064,-1.076,1.048,-1.044,-1.064,-1.064,-1.08,-1.096,-1.08,-1.068,-1.064,-1.08,-1.08,-1.052,-1.036,1.052,1.04,1.036,-1.056,-1.096,-1.104,1.084,1.08,1.1,1.112,-1.084,-1.092,1.052,1.052,1.064,1.072,1.076,-1.068,1.048,1.044,-1.06,1.052,1.04,1.04,1.036,1.024,-1.024,1.016,1.028,1.036,1.072,1.068,1.068,1.064,0.988,0.996,-1.028,-1.004,0.988,1.02,1.028,1.04,1.048
0.928,0.904,0.908,0.912,0.912,0.924,0.928,-0.948,-0.944,-0.924,-0.932,-0.916,-0.924,-0.92,0.956,0.972,1.024,-1.04,-1.036,1.032,0.912,0.908,0.908,-0.9,-0.92,-0.976,0.968,-0.992,-0.992,-1.06,-1.048,0.94,0.936,0.932,0.936,-0.992,-0.984,-0.972,0.956,0.952,-0.948,-0.94,0.936,0.952,-0.936,-0.932,-0.92,-0.92,-0.92,0.92,0.928,0.928,0.936,0.96,0.968,-1.028,-1.028,-1.032,-1.028,1.032,-1.08,1.1,1.096,-1.08,1.12,1.108,0.904,0.896,0.924,0.928,0.916,0.908,0.912,0.92,-0.92,-0.96,-0.948,-0.952,-0.956,-0.932,-0.944,-0.948,1,1.004,1.008,1.012,1.032,-1.036,-1.036,-1.032,-1.04,-1.032,-1.024,-1.032,-1.036,-1.008,-0.976,-0.996,-1.008,1.024,1.04,1.044,1.044,0.924,0.928,0.936,0.92,-0.924,-0.924,0.94,-0.936,0.964,0.96,-0.976,-0.996,0.964,0.956,0.968,-0.972,-0.98,-0.988,-1.004,-1.032,-1.06,1.092,1.08,1.072,1.076,1.048,0.924,-0.888,-0.884,-0.88,-0.92,0.924,0.936,0.92,0.92,0.92,0.924,0.912,0.948,-0.952,-0.964,0.936,-0.9,-0.9,-0.896,-0.892,-0.936,0.932,0.94,-0.916,-0.944,-0.956,-0.944,-0.94,-0.932,-0.928,-0.94,0.916,0.924,0.928,0.916,0.92,-0.9,-0.896,-0.9,-0.896,-0.9,0.912,-0.908,-0.92,-0.924,-0.94,1,-0.992,-0.992,-0.992,-1.02,1.004,1.024,1.012,-1.004,0.976,0.944,0.92,-0.936,-0.944,-0.94,-0.94,0.964,-0.996,-0.996,0.992,1.016,1.008,1.004,1,1.02,1.024,1.02,1.012,1.02,1.016,-1,-0.992,0.944,0.936,0.932,0.932,0.936,0.924,-0.952,0.956,0.936,0.936,0.92,0.904,0.92,0.932,0.936,0.92,0.92,0.948,0.964,-0.948,-0.96,1.036,-1.056,-1.096,-1.104,1.084,1.08,-0.9,-0.888,0.916,0.908,-0.948,-0.948,-0.936,-0.928,-0.924,0.932,-0.952,-0.956,0.94,-0.948,-0.96,-0.96,-0.964,-0.976,0.976,-0.984,-0.972,-0.964,-0.928,-0.932,-0.932,-0.936,0.988,0.996,-1.028,-1.004,0.988,-0.98,-0.972,-0.96,-0.952
-1.072,-1.096,-1.092,-1.088,-1.088,-1.076,-1.072,1.052,1.056,1.076,1.068,1.084,1.076,1.08,-1.044,-1.028,-0.976,-1.04,-1.036,1.032,-1.088,-1.092,-1.092,1.1,1.08,1.024,-1.032,1.008,1.008,0.94,0.952,-1.06,-1.064,-1.068,-1.064,1.008,1.016,1.028,-1.044,-1.048,1.052,1.06,-1.064,-1.048,1.064,1.068,1.08,1.08,1.08,-1.08,-1.072,-1.072,-1.064,-1.04,-1.032,-1.028,-1.028,-1.032,-1.028,1.032,-1.08,1.1,1.096,-1.08,1.12,1.108,-1.096,-1.104,-1.076,-1.072,-1.084,-1.092,-1.088,-1.08,1.08,1.04,1.052,1.048,1.044,1.068,1.056,1.052,-1,-0.996,-0.992,-0.988,-0.968,0.964,0.964,0.968,0.96,0.968,0.976,0.968,0.964,0.992,1.024,1.004,0.992,-0.976,-0.96,-0.956,-0.956,0.924,0.928,0.936,-1.08,1.076,1.076,-1.06,1.064,-1.036,-1.04,1.024,1.004,-1.036,-1.044,-1.032,1.028,1.02,1.012,0.996,0.968,0.94,-0.908,-0.92,-0.928,-0.924,-0.952,0.924,-0.888,-0.884,-0.88,1.08,-1.076,-1.064,-1.08,-1.08,-1.08,-1.076,-1.088,-1.052,-0.952,-0.964,0.936,-0.9,-0.9,-0.896,-0.892,1.064,-1.068,-1.06,1.084,1.056,1.044,1.056,1.06,1.068,1.072,1.06,-1.084,-1.076,-1.072,-1.084,-1.08,1.1,1.104,1.1,1.104,1.1,-1.088,1.092,1.08,1.076,1.06,-1,1.008,1.008,1.008,0.98,-0.996,-0.976,-0.988,-1.004,-1.024,-1.056,-1.08,1.064,1.056,1.06,1.06,-1.036,1.004,1.004,-1.008,1.016,1.008,1.004,1,1.02,1.024,1.02,1.012,1.02,1.016,-1,-0.992,-1.056,-1.064,-1.068,-1.068,-1.064,-1.076,1.048,-1.044,-1.064,-1.064,-1.08,-1.096,-1.08,-1.068,-1.064,-1.08,-1.08,-1.052,-1.036,1.052,1.04,-0.964,0.944,0.904,0.896,-0.916,1.08,1.1,1.112,-1.084,-1.092,1.052,1.052,1.064,1.072,-0.924,0.932,-0.952,-0.956,0.94,-0.948,-0.96,-0.96,-0.964,-0.976,0.976,-0.984,-0.972,-0.964,-0.928,-0.932,-0.932,-0.936,-1.012,-1.004,0.972,0.996,-1.012,1.02,1.028,1.04,1.048
0.928,0.904,0.908,0.912,0.912,0.924,0.928,1.052,1.056,1.076,1.068,1.084,1.076,1.08,-1.044,-1.028,-0.976,0.96,0.964,-0.968,0.912,0.908,0.908,-0.9,-0.92,-0.976,0.968,-0.992,-0.992,-1.06,-1.048,-1.06,-1.064,-1.068,-1.064,-0.992,-0.984,-0.972,0.956,0.952,-0.948,-0.94,0.936,0.952,-0.936,-0.932,-0.92,-0.92,-0.92,0.92,0.928,0.928,0.936,0.96,0.968,-1.028,-1.028,-1.032,-1.028,1.032,-1.08,1.1,1.096,-1.08,-0.88,-0.892,0.904,0.896,0.924,0.928,0.916,0.908,0.912,0.92,-0.92,-0.96,-0.948,-0.952,-0.956,-0.932,-0.944,1.052,-1,-0.996,-0.992,-0.988,-0.968,0.964,0.964,0.968,0.96,0.968,0.976,0.968,0.964,0.992,1.024,1.004,0.992,-0.976,-0.96,-0.956,-0.956,0.924,0.928,0.936,0.92,-0.924,-0.924,0.94,-0.936,0.964,0.96,-0.976,-0.996,0.964,0.956,0.968,-0.972,-0.98,-0.988,-1.004,-1.032,-1.06,1.092,1.08,1.072,1.076,1.048,0.924,-0.888,-0.884,-0.88,-0.92,0.924,0.936,0.92,0.92,0.92,0.924,0.912,0.948,-0.952,-0.964,0.936,-0.9,-0.9,-0.896,-0.892,-0.936,0.932,0.94,-0.916,-0.944,-0.956,-0.944,-0.94,-0.932,-0.928,-0.94,0.916,0.924,0.928,0.916,0.92,-0.9,-0.896,-0.9,-0.896,-0.9,0.912,1.092,1.08,1.076,1.06,-1,1.008,1.008,1.008,0.98,-0.996,-0.976,-0.988,0.996,0.976,0.944,0.92,-0.936,-0.944,-0.94,-0.94,0.964,-0.996,-0.996,-1.008,1.016,1.008,1.004,1,1.02,1.024,1.02,1.012,1.02,1.016,-1,-0.992,0.944,0.936,0.932,0.932,0.936,0.924,-0.952,0.956,0.936,0.936,0.92,0.904,0.92,-1.068,-1.064,-1.08,-1.08,-1.052,-1.036,1.052,1.04,-0.964,0.944,0.904,0.896,-0.916,-0.92,-0.9,-0.888,0.916,0.908,-0.948,-0.948,-0.936,-0.928,-0.924,0.932,-0.952,-0.956,-1.06,1.052,1.04,1.04,1.036,1.024,-1.024,1.016,1.028,1.036,1.072,1.068,1.068,1.064,0.988,0.996,-1.028,-1.004,0.988,-0.98,-0.972,-0.96,-0.952
-1.072,-1.096,-1.092,-1.088,-1.088,-1.076,-1.072,1.052,1.056,1.076,1.068,1.084,1.076,1.08,-1.044,-1.028,-0.976,-1.04,-1.036,1.032,-1.088,-1.092,-1.092,1.1,1.08,1.024,-1.032,1.008,1.008,0.94,0.952,0.94,0.936,0.932,0.936,-0.992,-0.984,-0.972,-1.044,-1.048,1.052,1.06,-1.064,-1.048,1.064,1.068,1.08,1.08,1.08,-1.08,-1.072,0.928,0.936,0.96,0.968,-1.028,-1.028,-1.032,-1.028,1.032,-1.08,1.1,1.096,-1.08,1.12,1.108,-1.096,-1.104,-1.076,-1.072,-1.084,-1.092,-1.088,-1.08,1.08,1.04,1.052,1.048,1.044,1.068,1.056,1.052,1,1.004,1.008,1.012,1.032,-1.036,-1.036,-1.032,-1.04,-1.032,-1.024,-1.032,-1.036,-1.008,-0.976,-0.996,-1.008,1.024,1.04,1.044,1.044,-1.076,-1.072,-1.064,-1.08,-0.924,-0.924,0.94,-0.936,0.964,0.96,-0.976,-0.996,0.964,0.956,0.968,-0.972,-0.98,-0.988,-1.004,-1.032,-1.06,1.092,1.08,1.072,1.076,1.048,-1.076,1.112,1.116,1.12,1.08,-1.076,0.936,0.92,0.92,0.92,0.924,0.912,0.948,1.048,1.036,-1.064,1.1,1.1,1.104,1.108,1.064,-1.068,-1.06,1.084,1.056,1.044,1.056,1.06,1.068,1.072,1.06,-1.084,-1.076,-1.072,-1.084,-1.08,1.1,1.104,1.1,1.104,1.1,-1.088,-0.908,-0.92,-0.924,-0.94,1,-0.992,-0.992,-0.992,-1.02,1.004,1.024,1.012,-1.004,-1.024,-1.056,-1.08,1.064,1.056,1.06,1.06,-1.036,1.004,1.004,-1.008,1.016,1.008,1.004,1,1.02,1.024,1.02,1.012,1.02,1.016,-1,-0.992,0.944,0.936,0.932,0.932,0.936,0.924,1.048,-1.044,-1.064,-1.064,-1.08,-1.096,-1.08,-1.068,-1.064,-1.08,-1.08,-1.052,-1.036,1.052,1.04,-0.964,0.944,-1.096,-1.104,1.084,1.08,1.1,1.112,-1.084,-1.092,1.052,1.052,1.064,1.072,1.076,-1.068,1.048,1.044,-1.06,1.052,1.04,1.04,1.036,1.024,-1.024,1.016,1.028,1.036,1.072,1.068,1.068,1.064,0.988,0.996,-1.028,0.996,-1.012,1.02,1.028,1.04,1.048
-1.072,-1.096,-1.092,-1.088,-1.088,-1.076,-1.072,1.052,1.056,1.076,1.068,1.084,1.076,1.08,-1.044,-1.028,-0.976,0.96,0.964,-0.968,0.912,0.908,0.908,-0.9,-0.92,-0.976,0.968,-0.992,-0.992,-1.06,-1.048,-1.06,-1.064,-1.068,0.936,-0.992,-0.984,-0.972,0.956,0.952,-0.948,-0.94,0.936,0.952,-0.936,-0.932,-0.92,-0.92,-0.92,0.92,0.928,0.928,0.936,0.96,0.968,-1.028,-1.028,-1.032,-1.028,1.032,-1.08,1.1,1.096,-1.08,1.12,1.108,-1.096,-1.104,-1.076,-1.072,-1.084,-1.092,-1.088,-1.08,-0.92,-0.96,-0.948,-0.952,-0.956,-0.932,-0.944,-0.948,-1,-0.996,-0.992,-0.988,-0.968,0.964,0.964,0.968,0.96,0.968,0.976,0.968,0.964,0.992,1.024,1.004,0.992,-0.976,-0.96,-0.956,-0.956,0.924,0.928,0.936,0.92,-0.924,-0.924,0.94,-0.936,0.964,0.96,-0.976,-0.996,0.964,0.956,0.968,-0.972,-0.98,-0.988,-1.004,-1.032,-1.06,1.092,1.08,1.072,1.076,1.048,-1.076,1.112,1.116,1.12,-0.92,0.924,0.936,0.92,0.92,0.92,0.924,0.912,0.948,-0.952,-0.964,0.936,-0.9,-0.9,-0.896,-0.892,1.064,-1.068,-1.06,1.084,1.056,1.044,1.056,1.06,1.068,1.072,1.06,-1.084,-1.076,-1.072,-1.084,-1.08,1.1,1.104,1.1,1.104,1.1,-1.088,1.092,1.08,1.076,1.06,-1,1.008,1.008,1.008,0.98,-0.996,-0.976,-0.988,0.996,0.976,0.944,0.92,-0.936,-0.944,-0.94,-0.94,0.964,-0.996,-0.996,0.992,-0.984,-0.992,1.004,1,1.02,1.024,1.02,1.012,1.02,1.016,-1,-0.992,0.944,0.936,0.932,0.932,0.936,0.924,-0.952,0.956,0.936,0.936,0.92,0.904,0.92,0.932,0.936,0.92,0.92,0.948,0.964,-0.948,-0.96,1.036,-1.056,-1.096,-1.104,1.084,-0.92,-0.9,-0.888,0.916,0.908,-0.948,-0.948,-0.936,-0.928,-0.924,0.932,-0.952,-0.956,0.94,-0.948,-0.96,-0.96,-0.964,-0.976,0.976,-0.984,-0.972,-0.964,-0.928,-0.932,-0.932,-0.936,-1.012,-1.004,0.972,-1.004,0.988,-0.98,-0.972,-0.96,-0.952
-1.072,-1.096,-1.092,-1.088,-1.088,-1.076,-1.072,1.052,1.056,1.076,1.068,1.084,1.076,1.08,-1.044,-1.028,-0.976,0.96,0.964,-0.968,0.912,0.908,0.908,-0.9,1.08,1.024,-1.032,1.008,1.008,-1.06,-1.048,-1.06,-1.064,-1.068,-1.064,1.008,1.016,1.028,-1.044,-1.048,1.052,1.06,-1.064,-1.048,1.064,1.068,1.08,1.08,1.08,-1.08,-1.072,-1.072,-1.064,-1.04,-1.032,0.972,0.972,0.968,0.972,-0.968,0.92,-0.9,1.096,-1.08,1.12,1.108,-1.096,-1.104,-1.076,-1.072,-1.084,-1.092,-1.088,-1.08,1.08,1.04,1.052,1.048,1.044,1.068,1.056,1.052,-1,-0.996,-0.992,-0.988,-0.968,0.964,0.964,0.968,0.96,0.968,0.976,0.968,0.964,0.992,1.024,1.004,0.992,1.024,1.04,1.044,1.044,-1.076,-1.072,-1.064,-1.08,1.076,1.076,-1.06,1.064,-1.036,-1.04,1.024,1.004,-1.036,-1.044,-1.032,1.028,1.02,1.012,0.996,0.968,0.94,-0.908,-0.92,-0.928,-0.924,-0.952,0.924,1.112,1.116,1.12,1.08,-1.076,-1.064,-1.08,-1.08,-1.08,-1.076,-1.088,0.948,1.048,1.036,-1.064,1.1,1.1,1.104,1.108,1.064,-1.068,-1.06,1.084,1.056,1.044,1.056,1.06,1.068,1.072,1.06,-1.084,-1.076,-1.072,-1.084,-1.08,1.1,1.104,1.1,1.104,-0.9,0.912,-0.908,-0.92,-0.924,-0.94,1,-0.992,-0.992,-0.992,-1.02,1.004,1.024,1.012,-1.004,-1.024,-1.056,-1.08,1.064,1.056,1.06,1.06,-1.036,1.004,1.004,-1.008,1.016,1.008,1.004,-1,-0.98,-0.976,-0.98,-0.988,-0.98,-0.984,1,1.008,-1.056,-1.064,-1.068,-1.068,-1.064,-1.076,1.048,-1.044,-1.064,-1.064,-1.08,-1.096,-1.08,-1.068,-1.064,-1.08,-1.08,0.948,0.964,-0.948,-0.96,1.036,-1.056,-1.096,-1.104,1.084,1.08,1.1,1.112,-1.084,-1.092,1.052,1.052,1.064,1.072,1.076,-1.068,1.048,1.044,-1.06,1.052,1.04,1.04,1.036,1.024,-1.024,1.016,1.028,1.036,-0.928,-0.932,-0.932,-0.936,-1.012,-1.004,0.972,0.996,-1.012,1.02,1.028,1.04,1.048
0.928,0.904,0.908,0.912,0.912,-1.076,-1.072,1.052,1.056,1.076,1.068,1.084,1.076,1.08,-1.044,-1.028,-0.976,0.96,0.964,-0.968,0.912,0.908,0.908,-0.9,-0.92,-0.976,0.968,-0.992,-0.992,-1.06,-1.048,-1.06,-1.064,-1.068,-1.064,1.008,1.016,1.028,-1.044,-1.048,-0.948,-0.94,0.936,0.952,-0.936,-0.932,-0.92,-0.92,-0.92,0.92,0.928,0.928,0.936,0.96,0.968,-1.028,-1.028,-1.032,-1.028,1.032,0.92,-0.9,-0.904,0.92,-0.88,-0.892,0.904,0.896,0.924,0.928,0.916,0.908,0.912,0.92,-0.92,-0.96,-0.948,-0.952,-0.956,-0.932,-0.944,-0.948,1,1.004,1.008,-0.988,-0.968,0.964,0.964,0.968,0.96,0.968,0.976,0.968,0.964,0.992,1.024,1.004,0.992,-0.976,-0.96,-0.956,-0.956,0.924,0.928,0.936,0.92,-0.924,-0.924,0.94,-0.936,0.964,0.96,-0.976,-0.996,0.964,0.956,0.968,-0.972,-0.98,-0.988,-1.004,-1.032,-1.06,1.092,1.08,1.072,1.076,1.048,-1.076,-0.888,-0.884,-0.88,-0.92,0.924,-1.064,-1.08,-1.08,-1.08,-1.076,-1.088,-1.052,-0.952,-0.964,0.936,-0.9,-0.9,-0.896,-0.892,-0.936,0.932,0.94,-0.916,-0.944,-0.956,-0.944,-0.94,-0.932,-0.928,-0.94,0.916,0.924,0.928,0.916,0.92,-0.9,-0.896,-0.9,-0.896,-0.9,0.912,-0.908,-0.92,-0.924,-0.94,1,-0.992,-0.992,-0.992,-1.02,1.004,1.024,-0.988,0.996,0.976,0.944,0.92,-0.936,-0.944,-0.94,-0.94,-1.036,1.004,1.004,-1.008,1.016,1.008,1.004,1,1.02,1.024,1.02,1.012,1.02,1.016,-1,-0.992,0.944,0.936,0.932,0.932,0.936,0.924,-0.952,0.956,0.936,0.936,0.92,0.904,0.92,0.932,0.936,0.92,0.92,-1.052,-1.036,1.052,1.04,-0.964,0.944,0.904,0.896,-0.916,-0.92,-0.9,-0.888,0.916,0.908,-0.948,-0.948,-0.936,-0.928,-0.924,0.932,-0.952,1.044,-1.06,1.052,1.04,1.04,1.036,1.024,-1.024,1.016,1.028,1.036,1.072,1.068,1.068,1.064,0.988,0.996,-1.028,-1.004,0.988,-0.98,-0.972,-0.96,-0.952
0.928,0.904,0.908,0.912,0.912,0.924,0.928,-0.948,-0.944,-0.924,-0.932,1.084,1.076,1.08,-1.044,-1.028,-0.976,0.96,0.964,-0.968,0.912,0.908,0.908,-0.9,-0.92,-0.976,0.968,-0.992,-0.992,-1.06,-1.048,-1.06,-1.064,-1.068,0.936,-0.992,-0.984,-0.972,0.956,0.952,-0.948,-0.94,0.936,0.952,-0.936,-0.932,-0.92,-0.92,-0.92,0.92,0.928,0.928,0.936,0.96,-1.032,0.972,0.972,0.968,0.972,-0.968,0.92,-0.9,-0.904,0.92,-0.88,-0.892,0.904,0.896,0.924,0.928,0.916,0.908,0.912,0.92,-0.92,-0.96,-0.948,-0.952,-0.956,-0.932,-0.944,-0.948,1,1.004,1.008,1.012,1.032,-1.036,-1.036,-1.032,-1.04,-1.032,-1.024,-1.032,-1.036,-1.008,-0.976,-0.996,-1.008,1.024,1.04,1.044,1.044,-1.076,-1.072,-1.064,0.92,-0.924,-0.924,0.94,-0.936,0.964,0.96,-0.976,-0.996,0.964,0.956,0.968,-0.972,-0.98,-0.988,-1.004,-1.032,-1.06,1.092,1.08,1.072,1.076,1.048,-1.076,-0.888,-0.884,-0.88,-0.92,0.924,0.936,0.92,0.92,0.92,0.924,0.912,0.948,-0.952,-0.964,0.936,-0.9,-0.9,-0.896,-0.892,-0.936,0.932,0.94,-0.916,-0.944,-0.956,-0.944,-0.94,-0.932,-0.928,-0.94,0.916,0.924,0.928,0.916,0.92,-0.9,-0.896,-0.9,-0.896,-0.9,0.912,-0.908,-0.92,-0.924,-0.94,1,-0.992,-0.992,-0.992,-1.02,-0.996,-0.976,-0.988,0.996,0.976,0.944,0.92,-0.936,-0.944,1.06,1.06,-1.036,1.004,1.004,-1.008,1.016,1.008,1.004,1,1.02,1.024,1.02,1.012,1.02,1.016,-1,-0.992,0.944,0.936,0.932,0.932,0.936,0.924,-0.952,0.956,0.936,0.936,0.92,0.904,0.92,0.932,0.936,0.92,0.92,-1.052,-1.036,1.052,1.04,-0.964,0.944,0.904,0.896,-0.916,-0.92,-0.9,-0.888,0.916,0.908,-0.948,-0.948,-0.936,-0.928,-0.924,-1.068,1.048,1.044,-1.06,1.052,1.04,1.04,1.036,1.024,-1.024,1.016,1.028,1.036,1.072,1.068,1.068,1.064,0.988,0.996,-1.028,-1.004,0.988,-0.98,-0.972,-0.96,-0.952
-1.072,-1.096,-1.092,-1.088,-1.088,-1.076,-1.072,1.052,1.056,1.076,1.068,1.084,1.076,1.08,-1.044,-1.028,-0.976,0.96,0.964,-0.968,0.912,0.908,0.908,-0.9,1.08,1.024,-1.032,1.008,1.008,0.94,0.952,0.94,0.936,0.932,0.936,-0.992,-0.984,-0.972,0.956,0.952,-0.948,-0.94,0.936,0.952,-0.936,-0.932,-0.92,-0.92,1.08,-1.08,-1.072,-1.072,-1.064,-1.04,-1.032,0.972,0.972,0.968,0.972,-0.968,0.92,-0.9,-0.904,0.92,-0.88,-0.892,-1.096,-1.104,-1.076,-1.072,-1.084,-1.092,-1.088,-1.08,1.08,1.04,1.052,1.048,1.044,1.068,1.056,1.052,-1,-0.996,-0.992,-0.988,-0.968,0.964,0.964,0.968,0.96,0.968,0.976,0.968,0.964,0.992,1.024,1.004,0.992,1.024,1.04,1.044,1.044,-1.076,-1.072,-1.064,-1.08,1.076,1.076,-1.06,1.064,-1.036,-1.04,1.024,1.004,-1.036,-1.044,-1.032,1.028,1.02,1.012,0.996,0.968,0.94,1.092,1.08,1.072,1.076,1.048,-1.076,1.112,1.116,1.12,1.08,-1.076,-1.064,-1.08,-1.08,-1.08,-1.076,-1.088,0.948,1.048,1.036,-1.064,1.1,1.1,1.104,1.108,1.064,-1.068,-1.06,1.084,1.056,1.044,1.056,1.06,1.068,1.072,1.06,-1.084,-1.076,-1.072,-1.084,-1.08,1.1,1.104,1.1,1.104,1.1,-1.088,1.092,1.08,1.076,1.06,-1,1.008,1.008,1.008,0.98,1.004,1.024,1.012,-1.004,-1.024,-1.056,-1.08,1.064,1.056,1.06,1.06,-1.036,1.004,1.004,-1.008,1.016,1.008,1.004,1,1.02,1.024,1.02,1.012,1.02,1.016,-1,-0.992,-1.056,-1.064,-1.068,-1.068,-1.064,-1.076,1.048,-1.044,-1.064,-1.064,-1.08,-1.096,-1.08,-1.068,-1.064,-1.08,-1.08,0.948,0.964,-0.948,-0.96,1.036,-1.056,-1.096,-1.104,1.084,1.08,1.1,1.112,-1.084,-1.092,1.052,1.052,1.064,1.072,1.076,-1.068,1.048,1.044,-1.06,1.052,1.04,-0.96,-0.964,-0.976,0.976,-0.984,-0.972,-0.964,-0.928,-0.932,-0.932,-0.936,-1.012,-1.004,0.972,0.996,-1.012,1.02,1.028,1.04,1.048
-1.072,-1.096,-1.092,-1.088,-1.088,-1.076,-1.072,1.052,1.056,1.076,1.068,1.084,1.076,1.08,-1.044,-1.028,-0.976,0.96,0.964,-0.968,-1.088,-1.092,-1.092,1.1,1.08,1.024,0.968,-0.992,-0.992,-1.06,-1.048,-1.06,-1.064,-1.068,-1.064,1.008,1.016,1.028,-1.044,-1.048,1.052,1.06,-1.064,-1.048,1.064,1.068,1.08,1.08,1.08,-1.08,-1.072,-1.072,-1.064,-1.04,-1.032,-1.028,-1.028,-1.032,-1.028,1.032,-1.08,1.1,1.096,-1.08,1.12,1.108,-1.096,-1.104,-1.076,-1.072,-1.084,-1.092,-1.088,-1.08,1.08,1.04,1.052,1.048,1.044,1.068,1.056,1.052,-1,-0.996,-0.992,-0.988,-0.968,0.964,0.964,0.968,0.96,0.968,0.976,0.968,0.964,0.992,1.024,1.004,0.992,-0.976,-0.96,-0.956,-0.956,0.924,-1.072,-1.064,-1.08,1.076,1.076,-1.06,-0.936,0.964,0.96,-0.976,-0.996,0.964,0.956,0.968,-0.972,-0.98,-0.988,-1.004,-1.032,-1.06,1.092,1.08,1.072,1.076,1.048,-1.076,1.112,1.116,1.12,1.08,-1.076,-1.064,-1.08,-1.08,-1.08,-1.076,-1.088,-1.052,-0.952,-0.964,0.936,-0.9,-0.9,-0.896,1.108,1.064,-1.068,-1.06,1.084,1.056,1.044,1.056,1.06,1.068,1.072,1.06,-1.084,-1.076,-1.072,-1.084,-1.08,1.1,1.104,1.1,1.104,1.1,0.912,-0.908,-0.92,-0.924,-0.94,1,-0.992,-0.992,-0.992,-1.02,1.004,1.024,1.012,-1.004,-1.024,-1.056,-1.08,1.064,1.056,1.06,1.06,-1.036,1.004,1.004,-1.008,1.016,1.008,1.004,1,1.02,1.024,1.02,1.012,1.02,1.016,-1,1.008,-1.056,-1.064,-1.068,-1.068,-1.064,-1.076,1.048,-1.044,-1.064,-1.064,-1.08,-1.096,-1.08,-1.068,-1.064,-1.08,-1.08,-1.052,-1.036,1.052,1.04,-0.964,0.944,0.904,0.896,-0.916,-0.92,-0.9,-0.888,0.916,-1.092,-0.948,-0.948,-0.936,-0.928,-0.924,0.932,-0.952,-0.956,0.94,-0.948,-0.96,-0.96,-0.964,-0.976,0.976,-0.984,-0.972,-0.964,-0.928,-0.932,-0.932,-0.936,-1.012,-1.004,0.972,0.996,-1.012,1.02,1.028,1.04,1.048
0.928,0.904,0.908,0.912,0.912,0.924,0.928,-0.948,-0.944,-0.924,-0.932,-0.916,-0.924,-0.92,0.956,0.972,-0.976,0.96,0.964,-0.968,0.912,0.908,0.908,-0.9,-0.92,-0.976,0.968,-0.992,-0.992,-1.06,-1.048,-1.06,-1.064,-1.068,-1.064,1.008,1.016,1.028,-1.044,-1.048,1.052,-0.94,0.936,0.952,-0.936,-0.932,-0.92,-0.92,-0.92,0.92,0.928,0.928,0.936,-1.04,-1.032,0.972,0.972,0.968,0.972,-0.968,0.92,-0.9,-0.904,0.92,-0.88,-0.892,0.904,0.896,0.924,0.928,0.916,0.908,0.912,0.92,-0.92,1.04,1.052,1.048,1.044,1.068,1.056,1.052,-1,-0.996,-0.992,-0.988,-0.968,0.964,0.964,0.968,0.96,0.968,0.976,0.968,0.964,0.992,1.024,1.004,0.992,-0.976,-0.96,-0.956,-0.956,0.924,0.928,0.936,0.92,-0.924,-0.924,0.94,-0.936,0.964,0.96,1.024,1.004,-1.036,-1.044,-1.032,1.028,1.02,1.012,0.996,0.968,0.94,-0.908,-0.92,-0.928,-0.924,-0.952,0.924,-0.888,-0.884,-0.88,-0.92,0.924,0.936,0.92,0.92,0.92,0.924,0.912,0.948,1.048,1.036,-1.064,1.1,1.1,-0.896,-0.892,1.064,-1.068,-1.06,1.084,1.056,1.044,1.056,1.06,1.068,1.072,1.06,-1.084,-1.076,-1.072,-1.084,-1.08,1.1,1.104,1.1,1.104,1.1,-1.088,1.092,1.08,1.076,1.06,-1,1.008,1.008,1.008,0.98,-0.996,-0.976,-0.988,0.996,0.976,0.944,0.92,-0.936,-0.944,-0.94,-0.94,0.964,-0.996,-0.996,0.992,-0.984,-0.992,1.004,1,1.02,1.024,1.02,1.012,1.02,1.016,-1,-0.992,0.944,0.936,0.932,0.932,0.936,0.924,-0.952,0.956,0.936,0.936,0.92,0.904,0.92,0.932,0.936,0.92,0.92,0.948,0.964,-0.948,-0.96,1.036,-1.056,-1.096,-1.104,1.084,1.08,-0.9,-0.888,0.916,0.908,-0.948,-0.948,-0.936,-0.928,-0.924,0.932,-0.952,-0.956,0.94,-0.948,-0.96,-0.96,-0.964,-0.976,0.976,-0.984,-0.972,-0.964,-0.928,1.068,1.068,1.064,0.988,0.996,-1.028,-1.004,0.988,-0.98,-0.972,-0.96,-0.952
-1.072,-1.096,-1.092,-1.088,-1.088,-1.076,-1.072,1.052,1.056,-0.924,-0.932,-0.916,-0.924,-0.92,0.956,0.972,1.024,-1.04,-1.036,1.032,-1.088,-1.092,-1.092,1.1,1.08,1.024,-1.032,1.008,1.008,0.94,0.952,0.94,0.936,0.932,0.936,1.008,1.016,1.028,-1.044,-1.048,1.052,1.06,-1.064,-1.048,1.064,1.068,1.08,1.08,1.08,-1.08,-1.072,-1.072,-1.064,-1.04,-1.032,0.972,0.972,0.968,0.972,-0.968,0.92,-0.9,-0.904,0.92,-0.88,1.108,-1.096,-1.104,-1.076,-1.072,-1.084,-1.092,-1.088,-1.08,1.08,1.04,1.052,1.048,1.044,1.068,1.056,1.052,-1,-0.996,-0.992,-0.988,-0.968,0.964,0.964,0.968,0.96,0.968,0.976,0.968,0.964,0.992,1.024,1.004,0.992,-0.976,-0.96,-0.956,1.044,-1.076,-1.072,-1.064,-1.08,1.076,1.076,-1.06,1.064,-1.036,-1.04,1.024,1.004,-1.036,-1.044,-1.032,1.028,1.02,1.012,0.996,0.968,0.94,-0.908,-0.92,-0.928,-0.924,-0.952,-1.076,1.112,1.116,1.12,1.08,-1.076,0.936,0.92,0.92,0.92,0.924,0.912,0.948,1.048,1.036,-1.064,1.1,1.1,1.104,1.108,1.064,-1.068,-1.06,1.084,1.056,1.044,1.056,1.06,1.068,1.072,1.06,-1.084,-1.076,-1.072,-1.084,-1.08,1.1,1.104,1.1,1.104,1.1,-1.088,-0.908,-0.92,-0.924,-0.94,1,-0.992,-0.992,-0.992,-1.02,1.004,1.024,1.012,-1.004,-1.024,-1.056,-1.08,1.064,1.056,1.06,1.06,-1.036,1.004,1.004,-1.008,1.016,1.008,1.004,1,1.02,1.024,1.02,1.012,1.02,1.016,-1,-0.992,0.944,0.936,0.932,0.932,0.936,0.924,-0.952,-1.044,-1.064,-1.064,-1.08,-1.096,-1.08,-1.068,-1.064,-1.08,-1.08,0.948,0.964,-0.948,-0.96,1.036,-1.056,-1.096,-1.104,1.084,1.08,1.1,1.112,-1.084,-1.092,1.052,1.052,1.064,1.072,1.076,-1.068,1.048,1.044,-1.06,1.052,1.04,1.04,1.036,1.024,-1.024,1.016,1.028,1.036,1.072,1.068,1.068,1.064,0.988,0.996,-1.028,-1.004,0.988,1.02,1.028,1.04,1.048
-1.072,-1.096,-1.092,-1.088,-1.088,-1.076,-1.072,1.052,1.056,1.076,1.068,-0.916,-0.924,-0.92,0.956,0.972,1.024,-1.04,-1.036,1.032,-1.088,-1.092,-1.092,1.1,1.08,1.024,-1.032,1.008,1.008,0.94,0.952,0.94,0.936,0.932,0.936,-0.992,-0.984,-0.972,-1.044,-1.048,1.052,1.06,-1.064,-1.048,1.064,1.068,1.08,1.08,1.08,-1.08,-1.072,-1.072,-1.064,-1.04,-1.032,-1.028,-1.028,-1.032,-1.028,1.032,-1.08,1.1,1.096,-1.08,1.12,1.108,-1.096,-1.104,-1.076,-1.072,-1.084,-1.092,-1.088,-1.08,1.08,1.04,1.052,1.048,1.044,-0.932,-0.944,-0.948,1,1.004,1.008,1.012,1.032,-1.036,-1.036,-1.032,-1.04,-1.032,-1.024,-1.032,-1.036,-1.008,-0.976,-0.996,-1.008,1.024,1.04,1.044,1.044,-1.076,-1.072,-1.064,-1.08,1.076,1.076,-1.06,1.064,-1.036,-1.04,1.024,1.004,-1.036,-1.044,-1.032,1.028,1.02,1.012,0.996,0.968,0.94,-0.908,-0.92,-0.928,-0.924,-0.952,0.924,1.112,1.116,1.12,1.08,-1.076,0.936,0.92,0.92,0.92,0.924,0.912,0.948,1.048,1.036,-1.064,1.1,1.1,1.104,1.108,-0.936,0.932,0.94,-0.916,-0.944,-0.956,-0.944,-0.94,-0.932,-0.928,-0.94,0.916,0.924,0.928,0.916,0.92,-0.9,-0.896,-0.9,-0.896,-0.9,0.912,-0.908,-0.92,-0.924,-0.94,1,-0.992,-0.992,-0.992,-1.02,1.004,1.024,1.012,-1.004,-1.024,-1.056,-1.08,1.064,1.056,1.06,1.06,-1.036,1.004,1.004,-1.008,1.016,1.008,-0.996,-1,-0.98,-0.976,-0.98,-0.988,-0.98,-0.984,1,1.008,-1.056,-1.064,-1.068,-1.068,-1.064,-1.076,1.048,-1.044,-1.064,-1.064,-1.08,-1.096,0.92,0.932,0.936,0.92,0.92,0.948,0.964,-0.948,-0.96,1.036,-1.056,-1.096,-1.104,1.084,1.08,1.1,1.112,-1.084,-1.092,1.052,1.052,1.064,1.072,1.076,-1.068,1.048,1.044,0.94,-0.948,-0.96,-0.96,-0.964,-0.976,0.976,-0.984,-0.972,-0.964,-0.928,-0.932,-0.932,-0.936,-1.012,-1.004,0.972,0.996,-1.012,1.02,1.028,1.04,1.048
-1.072,-1.096,-1.092,-1.088,-1.088,-1.076,-1.072,1.052,1.056,1.076,1.068,1.084,1.076,1.08,-1.044,0.972,1.024,-1.04,-1.036,1.032,-1.088,-1.092,-1.092,1.1,1.08,1.024,-1.032,1.008,1.008,0.94,0.952,-1.06,-1.064,-1.068,-1.064,1.008,1.016,1.028,-1.044,-1.048,1.052,1.06,-1.064,-1.048,1.064,1.068,1.08,1.08,1.08,-1.08,-1.072,-1.072,-1.064,-1.04,-1.032,0.972,0.972,0.968,0.972,-0.968,0.92,-0.9,-0.904,-1.08,1.12,1.108,-1.096,-1.104,-1.076,-1.072,-1.084,-1.092,-1.088,-1.08,1.08,1.04,1.052,1.048,1.044,1.068,1.056,1.052,-1,-0.996,-0.992,-0.988,-0.968,0.964,0.964,0.968,0.96,0.968,0.976,0.968,0.964,-1.008,-0.976,-0.996,-1.008,1.024,1.04,1.044,1.044,-1.076,-1.072,-1.064,-1.08,1.076,1.076,-1.06,1.064,-1.036,-1.04,1.024,1.004,-1.036,-1.044,-1.032,1.028,1.02,1.012,0.996,0.968,0.94,1.092,1.08,1.072,1.076,1.048,-1.076,1.112,1.116,1.12,1.08,-1.076,-1.064,-1.08,-1.08,-1.08,-1.076,-1.088,-1.052,1.048,1.036,-1.064,1.1,1.1,1.104,1.108,1.064,-1.068,-1.06,1.084,1.056,1.044,-0.944,-0.94,-0.932,-0.928,-0.94,0.916,0.924,0.928,0.916,0.92,-0.9,-0.896,-0.9,-0.896,-0.9,0.912,-0.908,-0.92,-0.924,-0.94,1,-0.992,-0.992,-0.992,-1.02,1.004,1.024,1.012,-1.004,-1.024,-1.056,-1.08,1.064,1.056,1.06,1.06,-1.036,1.004,1.004,0.992,-0.984,-0.992,-0.996,-1,-0.98,-0.976,-0.98,-0.988,-0.98,-0.984,1,1.008,-1.056,-1.064,-1.068,-1.068,-1.064,-1.076,1.048,-1.044,-1.064,-1.064,-1.08,-1.096,-1.08,-1.068,-1.064,-1.08,-1.08,-1.052,-1.036,1.052,1.04,-0.964,0.944,0.904,0.896,-0.916,-0.92,-0.9,-0.888,0.916,0.908,1.052,1.052,1.064,1.072,1.076,-1.068,1.048,1.044,0.94,-0.948,-0.96,-0.96,-0.964,-0.976,0.976,-0.984,-0.972,-0.964,-0.928,-0.932,-0.932,-0.936,-1.012,-1.004,0.972,0.996,-1.012,1.02,1.028,1.04,1.048
0.928,0.904,0.908,0.912,0.912,0.924,0.928,-0.948,-0.944,-0.924,-0.932,-0.916,-0.924,-0.92,0.956,0.972,-0.976,0.96,0.964,-0.968,0.912,0.908,0.908,-0.9,-0.92,1.024,-1.032,1.008,1.008,0.94,0.952,0.94,0.936,0.932,0.936,-0.992,-0.984,-0.972,0.956,0.952,-0.948,-0.94,0.936,0.952,-0.936,-0.932,-0.92,-0.92,-0.92,0.92,0.928,0.928,0.936,0.96,0.968,0.972,0.972,0.968,0.972,-0.968,0.92,-0.9,-0.904,0.92,-0.88,-0.892,0.904,0.896,0.924,0.928,0.916,0.908,0.912,0.92,-0.92,-0.96,-0.948,-0.952,-0.956,-0.932,-0.944,-0.948,1,1.004,1.008,1.012,1.032,-1.036,-1.036,-1.032,-1.04,-1.032,-1.024,-1.032,-1.036,-1.008,1.024,1.004,0.992,-0.976,-0.96,-0.956,-0.956,0.924,0.928,0.936,0.92,-0.924,-0.924,0.94,-0.936,0.964,0.96,-0.976,1.004,-1.036,-1.044,-1.032,1.028,1.02,1.012,0.996,0.968,0.94,-0.908,-0.92,-0.928,-0.924,-0.952,0.924,-0.888,-0.884,-0.88,-0.92,0.924,-1.064,-1.08,-1.08,-1.08,-1.076,-1.088,-1.052,-0.952,-0.964,0.936,-0.9,-0.9,-0.896,-0.892,-0.936,0.932,0.94,-0.916,-0.944,-0.956,-0.944,-0.94,-0.932,-0.928,-0.94,0.916,0.924,0.928,0.916,0.92,-0.9,-0.896,-0.9,-0.896,-0.9,-1.088,1.092,1.08,1.076,1.06,-1,1.008,1.008,1.008,0.98,-0.996,-0.976,-0.988,0.996,0.976,0.944,0.92,-0.936,-0.944,-0.94,-0.94,0.964,1.004,1.004,-1.008,1.016,1.008,1.004,1,1.02,1.024,1.02,1.012,1.02,1.016,-1,-0.992,0.944,0.936,0.932,0.932,0.936,0.924,-0.952,0.956,0.936,0.936,0.92,0.904,0.92,0.932,-1.064,-1.08,-1.08,-1.052,-1.036,1.052,1.04,-0.964,0.944,0.904,0.896,-0.916,-0.92,-0.9,-0.888,0.916,0.908,-0.948,-0.948,-0.936,-0.928,-0.924,0.932,-0.952,-0.956,0.94,-0.948,-0.96,-0.96,-0.964,-0.976,0.976,-0.984,-0.972,-0.964,-0.928,-0.932,-0.932,-0.936,-1.012,-1.004,0.972,0.996,-1.012,-0.98,-0.972,-0.96,-0.952
0.928,0.904,-1.092,-1.088,-1.088,-1.076,-1.072,1.052,1.056,1.076,1.068,1.084,1.076,1.08,-1.044,-1.028,-0.976,0.96,0.964,-0.968,0.912,0.908,0.908,-0.9,-0.92,-0.976,0.968,-0.992,-0.992,-1.06,-1.048,-1.06,-1.064,-1.068,-1.064,1.008,1.016,1.028,-1.044,-1.048,1.052,1.06,0.936,0.952,-0.936,-0.932,-0.92,-0.92,-0.92,0.92,0.928,0.928,0.936,0.96,0.968,-1.028,-1.028,-1.032,-1.028,1.032,-1.08,1.1,1.096,-1.08,1.12,-0.892,0.904,0.896,0.924,0.928,0.916,0.908,0.912,0.92,-0.92,-0.96,-0.948,-0.952,-0.956,-0.932,-0.944,-0.948,-1,-0.996,-0.992,-0.988,-0.968,0.964,0.964,0.968,0.96,0.968,0.976,0.968,0.964,0.992,1.024,1.004,0.992,-0.976,-0.96,-0.956,-0.956,0.924,0.928,0.936,0.92,-0.924,-0.924,0.94,-0.936,0.964,-1.04,1.024,1.004,-1.036,-1.044,-1.032,1.028,1.02,1.012,0.996,0.968,0.94,-0.908,-0.92,-0.928,-0.924,-0.952,0.924,-0.888,-0.884,-0.88,-0.92,0.924,-1.064,-1.08,-1.08,-1.08,-1.076,-1.088,-1.052,-0.952,-0.964,0.936,-0.9,-0.9,-0.896,-0.892,-0.936,0.932,0.94,-0.916,-0.944,-0.956,-0.944,-0.94,-0.932,-0.928,-0.94,0.916,0.924,0.928,0.916,0.92,-0.9,-0.896,-0.9,-0.896,-0.9,0.912,-0.908,-0.92,-0.924,-0.94,1,-0.992,-0.992,-0.992,-1.02,1.004,-0.976,-0.988,0.996,0.976,0.944,0.92,-0.936,-0.944,-0.94,-0.94,0.964,-0.996,-0.996,0.992,-0.984,-0.992,-0.996,-1,1.02,1.024,1.02,1.012,1.02,1.016,-1,-0.992,0.944,0.936,0.932,0.932,0.936,0.924,-0.952,0.956,0.936,0.936,0.92,0.904,0.92,0.932,0.936,0.92,0.92,-1.052,-1.036,1.052,1.04,-0.964,0.944,0.904,0.896,-0.916,-0.92,-0.9,-0.888,0.916,0.908,-0.948,-0.948,-0.936,-0.928,-0.924,0.932,-0.952,-0.956,0.94,-0.948,1.04,1.04,1.036,1.024,-1.024,1.016,1.028,1.036,1.072,1.068,1.068,1.064,0.988,0.996,-1.028,-1.004,0.988,-0.98,-0.972,-0.96,-0.952
-1.072,-1.096,-1.092,-1.088,-1.088,-1.076,-1.072,1.052,1.056,1.076,1.068,1.084,1.076,1.08,-1.044,-1.028,-0.976,-1.04,-1.036,1.032,-1.088,-1.092,-1.092,1.1,1.08,1.024,-1.032,1.008,1.008,0.94,0.952,0.94,0.936,0.932,0.936,-0.992,-0.984,-0.972,0.956,0.952,-0.948,-0.94,-1.064,-1.048,1.064,1.068,1.08,1.08,1.08,-1.08,-1.072,-1.072,-1.064,-1.04,-1.032,0.972,0.972,0.968,0.972,-0.968,0.92,-0.9,-0.904,0.92,-0.88,1.108,-1.096,-1.104,-1.076,-1.072,-1.084,-1.092,-1.088,-1.08,1.08,1.04,1.052,1.048,1.044,-0.932,-0.944,-0.948,1,1.004,1.008,1.012,1.032,-1.036,-1.036,-1.032,-1.04,-1.032,-1.024,-1.032,-1.036,-1.008,-0.976,-0.996,-1.008,1.024,1.04,1.044,1.044,-1.076,-1.072,-1.064,-1.08,1.076,1.076,-1.06,1.064,-1.036,-1.04,1.024,1.004,-1.036,-1.044,-1.032,1.028,1.02,1.012,0.996,0.968,0.94,-0.908,-0.92,-0.928,-0.924,1.048,-1.076,1.112,1.116,1.12,1.08,-1.076,0.936,0.92,0.92,0.92,0.924,0.912,0.948,1.048,1.036,-1.064,1.1,1.1,1.104,1.108,1.064,-1.068,-1.06,1.084,1.056,1.044,1.056,1.06,1.068,1.072,1.06,-1.084,-1.076,-1.072,-1.084,-1.08,1.1,1.104,1.1,1.104,1.1,-1.088,1.092,1.08,1.076,1.06,-1,1.008,1.008,1.008,0.98,-0.996,1.024,1.012,-1.004,-1.024,-1.056,-1.08,1.064,1.056,1.06,1.06,-1.036,1.004,1.004,-1.008,1.016,1.008,1.004,1,1.02,1.024,1.02,1.012,1.02,-0.984,1,1.008,-1.056,-1.064,-1.068,-1.068,-1.064,-1.076,1.048,-1.044,-1.064,-1.064,-1.08,-1.096,-1.08,-1.068,-1.064,-1.08,-1.08,-1.052,-1.036,1.052,1.04,-0.964,0.944,0.904,0.896,-0.916,-0.92,-0.9,-0.888,0.916,-1.092,1.052,1.052,1.064,1.072,1.076,-1.068,1.048,1.044,-1.06,1.052,1.04,1.04,1.036,1.024,-1.024,1.016,1.028,1.036,-0.928,-0.932,-0.932,-0.936,-1.012,-1.004,0.972,0.996,-1.012,1.02,1.028,1.04,1.048
0.928,0.904,0.908,0.912,0.912,0.924,0.928,-0.948,-0.944,-0.924,-0.932,-0.916,-0.924,-0.92,0.956,0.972,1.024,-1.04,-1.036,1.032,-1.088,-1.092,-1.092,1.1,1.08,1.024,-1.032,1.008,1.008,0.94,0.952,0.94,0.936,0.932,0.936,-0.992,-0.984,-0.972,0.956,0.952,-0.948,-0.94,0.936,0.952,-0.936,-0.932,1.08,1.08,1.08,-1.08,-1.072,-1.072,-1.064,-1.04,-1.032,0.972,0.972,0.968,0.972,-0.968,0.92,-0.9,-0.904,-1.08,1.12,1.108,-1.096,-1.104,-1.076,-1.072,-1.084,-1.092,-1.088,-1.08,1.08,1.04,1.052,1.048,1.044,1.068,1.056,1.052,-1,-0.996,-0.992,-0.988,-0.968,0.964,0.964,0.968,0.96,0.968,0.976,0.968,0.964,-1.008,-0.976,-0.996,-1.008,1.024,1.04,1.044,1.044,-1.076,-1.072,-1.064,-1.08,1.076,1.076,-1.06,1.064,-1.036,-1.04,1.024,1.004,0.964,0.956,0.968,-0.972,-0.98,-0.988,-1.004,-1.032,-1.06,1.092,1.08,1.072,1.076,1.048,-1.076,1.112,1.116,1.12,1.08,-1.076,0.936,0.92,0.92,0.92,0.924,0.912,0.948,1.048,1.036,-1.064,1.1,1.1,1.104,1.108,1.064,-1.068,-1.06,1.084,1.056,1.044,1.056,1.06,1.068,1.072,1.06,-1.084,-1.076,-1.072,-1.084,-1.08,1.1,1.104,1.1,1.104,1.1,-1.088,1.092,1.08,1.076,1.06,-1,1.008,1.008,1.008,0.98,-0.996,-0.976,1.012,-1.004,-1.024,-1.056,-1.08,1.064,1.056,1.06,1.06,-1.036,1.004,1.004,-1.008,1.016,1.008,1.004,1,1.02,-0.976,-0.98,-0.988,-0.98,-0.984,1,1.008,-1.056,-1.064,-1.068,-1.068,-1.064,-1.076,1.048,-1.044,-1.064,-1.064,-1.08,-1.096,-1.08,-1.068,-1.064,-1.08,-1.08,0.948,0.964,-0.948,-0.96,1.036,-1.056,-1.096,-1.104,1.084,1.08,1.1,1.112,-1.084,-1.092,1.052,1.052,1.064,1.072,1.076,-1.068,1.048,1.044,-1.06,1.052,1.04,1.04,1.036,1.024,-1.024,1.016,1.028,1.036,1.072,1.068,1.068,1.064,0.988,0.996,0.972,0.996,-1.012,1.02,1.028,1.04,1.048
-1.072,-1.096,-1.092,-1.088,-1.088,-1.076,-1.072,1.052,1.056,1.076,1.068,1.084,1.076,1.08,-1.044,-1.028,1.024,-1.04,-1.036,1.032,-1.088,-1.092,-1.092,1.1,1.08,1.024,-1.032,1.008,1.008,0.94,0.952,0.94,0.936,0.932,0.936,1.008,1.016,1.028,-1.044,-1.048,1.052,1.06,-1.064,-1.048,1.064,1.068,1.08,1.08,1.08,-1.08,-1.072,-1.072,-1.064,-1.04,-1.032,0.972,0.972,0.968,0.972,-0.968,0.92,-0.9,-0.904,0.92,-0.88,-0.892,0.904,0.896,0.924,-1.072,-1.084,-1.092,-1.088,-1.08,1.08,-0.96,-0.948,-0.952,-0.956,-0.932,-0.944,-0.948,1,1.004,1.008,1.012,1.032,-1.036,-1.036,-1.032,-1.04,-1.032,-1.024,-1.032,-1.036,-1.008,-0.976,-0.996,-1.008,1.024,1.04,1.044,1.044,-1.076,-1.072,-1.064,-1.08,1.076,1.076,-1.06,1.064,-1.036,-1.04,1.024,1.004,-1.036,-1.044,-1.032,1.028,-0.98,-0.988,-1.004,-1.032,-1.06,1.092,1.08,1.072,1.076,1.048,-1.076,1.112,1.116,1.12,1.08,-1.076,-1.064,-1.08,-1.08,-1.08,-1.076,0.912,0.948,1.048,1.036,-1.064,1.1,1.1,1.104,1.108,1.064,-1.068,-1.06,1.084,1.056,1.044,1.056,1.06,1.068,1.072,1.06,-1.084,-1.076,-1.072,-1.084,-1.08,-0.9,-0.896,-0.9,-0.896,-0.9,0.912,-0.908,-0.92,-0.924,-0.94,1,-0.992,-0.992,-0.992,-1.02,1.004,1.024,1.012,-1.004,-1.024,-1.056,-1.08,1.064,1.056,1.06,1.06,-1.036,1.004,1.004,-1.008,1.016,1.008,1.004,1,1.02,1.024,-0.98,-0.988,-0.98,-0.984,1,1.008,-1.056,-1.064,-1.068,-1.068,-1.064,-1.076,1.048,-1.044,-1.064,-1.064,-1.08,-1.096,-1.08,-1.068,-1.064,-1.08,-1.08,-1.052,-1.036,1.052,1.04,1.036,-1.056,-1.096,-1.104,1.084,1.08,1.1,1.112,-1.084,-1.092,1.052,1.052,1.064,1.072,1.076,-1.068,1.048,1.044,-1.06,1.052,1.04,1.04,1.036,1.024,-1.024,1.016,1.028,1.036,1.072,1.068,1.068,1.064,0.988,0.996,-1.028,0.996,-1.012,1.02,1.028,1.04,1.048
-1.072,-1.096,-1.092,-1.088,-1.088,-1.076,-1.072,1.052,1.056,-0.924,-0.932,-0.916,-0.924,-0.92,0.956,0.972,1.024,-1.04,-1.036,1.032,-1.088,-1.092,-1.092,1.1,1.08,1.024,-1.032,1.008,1.008,0.94,0.952,0.94,0.936,0.932,0.936,1.008,1.016,1.028,-1.044,-1.048,1.052,1.06,-1.064,-1.048,1.064,1.068,1.08,1.08,1.08,-1.08,-1.072,-1.072,-1.064,-1.04,-1.032,0.972,0.972,0.968,0.972,-0.968,0.92,-0.9,-0.904,0.92,-0.88,1.108,-1.096,-1.104,-1.076,-1.072,-1.084,-1.092,-1.088,-1.08,1.08,1.04,1.052,1.048,1.044,1.068,1.056,1.052,-1,-0.996,-0.992,-0.988,-0.968,0.964,0.964,0.968,0.96,0.968,0.976,0.968,0.964,0.992,-0.976,-0.996,-1.008,1.024,1.04,1.044,1.044,-1.076,-1.072,-1.064,-1.08,1.076,1.076,-1.06,1.064,-1.036,-1.04,1.024,1.004,-1.036,-1.044,0.968,-0.972,-0.98,-0.988,-1.004,-1.032,-1.06,1.092,1.08,1.072,1.076,1.048,-1.076,1.112,1.116,1.12,1.08,-1.076,-1.064,-1.08,-1.08,-1.08,-1.076,-1.088,0.948,1.048,1.036,-1.064,1.1,1.1,1.104,1.108,1.064,-1.068,-1.06,1.084,1.056,1.044,1.056,1.06,1.068,1.072,1.06,-1.084,-1.076,-1.072,-1.084,-1.08,1.1,1.104,-0.9,-0.896,-0.9,0.912,-0.908,-0.92,-0.924,-0.94,1,-0.992,-0.992,-0.992,-1.02,1.004,1.024,1.012,-1.004,-1.024,-1.056,-1.08,1.064,1.056,1.06,1.06,-1.036,1.004,1.004,-1.008,1.016,1.008,1.004,1,1.02,1.024,1.02,1.012,1.02,1.016,-1,-0.992,0.944,0.936,0.932,0.932,-1.064,-1.076,1.048,-1.044,-1.064,-1.064,-1.08,-1.096,-1.08,-1.068,-1.064,-1.08,-1.08,0.948,0.964,-0.948,-0.96,1.036,-1.056,-1.096,-1.104,1.084,1.08,1.1,1.112,-1.084,-1.092,1.052,1.052,1.064,1.072,1.076,-1.068,1.048,1.044,-1.06,1.052,1.04,1.04,1.036,1.024,-1.024,1.016,1.028,1.036,-0.928,-0.932,-0.932,-0.936,-1.012,-1.004,0.972,0.996,-1.012,1.02,1.028,1.04,1.048
-1.072,0.904,0.908,0.912,0.912,0.924,0.928,-0.948,-0.944,-0.924,-0.932,-0.916,-0.924,-0.92,0.956,0.972,1.024,-1.04,-1.036,1.032,-1.088,-1.092,-1.092,1.1,1.08,1.024,-1.032,-0.992,-0.992,-1.06,-1.048,-1.06,-1.064,-1.068,-1.064,1.008,1.016,1.028,-1.044,-1.048,1.052,1.06,-1.064,-1.048,1.064,1.068,1.08,1.08,1.08,-1.08,-1.072,-1.072,-1.064,-1.04,-1.032,-1.028,-1.028,-1.032,-1.028,1.032,-1.08,1.1,1.096,-1.08,1.12,1.108,-1.096,-1.104,-1.076,-1.072,-1.084,-1.092,-1.088,-1.08,1.08,1.04,1.052,1.048,1.044,1.068,1.056,1.052,-1,-0.996,-0.992,-0.988,1.032,-1.036,-1.036,-1.032,-1.04,-1.032,-1.024,-1.032,-1.036,-1.008,-0.976,-0.996,-1.008,1.024,1.04,1.044,1.044,-1.076,-1.072,-1.064,-1.08,1.076,1.076,-1.06,1.064,-1.036,-1.04,1.024,1.004,0.964,0.956,0.968,-0.972,-0.98,-0.988,-1.004,-1.032,-1.06,1.092,1.08,1.072,1.076,1.048,-1.076,1.112,1.116,1.12,1.08,-1.076,-1.064,-1.08,-1.08,-1.08,-1.076,-1.088,-1.052,1.048,1.036,-1.064,1.1,1.1,1.104,1.108,1.064,-1.068,-1.06,1.084,1.056,1.044,1.056,1.06,1.068,1.072,1.06,-1.084,-1.076,-1.072,-1.084,-1.08,1.1,1.104,1.1,1.104,1.1,-1.088,1.092,1.08,-0.924,-0.94,1,-0.992,-0.992,-0.992,-1.02,1.004,1.024,1.012,-1.004,-1.024,-1.056,-1.08,1.064,1.056,1.06,1.06,-1.036,1.004,1.004,-1.008,-0.984,-0.992,-0.996,-1,-0.98,-0.976,-0.98,-0.988,-0.98,-0.984,1,1.008,-1.056,-1.064,-1.068,-1.068,-1.064,-1.076,1.048,-1.044,-1.064,-1.064,-1.08,-1.096,-1.08,-1.068,-1.064,-1.08,-1.08,-1.052,-1.036,1.052,1.04,-0.964,0.944,0.904,0.896,-0.916,-0.92,-0.9,-0.888,0.916,0.908,1.052,1.052,1.064,1.072,1.076,-1.068,1.048,1.044,-1.06,1.052,1.04,1.04,1.036,1.024,-1.024,1.016,1.028,1.036,1.072,1.068,1.068,1.064,0.988,0.996,-1.028,-1.004,-1.012,1.02,1.028,1.04,1.048
-1.072,-1.096,-1.092,-1.088,-1.088,-1.076,-1.072,1.052,1.056,1.076,1.068,-0.916,-0.924,-0.92,0.956,0.972,1.024,-1.04,-1.036,1.032,-1.088,-1.092,-1.092,1.1,1.08,1.024,-1.032,1.008,1.008,-1.06,-1.048,-1.06,-1.064,-1.068,-1.064,1.008,1.016,1.028,-1.044,-1.048,1.052,1.06,-1.064,-1.048,1.064,1.068,1.08,1.08,1.08,0.92,0.928,0.928,0.936,0.96,0.968,-1.028,-1.028,-1.032,-1.028,1.032,-1.08,1.1,1.096,-1.08,1.12,1.108,-1.096,-1.104,-1.076,-1.072,-1.084,-1.092,-1.088,-1.08,1.08,1.04,1.052,1.048,1.044,1.068,1.056,1.052,-1,-0.996,-0.992,-0.988,-0.968,0.964,0.964,0.968,0.96,0.968,0.976,0.968,0.964,0.992,1.024,1.004,0.992,-0.976,-0.96,-0.956,-0.956,0.924,0.928,0.936,-1.08,1.076,1.076,-1.06,1.064,-1.036,-1.04,1.024,1.004,-1.036,-1.044,-1.032,1.028,1.02,1.012,0.996,0.968,0.94,-0.908,-0.92,-0.928,-0.924,-0.952,0.924,-0.888,-0.884,-0.88,1.08,-1.076,-1.064,-1.08,-1.08,-1.08,-1.076,-1.088,0.948,1.048,1.036,-1.064,1.1,1.1,1.104,1.108,1.064,-1.068,-1.06,1.084,1.056,1.044,1.056,1.06,1.068,1.072,1.06,-1.084,-1.076,-1.072,-1.084,-1.08,1.1,1.104,1.1,1.104,1.1,-1.088,1.092,1.08,1.076,1.06,1,-0.992,-0.992,-0.992,-1.02,1.004,1.024,1.012,-1.004,-1.024,-1.056,-1.08,1.064,1.056,1.06,1.06,-1.036,1.004,-0.996,0.992,-0.984,-0.992,-0.996,-1,-0.98,-0.976,-0.98,-0.988,-0.98,-0.984,1,1.008,-1.056,-1.064,-1.068,-1.068,-1.064,-1.076,1.048,-1.044,-1.064,-1.064,-1.08,-1.096,-1.08,-1.068,-1.064,-1.08,-1.08,0.948,0.964,-0.948,-0.96,1.036,-1.056,-1.096,-1.104,1.084,1.08,1.1,1.112,-1.084,-1.092,1.052,1.052,1.064,1.072,1.076,-1.068,1.048,1.044,-1.06,1.052,1.04,1.04,1.036,1.024,-1.024,1.016,1.028,1.036,1.072,1.068,1.068,1.064,-1.012,-1.004,0.972,0.996,-1.012,1.02,1.028,1.04,1.048
0.928,0.904,0.908,0.912,0.912,0.924,0.928,-0.948,-0.944,-0.924,-0.932,-0.916,-0.924,-0.92,0.956,0.972,1.024,-1.04,-1.036,1.032,0.912,0.908,0.908,-0.9,-0.92,-0.976,0.968,-0.992,-0.992,-1.06,-1.048,-1.06,-1.064,-1.068,-1.064,1.008,1.016,1.028,-1.044,-1.048,1.052,1.06,0.936,0.952,-0.936,-0.932,-0.92,-0.92,-0.92,0.92,0.928,0.928,0.936,0.96,0.968,0.972,0.972,0.968,0.972,-0.968,0.92,-0.9,-0.904,0.92,-0.88,-0.892,0.904,0.896,0.924,0.928,0.916,0.908,0.912,0.92,-0.92,-0.96,-0.948,-0.952,-0.956,-0.932,-0.944,-0.948,1,1.004,1.008,1.012,1.032,-1.036,-1.036,-1.032,-1.04,-1.032,-1.024,-1.032,-1.036,-1.008,-0.976,-0.996,-1.008,1.024,1.04,1.044,1.044,-1.076,-1.072,0.936,0.92,-0.924,-0.924,0.94,-0.936,0.964,0.96,-0.976,-0.996,-1.036,-1.044,-1.032,1.028,1.02,1.012,0.996,0.968,0.94,-0.908,-0.92,-0.928,-0.924,-0.952,0.924,-0.888,-0.884,-0.88,-0.92,0.924,0.936,0.92,0.92,0.92,0.924,0.912,0.948,1.048,-0.964,0.936,-0.9,-0.9,-0.896,-0.892,-0.936,0.932,0.94,-0.916,-0.944,-0.956,-0.944,-0.94,-0.932,-0.928,-0.94,0.916,0.924,0.928,0.916,0.92,-0.9,-0.896,-0.9,-0.896,-0.9,0.912,-0.908,-0.92,-0.924,-0.94,1,-0.992,-0.992,-0.992,-1.02,1.004,-0.976,-0.988,0.996,0.976,0.944,0.92,-0.936,-0.944,-0.94,-0.94,-1.036,1.004,1.004,-1.008,1.016,1.008,1.004,1,1.02,1.024,1.02,1.012,1.02,1.016,-1,-0.992,0.944,0.936,0.932,0.932,0.936,0.924,-0.952,0.956,0.936,0.936,0.92,0.904,0.92,0.932,0.936,0.92,0.92,0.948,0.964,-0.948,-0.96,-0.964,0.944,0.904,0.896,-0.916,-0.92,-0.9,-0.888,0.916,0.908,-0.948,-0.948,-0.936,-0.928,-0.924,0.932,-0.952,-0.956,0.94,-0.948,-0.96,-0.96,-0.964,-0.976,0.976,-0.984,-0.972,-0.964,-0.928,-0.932,-0.932,-0.936,0.988,0.996,-1.028,-1.004,0.988,-0.98,-0.972,-0.96,-0.952
-1.072,-1.096,-1.092,-1.088,-1.088,-1.076,-1.072,1.052,1.056,-0.924,-0.932,-0.916,-0.924,-0.92,0.956,0.972,1.024,-1.04,-1.036,1.032,-1.088,-1.092,-1.092,1.1,1.08,1.024,-1.032,1.008,1.008,0.94,0.952,0.94,0.936,0.932,0.936,-0.992,-0.984,-0.972,0.956,0.952,-0.948,-0.94,0.936,0.952,1.064,1.068,1.08,1.08,1.08,-1.08,-1.072,-1.072,-1.064,-1.04,-1.032,0.972,0.972,0.968,0.972,-0.968,-1.08,1.1,1.096,-1.08,1.12,1.108,-1.096,-1.104,-1.076,-1.072,-1.084,-1.092,-1.088,-1.08,1.08,1.04,1.052,1.048,1.044,1.068,1.056,1.052,-1,-0.996,-0.992,-0.988,-0.968,0.964,0.964,0.968,0.96,0.968,0.976,0.968,0.964,0.992,-0.976,-0.996,-1.008,1.024,1.04,1.044,1.044,-1.076,-1.072,-1.064,-1.08,1.076,1.076,0.94,-0.936,0.964,0.96,-0.976,-0.996,0.964,0.956,0.968,-0.972,-0.98,-0.988,-1.004,-1.032,-1.06,1.092,1.08,1.072,1.076,1.048,-1.076,1.112,1.116,1.12,1.08,-1.076,-1.064,-1.08,-1.08,-1.08,-1.076,-1.088,0.948,1.048,1.036,-1.064,1.1,1.1,1.104,1.108,1.064,-1.068,-1.06,1.084,1.056,1.044,1.056,1.06,1.068,1.072,1.06,-1.084,-1.076,-1.072,-1.084,-1.08,1.1,1.104,1.1,1.104,1.1,-1.088,1.092,1.08,1.076,1.06,1,-0.992,-0.992,-0.992,-1.02,1.004,1.024,1.012,-1.004,-1.024,-1.056,-1.08,1.064,1.056,1.06,1.06,-1.036,1.004,1.004,-1.008,1.016,1.008,1.004,1,1.02,1.024,1.02,1.012,1.02,1.016,-1,-0.992,0.944,0.936,0.932,0.932,0.936,-1.076,1.048,-1.044,-1.064,-1.064,-1.08,-1.096,-1.08,-1.068,-1.064,-1.08,-1.08,0.948,0.964,-0.948,-0.96,1.036,-1.056,-1.096,-1.104,1.084,1.08,1.1,1.112,-1.084,-1.092,1.052,1.052,1.064,1.072,1.076,-1.068,1.048,1.044,-1.06,1.052,1.04,1.04,1.036,1.024,-1.024,1.016,1.028,1.036,1.072,1.068,1.068,1.064,0.988,0.996,-1.028,-1.004,0.988,-0.98,-0.972,-0.96,-0.952
-1.072,-1.096,-1.092,-1.088,-1.088,-1.076,-1.072,1.052,1.056,1.076,1.068,1.084,1.076,1.08,-1.044,-1.028,-0.976,0.96,0.964,-0.968,0.912,0.908,0.908,-0.9,1.08,1.024,-1.032,1.008,1.008,0.94,0.952,0.94,0.936,0.932,0.936,-0.992,-0.984,-0.972,0.956,0.952,-0.948,1.06,-1.064,-1.048,1.064,1.068,1.08,1.08,1.08,-1.08,-1.072,-1.072,-1.064,-1.04,-1.032,-1.028,-1.028,-1.032,-1.028,1.032,-1.08,1.1,1.096,-1.08,1.12,1.108,-1.096,-1.104,-1.076,-1.072,-1.084,-1.092,-1.088,-1.08,1.08,1.04,-0.948,-0.952,-0.956,-0.932,-0.944,-0.948,1,1.004,1.008,1.012,1.032,-1.036,-1.036,-1.032,-1.04,-1.032,-1.024,-1.032,-1.036,-1.008,-0.976,-0.996,-1.008,1.024,1.04,1.044,1.044,-1.076,-1.072,-1.064,-1.08,1.076,1.076,-1.06,1.064,0.964,0.96,-0.976,-0.996,0.964,0.956,0.968,-0.972,-0.98,-0.988,-1.004,-1.032,-1.06,1.092,1.08,1.072,1.076,1.048,-1.076,1.112,1.116,1.12,1.08,-1.076,-1.064,-1.08,-1.08,-1.08,-1.076,-1.088,-1.052,-0.952,-0.964,0.936,-0.9,-0.9,-0.896,1.108,1.064,-1.068,-1.06,1.084,1.056,1.044,1.056,1.06,1.068,1.072,1.06,-1.084,-1.076,-1.072,-1.084,-1.08,1.1,1.104,-0.9,-0.896,-0.9,0.912,-0.908,-0.92,-0.924,-0.94,1,-0.992,-0.992,-0.992,-1.02,1.004,1.024,1.012,-1.004,-1.024,-1.056,-1.08,1.064,-0.944,-0.94,-0.94,0.964,-0.996,-0.996,0.992,-0.984,-0.992,-0.996,-1,-0.98,-0.976,-0.98,-0.988,-0.98,-0.984,1,1.008,-1.056,-1.064,-1.068,-1.068,-1.064,-1.076,1.048,-1.044,-1.064,-1.064,-1.08,-1.096,-1.08,-1.068,-1.064,-1.08,-1.08,0.948,0.964,-0.948,-0.96,1.036,-1.056,-1.096,-1.104,1.084,1.08,1.1,1.112,-1.084,-1.092,1.052,1.052,1.064,1.072,1.076,-1.068,1.048,1.044,-1.06,1.052,1.04,1.04,1.036,1.024,-1.024,1.016,1.028,1.036,1.072,1.068,1.068,1.064,0.988,0.996,-1.028,-1.004,0.988,-0.98,-0.972,1.04,1.048
0.928,0.904,0.908,0.912,0.912,0.924,0.928,-0.948,-0.944,-0.924,-0.932,-0.916,-0.924,-0.92,0.956,-1.028,-0.976,0.96,0.964,-0.968,0.912,0.908,0.908,-0.9,-0.92,1.024,-1.032,1.008,1.008,0.94,0.952,0.94,0.936,0.932,0.936,-0.992,-0.984,-0.972,0.956,0.952,-0.948,-0.94,0.936,0.952,-0.936,-0.932,-0.92,-0.92,-0.92,0.92,0.928,0.928,0.936,0.96,0.968,-1.028,-1.028,-1.032,-1.028,1.032,0.92,-0.9,-0.904,0.92,-0.88,-0.892,0.904,0.896,0.924,0.928,0.916,0.908,0.912,0.92,-0.92,-0.96,-0.948,-0.952,-0.956,-0.932,-0.944,-0.948,1,1.004,1.008,1.012,1.032,-1.036,-1.036,-1.032,-1.04,-1.032,-1.024,-1.032,-1.036,0.992,1.024,1.004,0.992,-0.976,-0.96,-0.956,-0.956,0.924,0.928,0.936,0.92,-0.924,-0.924,0.94,-0.936,0.964,0.96,-0.976,-0.996,0.964,0.956,0.968,-0.972,-0.98,-0.988,-1.004,-1.032,-1.06,1.092,1.08,1.072,1.076,1.048,-1.076,1.112,1.116,1.12,-0.92,0.924,0.936,0.92,0.92,0.92,0.924,0.912,0.948,1.048,1.036,-1.064,1.1,1.1,-0.896,-0.892,-0.936,0.932,0.94,-0.916,-0.944,-0.956,-0.944,-0.94,-0.932,-0.928,-0.94,-1.084,-1.076,-1.072,-1.084,-1.08,1.1,1.104,1.1,1.104,1.1,-1.088,1.092,1.08,1.076,1.06,-1,1.008,1.008,1.008,0.98,-0.996,-0.976,-0.988,0.996,0.976,0.944,0.92,-0.936,-0.944,-0.94,-0.94,0.964,-0.996,-0.996,0.992,-0.984,-0.992,-0.996,-1,-0.98,-0.976,-0.98,-0.988,-0.98,-0.984,1,1.008,-1.056,-1.064,-1.068,-1.068,-1.064,-1.076,1.048,-1.044,-1.064,-1.064,0.92,0.904,0.92,0.932,0.936,0.92,0.92,-1.052,-1.036,1.052,1.04,-0.964,0.944,0.904,0.896,-0.916,-0.92,-0.9,-0.888,0.916,0.908,-0.948,-0.948,-0.936,-0.928,-0.924,0.932,-0.952,-0.956,0.94,-0.948,-0.96,1.04,1.036,1.024,-1.024,1.016,1.028,1.036,1.072,1.068,1.068,1.064,0.988,0.996,-1.028,-1.004,0.988,-0.98,-0.972,-0.96,-0.952
0.928,0.904,0.908,0.912,0.912,0.924,0.928,-0.948,-0.944,-0.924,-0.932,-0.916,-0.924,-0.92,0.956,0.972,1.024,-1.04,-1.036,1.032,0.912,0.908,0.908,-0.9,-0.92,-0.976,0.968,-0.992,-0.992,-1.06,-1.048,-1.06,-1.064,-1.068,-1.064,1.008,1.016,1.028,-1.044,-1.048,1.052,1.06,-1.064,-1.048,1.064,-0.932,-0.92,-0.92,-0.92,0.92,0.928,0.928,0.936,0.96,0.968,-1.028,-1.028,-1.032,-1.028,1.032,0.92,-0.9,-0.904,0.92,-0.88,-0.892,0.904,0.896,0.924,0.928,0.916,0.908,0.912,0.92,-0.92,-0.96,-0.948,-0.952,-0.956,-0.932,-0.944,-0.948,1,1.004,1.008,1.012,1.032,-1.036,-1.036,-1.032,-1.04,-1.032,-1.024,-1.032,-1.036,0.992,1.024,1.004,0.992,-0.976,-0.96,-0.956,-0.956,0.924,0.928,0.936,0.92,-0.924,-0.924,0.94,-0.936,0.964,0.96,-0.976,-0.996,0.964,0.956,0.968,-0.972,-0.98,-0.988,-1.004,-1.032,-1.06,1.092,1.08,1.072,1.076,1.048,-1.076,-0.888,-0.884,-0.88,-0.92,0.924,-1.064,-1.08,-1.08,-1.08,-1.076,-1.088,-1.052,-0.952,-0.964,0.936,-0.9,-0.9,-0.896,-0.892,-0.936,0.932,0.94,-0.916,-0.944,-0.956,-0.944,-0.94,-0.932,-0.928,-0.94,0.916,0.924,0.928,0.916,0.92,-0.9,-0.896,-0.9,-0.896,-0.9,0.912,-0.908,-0.92,-0.924,-0.94,1,-0.992,-0.992,-0.992,-1.02,1.004,1.024,1.012,-1.004,0.976,0.944,0.92,-0.936,-0.944,-0.94,-0.94,0.964,-0.996,-0.996,0.992,1.016,1.008,1.004,1,1.02,1.024,1.02,1.012,1.02,1.016,-1,-0.992,0.944,0.936,0.932,0.932,0.936,0.924,-0.952,0.956,0.936,0.936,0.92,0.904,0.92,0.932,0.936,0.92,0.92,0.948,0.964,-0.948,-0.96,-0.964,0.944,0.904,0.896,-0.916,-0.92,-0.9,-0.888,0.916,0.908,-0.948,-0.948,-0.936,-0.928,-0.924,0.932,-0.952,-0.956,0.94,-0.948,-0.96,-0.96,-0.964,-0.976,0.976,-0.984,-0.972,-0.964,-0.928,-0.932,-0.932,-0.936,-1.012,-1.004,0.972,0.996,-1.012,1.02,1.028,1.04,1.048
-1.072,-1.096,-1.092,-1.088,0.912,0.924,0.928,-0.948,-0.944,-0.924,-0.932,-0.916,-0.924,-0.92,0.956,0.972,1.024,-1.04,-1.036,1.032,-1.088,-1.092,-1.092,1.1,1.08,1.024,-1.032,1.008,1.008,0.94,0.952,0.94,0.936,0.932,0.936,-0.992,-0.984,-0.972,0.956,0.952,-0.948,1.06,-1.064,-1.048,1.064,1.068,1.08,1.08,1.08,-1.08,-1.072,-1.072,-1.064,-1.04,-1.032,0.972,0.972,0.968,0.972,-0.968,0.92,-0.9,-0.904,0.92,-0.88,-0.892,-1.096,-1.104,-1.076,-1.072,-1.084,-1.092,-1.088,-1.08,1.08,1.04,1.052,1.048,1.044,1.068,1.056,1.052,-1,-0.996,-0.992,-0.988,-0.968,0.964,0.964,0.968,0.96,0.968,0.976,0.968,0.964,0.992,1.024,1.004,0.992,-0.976,1.04,1.044,1.044,-1.076,-1.072,-1.064,-1.08,1.076,1.076,-1.06,1.064,-1.036,-1.04,1.024,1.004,-1.036,-1.044,-1.032,1.028,1.02,1.012,0.996,0.968,0.94,1.092,1.08,1.072,1.076,1.048,-1.076,1.112,1.116,1.12,1.08,-1.076,-1.064,-1.08,-1.08,-1.08,-1.076,-1.088,0.948,1.048,1.036,-1.064,1.1,1.1,1.104,1.108,1.064,-1.068,-1.06,1.084,1.056,1.044,1.056,1.06,1.068,1.072,1.06,-1.084,-1.076,-1.072,-1.084,-1.08,1.1,1.104,1.1,1.104,1.1,-1.088,1.092,1.08,1.076,1.06,-1,1.008,1.008,-0.992,-1.02,1.004,1.024,1.012,-1.004,-1.024,-1.056,-1.08,1.064,1.056,1.06,1.06,-1.036,1.004,1.004,-1.008,1.016,1.008,1.004,1,1.02,1.024,1.02,1.012,1.02,1.016,-1,1.008,-1.056,-1.064,-1.068,-1.068,-1.064,-1.076,1.048,-1.044,-1.064,-1.064,-1.08,-1.096,-1.08,-1.068,-1.064,-1.08,-1.08,-1.052,-1.036,1.052,1.04,1.036,-1.056,-1.096,-1.104,1.084,1.08,1.1,1.112,-1.084,-1.092,1.052,1.052,1.064,1.072,1.076,-1.068,1.048,1.044,-1.06,1.052,1.04,1.04,1.036,1.024,-1.024,1.016,1.028,1.036,1.072,1.068,1.068,1.064,0.988,0.996,-1.028,-1.004,-1.012,1.02,1.028,1.04,1.048
0.928,0.904,0.908,0.912,0.912,0.924,0.928,-0.948,-0.944,-0.924,-0.932,-0.916,-0.924,-0.92,0.956,0.972,-0.976,0.96,0.964,-0.968,0.912,0.908,0.908,-0.9,-0.92,-0.976,0.968,-0.992,-0.992,-1.06,-1.048,0.94,0.936,0.932,0.936,-0.992,-0.984,-0.972,0.956,0.952,-0.948,-0.94,0.936,0.952,-0.936,-0.932,-0.92,-0.92,-0.92,0.92,0.928,0.928,0.936,0.96,0.968,-1.028,-1.028,-1.032,-1.028,-0.968,0.92,-0.9,-0.904,0.92,-0.88,-0.892,0.904,0.896,0.924,0.928,0.916,0.908,0.912,0.92,-0.92,-0.96,-0.948,-0.952,-0.956,-0.932,-0.944,-0.948,1,1.004,1.008,1.012,1.032,0.964,0.964,0.968,0.96,0.968,0.976,0.968,0.964,0.992,1.024,1.004,0.992,-0.976,-0.96,-0.956,-0.956,0.924,0.928,0.936,0.92,-0.924,-0.924,-1.06,1.064,-1.036,-1.04,1.024,1.004,-1.036,-1.044,-1.032,1.028,1.02,1.012,0.996,0.968,0.94,-0.908,-0.92,-0.928,-0.924,-0.952,0.924,-0.888,-0.884,-0.88,-0.92,0.924,0.936,0.92,0.92,0.92,0.924,0.912,0.948,1.048,1.036,-1.064,1.1,1.1,1.104,-0.892,-0.936,0.932,-1.06,1.084,1.056,1.044,1.056,1.06,1.068,1.072,1.06,-1.084,-1.076,-1.072,-1.084,-1.08,1.1,1.104,1.1,1.104,1.1,-1.088,1.092,1.08,1.076,1.06,-1,1.008,1.008,1.008,0.98,-0.996,-0.976,-0.988,0.996,0.976,0.944,0.92,-0.936,-0.944,-0.94,-0.94,0.964,-0.996,-0.996,0.992,-0.984,-0.992,-0.996,-1,1.02,1.024,1.02,1.012,1.02,1.016,-1,-0.992,0.944,0.936,0.932,0.932,0.936,0.924,-0.952,0.956,0.936,0.936,0.92,0.904,0.92,0.932,0.936,0.92,0.92,0.948,0.964,-0.948,-0.96,-0.964,0.944,0.904,0.896,-0.916,-0.92,-0.9,-0.888,0.916,0.908,-0.948,-0.948,-0.936,-0.928,-0.924,0.932,-0.952,-0.956,0.94,-0.948,-0.96,-0.96,-0.964,-0.976,-1.024,1.016,1.028,1.036,1.072,1.068,1.068,1.064,0.988,0.996,-1.028,-1.004,0.988,-0.98,-0.972,-0.96,-0.952
0.928,0.904,0.908,0.912,0.912,0.924,0.928,-0.948,-0.944,-0.924,-0.932,-0.916,-0.924,-0.92,0.956,0.972,1.024,0.96,0.964,-0.968,0.912,0.908,0.908,-0.9,-0.92,-0.976,0.968,-0.992,-0.992,-1.06,-1.048,-1.06,-1.064,-1.068,-1.064,-0.992,-0.984,-0.972,0.956,0.952,-0.948,-0.94,0.936,0.952,-0.936,-0.932,-0.92,-0.92,-0.92,0.92,0.928,0.928,0.936,0.96,0.968,-1.028,-1.028,-1.032,-1.028,1.032,-1.08,1.1,1.096,-1.08,1.12,1.108,-1.096,-1.104,-1.076,-1.072,-1.084,-1.092,-1.088,-1.08,-0.92,-0.96,-0.948,-0.952,1.044,1.068,1.056,1.052,-1,-0.996,-0.992,-0.988,-0.968,0.964,0.964,0.968,0.96,0.968,0.976,0.968,0.964,0.992,1.024,1.004,0.992,-0.976,-0.96,-0.956,-0.956,0.924,0.928,0.936,0.92,-0.924,-0.924,0.94,-0.936,0.964,0.96,-0.976,-0.996,0.964,0.956,0.968,-0.972,1.02,1.012,0.996,0.968,0.94,-0.908,-0.92,-0.928,-0.924,-0.952,0.924,-0.888,-0.884,-0.88,-0.92,0.924,0.936,0.92,0.92,0.92,0.924,0.912,0.948,1.048,1.036,-1.064,1.1,1.1,-0.896,-0.892,-0.936,0.932,0.94,-0.916,-0.944,-0.956,-0.944,-0.94,-0.932,-0.928,-0.94,0.916,0.924,0.928,0.916,0.92,-0.9,-0.896,-0.9,-0.896,-0.9,0.912,-0.908,-0.92,-0.924,1.06,-1,1.008,1.008,1.008,0.98,-0.996,-0.976,-0.988,0.996,0.976,0.944,0.92,-0.936,-0.944,-0.94,-0.94,-1.036,1.004,1.004,-1.008,1.016,1.008,1.004,1,1.02,1.024,1.02,1.012,1.02,1.016,-1,-0.992,0.944,0.936,0.932,0.932,0.936,0.924,-0.952,0.956,0.936,0.936,0.92,0.904,0.92,0.932,0.936,0.92,0.92,0.948,0.964,-0.948,-0.96,-0.964,0.944,0.904,0.896,-0.916,-0.92,-0.9,-0.888,0.916,0.908,-0.948,-0.948,-0.936,-0.928,-0.924,0.932,-0.952,-0.956,0.94,-0.948,-0.96,-0.96,-0.964,-0.976,0.976,-0.984,-0.972,-0.964,-0.928,-0.932,-0.932,-0.936,0.988,0.996,-1.028,-1.004,0.988,-0.98,-0.972,-0.96,-0.952
0.928,0.904,0.908,0.912,0.912,0.924,0.928,-0.948,-0.944,-0.924,-0.932,-0.916,-0.924,-0.92,0.956,0.972,1.024,-1.04,-1.036,1.032,0.912,0.908,0.908,-0.9,-0.92,-0.976,0.968,-0.992,-0.992,-1.06,-1.048,-1.06,-1.064,-1.068,-1.064,1.008,1.016,1.028,-1.044,-1.048,-0.948,-0.94,0.936,0.952,-0.936,-0.932,-0.92,-0.92,-0.92,0.92,0.928,0.928,0.936,0.96,0.968,-1.028,-1.028,-1.032,-1.028,1.032,-1.08,1.1,1.096,-1.08,-0.88,-0.892,0.904,0.896,0.924,0.928,0.916,0.908,0.912,0.92,-0.92,-0.96,-0.948,-0.952,-0.956,-0.932,-0.944,-0.948,1,1.004,1.008,1.012,1.032,-1.036,-1.036,-1.032,-1.04,-1.032,-1.024,-1.032,-1.036,-1.008,1.024,1.004,0.992,-0.976,-0.96,-0.956,-0.956,0.924,0.928,0.936,0.92,-0.924,-0.924,0.94,-0.936,0.964,0.96,-0.976,-0.996,0.964,0.956,0.968,-0.972,-0.98,-0.988,-1.004,-1.032,-1.06,1.092,1.08,1.072,-0.924,-0.952,0.924,-0.888,-0.884,-0.88,-0.92,0.924,0.936,0.92,0.92,0.92,0.924,0.912,-1.052,-0.952,-0.964,0.936,-0.9,-0.9,-0.896,-0.892,-0.936,0.932,0.94,-0.916,-0.944,-0.956,-0.944,-0.94,-0.932,-0.928,-0.94,0.916,0.924,0.928,0.916,0.92,-0.9,-0.896,-0.9,-0.896,-0.9,0.912,-0.908,-0.92,-0.924,1.06,-1,1.008,1.008,1.008,0.98,-0.996,-0.976,-0.988,0.996,0.976,0.944,0.92,-0.936,-0.944,-0.94,-0.94,0.964,-0.996,-0.996,0.992,-0.984,-0.992,-0.996,-1,-0.98,-0.976,-0.98,-0.988,-0.98,-0.984,1,1.008,-1.056,-1.064,-1.068,-1.068,-1.064,0.924,-0.952,0.956,0.936,0.936,0.92,0.904,0.92,0.932,0.936,0.92,0.92,-1.052,-1.036,1.052,1.04,-0.964,0.944,0.904,0.896,-0.916,-0.92,-0.9,-0.888,0.916,0.908,-0.948,-0.948,-0.936,-0.928,-0.924,0.932,-0.952,-0.956,0.94,-0.948,-0.96,-0.96,-0.964,-0.976,0.976,-0.984,-0.972,-0.964,-0.928,-0.932,-0.932,-0.936,0.988,0.996,-1.028,-1.004,0.988,-0.98,-0.972,-0.96,-0.952
0.928,0.904,0.908,0.912,0.912,0.924,0.928,-0.948,-0.944,-0.924,-0.932,-0.916,-0.924,-0.92,0.956,0.972,1.024,0.96,0.964,-0.968,0.912,0.908,0.908,-0.9,-0.92,-0.976,0.968,-0.992,-0.992,0.94,0.952,0.94,0.936,0.932,0.936,-0.992,-0.984,-0.972,0.956,0.952,-0.948,-0.94,0.936,0.952,-0.936,-0.932,-0.92,-0.92,-0.92,0.92,0.928,0.928,0.936,0.96,0.968,0.972,0.972,0.968,0.972,-0.968,0.92,-0.9,-0.904,0.92,-0.88,-0.892,0.904,0.896,0.924,0.928,0.916,0.908,0.912,0.92,-0.92,-0.96,-0.948,-0.952,-0.956,-0.932,-0.944,-0.948,1,1.004,1.008,1.012,1.032,-1.036,-1.036,-1.032,-1.04,-1.032,-1.024,-1.032,-1.036,-1.008,-0.976,-0.996,-1.008,-0.976,-0.96,-0.956,-0.956,0.924,0.928,0.936,0.92,-0.924,-0.924,0.94,-0.936,0.964,0.96,-0.976,-0.996,0.964,0.956,0.968,-0.972,-0.98,-0.988,-1.004,0.968,0.94,-0.908,-0.92,-0.928,-0.924,-0.952,0.924,-0.888,-0.884,-0.88,-0.92,0.924,0.936,0.92,0.92,0.92,0.924,0.912,0.948,-0.952,-0.964,0.936,-0.9,-0.9,-0.896,-0.892,-0.936,0.932,0.94,-0.916,-0.944,-0.956,-0.944,-0.94,-0.932,-0.928,-0.94,0.916,0.924,0.928,0.916,0.92,-0.9,-0.896,-0.9,-0.896,-0.9,0.912,-0.908,-0.92,-0.924,-0.94,1,-0.992,-0.992,-0.992,-1.02,1.004,1.024,1.012,-1.004,-1.024,0.944,0.92,-0.936,-0.944,-0.94,-0.94,0.964,-0.996,-0.996,0.992,1.016,1.008,1.004,1,1.02,1.024,1.02,1.012,1.02,1.016,-1,-0.992,0.944,0.936,0.932,0.932,0.936,0.924,-0.952,0.956,0.936,0.936,0.92,0.904,0.92,0.932,0.936,0.92,0.92,-1.052,-1.036,1.052,1.04,-0.964,0.944,0.904,0.896,-0.916,-0.92,-0.9,-0.888,0.916,0.908,-0.948,-0.948,-0.936,-0.928,-0.924,0.932,-0.952,-0.956,0.94,-0.948,-0.96,-0.96,-0.964,-0.976,0.976,-0.984,-0.972,-0.964,-0.928,-0.932,-0.932,-0.936,-1.012,-1.004,0.972,0.996,-1.012,-0.98,-0.972,-0.96,-0.952
-1.072,-1.096,-1.092,-1.088,-1.088,-1.076,-1.072,1.052,1.056,1.076,1.068,1.084,1.076,1.08,0.956,0.972,1.024,-1.04,-1.036,1.032,-1.088,-1.092,-1.092,1.1,1.08,-0.976,0.968,-0.992,-0.992,-1.06,-1.048,-1.06,-1.064,-1.068,-1.064,1.008,1.016,1.028,-1.044,-1.048,1.052,1.06,-1.064,-1.048,1.064,1.068,1.08,1.08,1.08,-1.08,-1.072,-1.072,-1.064,-1.04,-1.032,0.972,0.972,0.968,0.972,-0.968,0.92,-0.9,-0.904,-1.08,1.12,1.108,-1.096,-1.104,-1.076,-1.072,-1.084,-1.092,-1.088,-1.08,1.08,1.04,1.052,1.048,1.044,1.068,1.056,1.052,-1,-0.996,-0.992,-0.988,-0.968,0.964,0.964,0.968,0.96,0.968,0.976,0.968,0.964,0.992,-0.976,-0.996,-1.008,1.024,1.04,1.044,1.044,-1.076,-1.072,-1.064,-1.08,1.076,1.076,-1.06,1.064,-1.036,-1.04,1.024,1.004,-1.036,-1.044,-1.032,1.028,1.02,1.012,0.996,0.968,0.94,1.092,1.08,1.072,1.076,1.048,-1.076,1.112,1.116,1.12,1.08,-1.076,-1.064,-1.08,-1.08,-1.08,-1.076,-1.088,0.948,1.048,1.036,-1.064,1.1,1.1,1.104,1.108,1.064,-1.068,-1.06,1.084,1.056,1.044,1.056,1.06,1.068,1.072,1.06,-1.084,-1.076,-1.072,-1.084,-1.08,1.1,1.104,1.1,1.104,1.1,-1.088,1.092,1.08,1.076,1.06,-1,1.008,1.008,1.008,0.98,-0.996,-0.976,-0.988,0.996,0.976,0.944,-1.08,1.064,1.056,1.06,1.06,-1.036,1.004,1.004,-1.008,1.016,1.008,1.004,1,1.02,1.024,1.02,1.012,1.02,1.016,-1,-0.992,-1.056,-1.064,-1.068,-1.068,-1.064,-1.076,1.048,-1.044,-1.064,-1.064,-1.08,-1.096,-1.08,-1.068,-1.064,-1.08,-1.08,0.948,0.964,-0.948,-0.96,1.036,-1.056,-1.096,-1.104,1.084,1.08,1.1,1.112,-1.084,-1.092,1.052,1.052,1.064,1.072,1.076,-1.068,1.048,1.044,-1.06,1.052,1.04,1.04,1.036,1.024,-1.024,1.016,-0.972,-0.964,-0.928,-0.932,-0.932,-0.936,-1.012,-1.004,0.972,0.996,-1.012,1.02,1.028,1.04,1.048
-1.072,-1.096,-1.092,-1.088,-1.088,-1.076,-1.072,1.052,1.056,1.076,1.068,1.084,1.076,1.08,-1.044,-1.028,1.024,-1.04,-1.036,1.032,-1.088,-1.092,-1.092,1.1,1.08,1.024,-1.032,1.008,1.008,0.94,0.952,0.94,0.936,0.932,0.936,-0.992,-0.984,-0.972,0.956,0.952,-0.948,-0.94,-1.064,-1.048,1.064,1.068,1.08,1.08,1.08,-1.08,-1.072,-1.072,-1.064,-1.04,-1.032,0.972,0.972,-1.032,-1.028,1.032,-1.08,1.1,1.096,-1.08,1.12,1.108,-1.096,-1.104,-1.076,-1.072,-1.084,-1.092,-1.088,-1.08,1.08,1.04,1.052,1.048,1.044,1.068,1.056,1.052,-1,-0.996,-0.992,-0.988,-0.968,0.964,0.964,0.968,0.96,0.968,0.976,0.968,0.964,-1.008,-0.976,-0.996,-1.008,1.024,1.04,1.044,1.044,-1.076,-1.072,-1.064,-1.08,1.076,1.076,-1.06,1.064,-1.036,-1.04,1.024,1.004,0.964,0.956,0.968,-0.972,-0.98,-0.988,-1.004,-1.032,-1.06,1.092,1.08,1.072,1.076,1.048,-1.076,1.112,1.116,1.12,1.08,-1.076,0.936,0.92,0.92,0.92,0.924,0.912,0.948,1.048,1.036,-1.064,1.1,1.1,1.104,1.108,1.064,-1.068,-1.06,1.084,1.056,1.044,1.056,1.06,1.068,1.072,1.06,-1.084,-1.076,-1.072,-1.084,-1.08,1.1,1.104,1.1,1.104,1.1,-1.088,1.092,1.08,1.076,1.06,-1,1.008,1.008,1.008,0.98,-0.996,-0.976,-0.988,0.996,-1.024,-1.056,-1.08,1.064,1.056,1.06,1.06,-1.036,1.004,1.004,-1.008,-0.984,-0.992,-0.996,-1,-0.98,-0.976,-0.98,-0.988,-0.98,-0.984,1,1.008,-1.056,-1.064,-1.068,-1.068,-1.064,-1.076,1.048,-1.044,-1.064,-1.064,-1.08,-1.096,-1.08,-1.068,-1.064,-1.08,-1.08,-1.052,0.964,-0.948,-0.96,1.036,-1.056,-1.096,-1.104,1.084,1.08,1.1,1.112,-1.084,-1.092,1.052,1.052,1.064,1.072,1.076,-1.068,1.048,1.044,-1.06,1.052,1.04,1.04,1.036,1.024,-1.024,1.016,1.028,1.036,1.072,1.068,1.068,1.064,0.988,-1.004,0.972,0.996,-1.012,1.02,1.028,1.04,1.048
-1.072,-1.096,-1.092,-1.088,-1.088,-1.076,-1.072,1.052,1.056,1.076,1.068,1.084,1.076,1.08,-1.044,-1.028,-0.976,0.96,0.964,-0.968,0.912,0.908,0.908,-0.9,-0.92,1.024,-1.032,1.008,1.008,0.94,0.952,0.94,0.936,0.932,0.936,-0.992,-0.984,-0.972,0.956,0.952,-0.948,-0.94,0.936,0.952,-0.936,-0.932,-0.92,-0.92,-0.92,0.92,0.928,0.928,0.936,0.96,0.968,0.972,0.972,0.968,0.972,-0.968,0.92,-0.9,-0.904,0.92,-0.88,-0.892,0.904,0.896,0.924,0.928,0.916,0.908,0.912,0.92,-0.92,-0.96,-0.948,-0.952,-0.956,-0.932,-0.944,-0.948,1,1.004,1.008,1.012,1.032,-1.036,-1.036,-1.032,-1.04,-1.032,-1.024,-1.032,-1.036,-1.008,1.024,1.004,0.992,-0.976,-0.96,-0.956,-0.956,0.924,0.928,0.936,0.92,-0.924,-0.924,0.94,-0.936,-1.036,-1.04,1.024,1.004,-1.036,-1.044,-1.032,1.028,1.02,1.012,0.996,0.968,0.94,-0.908,-0.92,-0.928,-0.924,-0.952,0.924,-0.888,-0.884,-0.88,-0.92,0.924,-1.064,-1.08,-1.08,-1.08,-1.076,-1.088,-1.052,-0.952,-0.964,0.936,-0.9,-0.9,-0.896,-0.892,-0.936,0.932,0.94,-0.916,-0.944,-0.956,-0.944,-0.94,-0.932,-0.928,-0.94,0.916,0.924,0.928,0.916,0.92,-0.9,-0.896,-0.9,-0.896,-0.9,0.912,-0.908,-0.92,-0.924,-0.94,1,-0.992,-0.992,-0.992,-1.02,1.004,1.024,1.012,-1.004,-1.024,0.944,0.92,-0.936,-0.944,-0.94,-0.94,0.964,-0.996,-0.996,0.992,-0.984,-0.992,-0.996,-1,-0.98,-0.976,-0.98,1.012,1.02,1.016,-1,-0.992,0.944,0.936,0.932,0.932,0.936,0.924,-0.952,0.956,0.936,0.936,0.92,0.904,0.92,0.932,0.936,0.92,0.92,-1.052,-1.036,1.052,1.04,-0.964,0.944,0.904,0.896,-0.916,-0.92,-0.9,-0.888,0.916,0.908,-0.948,-0.948,-0.936,-0.928,-0.924,0.932,-0.952,-0.956,0.94,-0.948,-0.96,-0.96,-0.964,-0.976,0.976,-0.984,-0.972,-0.964,-0.928,-0.932,-0.932,-0.936,-1.012,-1.004,0.972,-1.004,0.988,-0.98,-0.972,-0.96,-0.952
0.928,0.904,0.908,0.912,0.912,0.924,0.928,-0.948,-0.944,-0.924,-0.932,-0.916,-0.924,-0.92,0.956,0.972,1.024,-1.04,-1.036,1.032,-1.088,-1.092,-1.092,-0.9,-0.92,-0.976,0.968,-0.992,-0.992,-1.06,-1.048,-1.06,-1.064,-1.068,-1.064,1.008,1.016,1.028,0.956,0.952,-0.948,-0.94,0.936,0.952,-0.936,-0.932,-0.92,-0.92,-0.92,0.92,0.928,0.928,0.936,0.96,0.968,0.972,0.972,0.968,0.972,-0.968,0.92,-0.9,-0.904,0.92,-0.88,-0.892,0.904,0.896,0.924,0.928,0.916,0.908,0.912,0.92,-0.92,-0.96,-0.948,-0.952,-0.956,-0.932,1.056,1.052,-1,-0.996,-0.992,-0.988,-0.968,0.964,0.964,0.968,0.96,0.968,0.976,0.968,0.964,0.992,1.024,1.004,0.992,-0.976,-0.96,-0.956,-0.956,0.924,0.928,0.936,0.92,-0.924,-0.924,0.94,-0.936,0.964,0.96,-0.976,-0.996,0.964,0.956,0.968,-0.972,-0.98,-0.988,-1.004,-1.032,-1.06,-0.908,-0.92,-0.928,-0.924,-0.952,0.924,-0.888,-0.884,-0.88,-0.92,0.924,0.936,0.92,0.92,0.92,0.924,0.912,-1.052,-0.952,-0.964,0.936,-0.9,-0.9,-0.896,-0.892,-0.936,0.932,0.94,-0.916,-0.944,-0.956,-0.944,-0.94,-0.932,-0.928,-0.94,0.916,0.924,0.928,0.916,0.92,-0.9,-0.896,-0.9,-0.896,-0.9,0.912,-0.908,-0.92,-0.924,-0.94,1,-0.992,-0.992,-0.992,-1.02,1.004,1.024,1.012,-1.004,0.976,0.944,0.92,-0.936,-0.944,-0.94,-0.94,0.964,-0.996,-0.996,0.992,-0.984,-0.992,-0.996,-1,-0.98,-0.976,-0.98,1.012,1.02,1.016,-1,-0.992,0.944,0.936,0.932,0.932,0.936,0.924,-0.952,0.956,0.936,0.936,0.92,0.904,0.92,0.932,0.936,0.92,0.92,0.948,0.964,-0.948,-0.96,-0.964,0.944,0.904,0.896,-0.916,-0.92,-0.9,-0.888,0.916,0.908,-0.948,-0.948,-0.936,-0.928,-0.924,0.932,-0.952,-0.956,0.94,-0.948,-0.96,-0.96,-0.964,-0.976,0.976,-0.984,-0.972,-0.964,-0.928,-0.932,-0.932,-0.936,0.988,0.996,-1.028,-1.004,0.988,-0.98,-0.972,-0.96,-0.952
0.928,0.904,0.908,0.912,0.912,0.924,0.928,-0.948,-0.944,-0.924,-0.932,-0.916,-0.924,-0.92,0.956,0.972,1.024,0.96,0.964,-0.968,0.912,0.908,0.908,-0.9,-0.92,-0.976,0.968,-0.992,-0.992,-1.06,-1.048,0.94,0.936,0.932,0.936,-0.992,-0.984,-0.972,0.956,0.952,-0.948,-0.94,0.936,0.952,-0.936,-0.932,-0.92,-0.92,-0.92,0.92,0.928,0.928,0.936,0.96,0.968,0.972,0.972,0.968,0.972,-0.968,0.92,-0.9,-0.904,0.92,-0.88,-0.892,0.904,0.896,0.924,0.928,0.916,0.908,0.912,0.92,-0.92,-0.96,-0.948,-0.952,-0.956,-0.932,-0.944,-0.948,1,1.004,1.008,1.012,1.032,-1.036,-1.036,-1.032,-1.04,-1.032,-1.024,-1.032,-1.036,-1.008,-0.976,-0.996,-1.008,1.024,1.04,1.044,1.044,-1.076,0.928,0.936,0.92,-0.924,-0.924,0.94,-0.936,0.964,0.96,-0.976,-0.996,0.964,0.956,0.968,-0.972,-0.98,-0.988,-1.004,-1.032,-1.06,-0.908,-0.92,-0.928,-0.924,-0.952,0.924,-0.888,-0.884,-0.88,-0.92,0.924,-1.064,-1.08,-1.08,-1.08,-1.076,-1.088,-1.052,-0.952,-0.964,0.936,-0.9,-0.9,-0.896,-0.892,-0.936,0.932,0.94,-0.916,-0.944,1.044,1.056,1.06,1.068,1.072,1.06,-1.084,-1.076,-1.072,-1.084,-1.08,1.1,1.104,1.1,1.104,1.1,-1.088,1.092,1.08,1.076,1.06,-1,1.008,1.008,1.008,0.98,-0.996,-0.976,-0.988,0.996,0.976,0.944,0.92,-0.936,-0.944,-0.94,-0.94,0.964,-0.996,-0.996,0.992,1.016,1.008,1.004,1,1.02,1.024,1.02,1.012,1.02,1.016,-1,-0.992,0.944,0.936,0.932,0.932,0.936,0.924,-0.952,0.956,0.936,0.936,0.92,0.904,0.92,0.932,0.936,0.92,0.92,0.948,0.964,-0.948,-0.96,-0.964,0.944,0.904,0.896,-0.916,-0.92,-0.9,-0.888,0.916,0.908,-0.948,-0.948,-0.936,-0.928,-0.924,0.932,-0.952,-0.956,0.94,-0.948,-0.96,-0.96,-0.964,-0.976,0.976,-0.984,-0.972,-0.964,-0.928,-0.932,-0.932,-0.936,-1.012,-1.004,0.972,0.996,-1.012,-0.98,-0.972,-0.96,-0.952
0.928,0.904,0.908,0.912,0.912,0.924,0.928,-0.948,-0.944,1.076,1.068,1.084,1.076,1.08,-1.044,-1.028,-0.976,0.96,0.964,-0.968,0.912,0.908,0.908,-0.9,-0.92,-0.976,0.968,-0.992,-0.992,-1.06,-1.048,-1.06,-1.064,-1.068,-1.064,1.008,1.016,-0.972,0.956,0.952,-0.948,-0.94,0.936,0.952,-0.936,-0.932,-0.92,-0.92,-0.92,0.92,0.928,0.928,0.936,-1.04,-1.032,0.972,0.972,0.968,0.972,-0.968,0.92,-0.9,-0.904,0.92,-0.88,-0.892,0.904,0.896,0.924,0.928,0.916,0.908,0.912,0.92,-0.92,-0.96,-0.948,-0.952,-0.956,-0.932,-0.944,-0.948,1,1.004,1.008,1.012,1.032,-1.036,-1.036,-1.032,-1.04,-1.032,-1.024,-1.032,-1.036,-1.008,-0.976,-0.996,-1.008,1.024,1.04,1.044,1.044,-1.076,-1.072,-1.064,-1.08,-0.924,-0.924,0.94,-0.936,0.964,0.96,-0.976,-0.996,-1.036,-1.044,-1.032,1.028,1.02,1.012,0.996,0.968,0.94,-0.908,-0.92,-0.928,-0.924,-0.952,0.924,-0.888,-0.884,-0.88,-0.92,0.924,0.936,0.92,0.92,0.92,0.924,-1.088,-1.052,-0.952,-0.964,0.936,-0.9,-0.9,-0.896,-0.892,-0.936,0.932,0.94,-0.916,-0.944,-0.956,-0.944,-0.94,-0.932,-0.928,-0.94,0.916,0.924,0.928,0.916,0.92,-0.9,-0.896,-0.9,-0.896,-0.9,-1.088,1.092,1.08,1.076,1.06,-1,1.008,1.008,1.008,0.98,-0.996,-0.976,-0.988,0.996,0.976,0.944,0.92,-0.936,-0.944,-0.94,-0.94,0.964,-0.996,-0.996,0.992,-0.984,-0.992,1.004,1,1.02,1.024,1.02,1.012,1.02,1.016,-1,-0.992,0.944,0.936,0.932,0.932,0.936,0.924,-0.952,0.956,0.936,0.936,0.92,0.904,0.92,0.932,0.936,0.92,0.92,-1.052,-1.036,1.052,1.04,-0.964,0.944,0.904,0.896,-0.916,-0.92,-0.9,-0.888,0.916,0.908,-0.948,-0.948,-0.936,-0.928,-0.924,0.932,-0.952,-0.956,0.94,-0.948,-0.96,-0.96,-0.964,-0.976,0.976,-0.984,-0.972,-0.964,-0.928,-0.932,-0.932,-0.936,-1.012,-1.004,0.972,0.996,-1.012,1.02,-0.972,-0.96,-0.952
-1.072,-1.096,-1.092,-1.088,-1.088,-1.076,-1.072,1.052,1.056,1.076,1.068,1.084,1.076,1.08,-1.044,-1.028,-0.976,-1.04,-1.036,1.032,-1.088,-1.092,-1.092,1.1,1.08,1.024,-1.032,1.008,1.008,0.94,0.952,-1.06,-1.064,-1.068,-1.064,1.008,1.016,1.028,-1.044,-1.048,1.052,1.06,-1.064,-1.048,1.064,1.068,1.08,1.08,1.08,-1.08,-1.072,-1.072,-1.064,-1.04,-1.032,0.972,0.972,0.968,0.972,-0.968,0.92,1.1,1.096,-1.08,1.12,1.108,-1.096,-1.104,-1.076,-1.072,-1.084,-1.092,-1.088,-1.08,1.08,1.04,1.052,1.048,1.044,1.068,1.056,1.052,-1,-0.996,-0.992,-0.988,-0.968,0.964,0.964,0.968,0.96,0.968,0.976,0.968,0.964,0.992,1.024,1.004,0.992,-0.976,-0.96,-0.956,-0.956,-1.076,-1.072,-1.064,-1.08,-0.924,-0.924,0.94,-0.936,0.964,0.96,-0.976,-0.996,0.964,0.956,0.968,-0.972,-0.98,-0.988,-1.004,-1.032,-1.06,1.092,1.08,1.072,1.076,1.048,-1.076,1.112,1.116,1.12,1.08,-1.076,-1.064,-1.08,-1.08,-1.08,-1.076,-1.088,-1.052,-0.952,-0.964,0.936,-0.9,-0.9,-0.896,1.108,-0.936,0.932,0.94,-0.916,-0.944,-0.956,-0.944,-0.94,-0.932,-0.928,-0.94,0.916,0.924,0.928,0.916,0.92,-0.9,-0.896,-0.9,-0.896,-0.9,0.912,-0.908,-0.92,-0.924,-0.94,1,-0.992,-0.992,-0.992,-1.02,1.004,1.024,1.012,-1.004,-1.024,-1.056,-1.08,1.064,1.056,1.06,1.06,0.964,-0.996,-0.996,0.992,-0.984,-0.992,-0.996,-1,-0.98,-0.976,-0.98,-0.988,-0.98,-0.984,1,1.008,-1.056,-1.064,-1.068,-1.068,-1.064,-1.076,1.048,-1.044,-1.064,-1.064,-1.08,-1.096,-1.08,-1.068,-1.064,-1.08,-1.08,0.948,0.964,-0.948,-0.96,1.036,-1.056,-1.096,-1.104,1.084,1.08,1.1,1.112,-1.084,-1.092,1.052,-0.948,-0.936,-0.928,-0.924,0.932,-0.952,-0.956,0.94,-0.948,-0.96,-0.96,-0.964,-0.976,0.976,-0.984,-0.972,-0.964,-0.928,-0.932,-0.932,-0.936,-1.012,-1.004,0.972,0.996,-1.012,1.02,1.028,1.04,1.048
-1.072,-1.096,-1.092,-1.088,0.912,0.924,0.928,-0.948,-0.944,-0.924,-0.932,-0.916,-0.924,-0.92,0.956,0.972,1.024,-1.04,-1.036,1.032,-1.088,-1.092,-1.092,1.1,1.08,1.024,-1.032,1.008,1.008,0.94,0.952,-1.06,-1.064,-1.068,-1.064,1.008,1.016,1.028,-1.044,-1.048,1.052,1.06,-1.064,-1.048,1.064,1.068,1.08,1.08,1.08,-1.08,-1.072,-1.072,-1.064,-1.04,-1.032,0.972,0.972,0.968,0.972,-0.968,0.92,-0.9,-0.904,0.92,-0.88,1.108,-1.096,-1.104,-1.076,-1.072,-1.084,-1.092,-1.088,-1.08,1.08,1.04,1.052,1.048,-0.956,-0.932,-0.944,-0.948,1,1.004,1.008,1.012,1.032,-1.036,-1.036,-1.032,-1.04,-1.032,-1.024,-1.032,-1.036,-1.008,-0.976,-0.996,-1.008,1.024,1.04,1.044,1.044,-1.076,-1.072,-1.064,-1.08,1.076,1.076,-1.06,1.064,-1.036,-1.04,1.024,1.004,-1.036,-1.044,-1.032,1.028,1.02,1.012,0.996,-1.032,-1.06,1.092,1.08,1.072,1.076,1.048,-1.076,1.112,1.116,1.12,1.08,-1.076,-1.064,-1.08,-1.08,-1.08,-1.076,-1.088,0.948,1.048,1.036,-1.064,1.1,1.1,1.104,1.108,1.064,-1.068,-1.06,1.084,1.056,1.044,1.056,1.06,1.068,1.072,1.06,-1.084,-1.076,-1.072,-1.084,-1.08,1.1,1.104,1.1,1.104,1.1,-1.088,1.092,1.08,1.076,1.06,-1,1.008,1.008,1.008,0.98,-0.996,-0.976,-0.988,0.996,-1.024,-1.056,-1.08,1.064,1.056,1.06,1.06,-1.036,1.004,1.004,-1.008,1.016,1.008,1.004,1,1.02,1.024,1.02,1.012,1.02,1.016,-1,-0.992,0.944,0.936,0.932,0.932,0.936,0.924,-0.952,0.956,-1.064,-1.064,-1.08,-1.096,-1.08,-1.068,-1.064,-1.08,-1.08,0.948,0.964,-0.948,-0.96,1.036,-1.056,-1.096,-1.104,1.084,1.08,1.1,1.112,-1.084,-1.092,1.052,1.052,1.064,1.072,1.076,-1.068,1.048,1.044,-1.06,1.052,1.04,1.04,1.036,1.024,-1.024,1.016,1.028,1.036,-0.928,-0.932,-0.932,-0.936,-1.012,-1.004,0.972,0.996,-1.012,1.02,1.028,1.04,1.048
-1.072,-1.096,-1.092,-1.088,-1.088,-1.076,-1.072,1.052,1.056,1.076,1.068,1.084,1.076,-0.92,0.956,0.972,1.024,-1.04,-1.036,1.032,-1.088,-1.092,-1.092,1.1,1.08,1.024,-1.032,1.008,1.008,-1.06,-1.048,-1.06,-1.064,-1.068,-1.064,1.008,1.016,1.028,-1.044,-1.048,1.052,1.06,-1.064,-1.048,1.064,1.068,1.08,1.08,1.08,-1.08,-1.072,-1.072,-1.064,-1.04,-1.032,0.972,0.972,0.968,0.972,1.032,-1.08,1.1,1.096,-1.08,1.12,1.108,-1.096,-1.104,-1.076,-1.072,-1.084,-1.092,-1.088,-1.08,1.08,1.04,1.052,1.048,1.044,1.068,1.056,1.052,-1,-0.996,-0.992,-0.988,-0.968,0.964,0.964,0.968,0.96,0.968,0.976,0.968,0.964,-1.008,-0.976,-0.996,-1.008,1.024,1.04,1.044,1.044,-1.076,-1.072,-1.064,-1.08,1.076,1.076,-1.06,1.064,-1.036,-1.04,1.024,1.004,-1.036,-1.044,-1.032,1.028,1.02,1.012,0.996,0.968,0.94,-0.908,-0.92,-0.928,-0.924,-0.952,-1.076,1.112,1.116,1.12,1.08,-1.076,-1.064,-1.08,-1.08,-1.08,-1.076,-1.088,-1.052,-0.952,-0.964,0.936,-0.9,-0.9,1.104,1.108,1.064,-1.068,-1.06,1.084,1.056,1.044,1.056,1.06,1.068,1.072,1.06,-1.084,-1.076,-1.072,-1.084,-1.08,1.1,1.104,1.1,1.104,1.1,-1.088,1.092,1.08,1.076,1.06,-1,1.008,1.008,1.008,0.98,1.004,1.024,1.012,-1.004,-1.024,-1.056,-1.08,1.064,1.056,1.06,1.06,-1.036,1.004,1.004,-1.008,1.016,1.008,1.004,1,1.02,1.024,1.02,1.012,1.02,1.016,-1,-0.992,0.944,0.936,0.932,0.932,0.936,0.924,-0.952,-1.044,-1.064,-1.064,-1.08,-1.096,0.92,0.932,0.936,0.92,0.92,0.948,0.964,-0.948,-0.96,1.036,-1.056,-1.096,-1.104,1.084,1.08,1.1,1.112,-1.084,-1.092,1.052,1.052,1.064,1.072,1.076,-1.068,1.048,1.044,-1.06,1.052,1.04,1.04,1.036,1.024,-1.024,-0.984,-0.972,-0.964,-0.928,-0.932,-0.932,-0.936,-1.012,-1.004,0.972,0.996,-1.012,1.02,1.028,1.04,1.048
0.928,0.904,0.908,0.912,0.912,0.924,0.928,-0.948,-0.944,-0.924,-0.932,-0.916,-0.924,-0.92,0.956,0.972,1.024,0.96,0.964,-0.968,0.912,0.908,0.908,-0.9,-0.92,-0.976,-1.032,1.008,1.008,0.94,0.952,0.94,0.936,0.932,0.936,-0.992,-0.984,-0.972,0.956,0.952,-0.948,-0.94,0.936,0.952,-0.936,-0.932,-0.92,-0.92,-0.92,0.92,0.928,0.928,0.936,0.96,0.968,0.972,0.972,0.968,0.972,-0.968,0.92,-0.9,-0.904,0.92,-0.88,-0.892,0.904,0.896,0.924,0.928,0.916,0.908,0.912,0.92,-0.92,-0.96,-0.948,-0.952,-0.956,-0.932,-0.944,-0.948,1,1.004,1.008,1.012,1.032,-1.036,-1.036,-1.032,-1.04,0.968,0.976,0.968,0.964,0.992,1.024,1.004,0.992,-0.976,-0.96,-0.956,-0.956,0.924,0.928,0.936,0.92,1.076,1.076,-1.06,1.064,-1.036,-1.04,1.024,1.004,-1.036,-1.044,-1.032,1.028,1.02,1.012,0.996,0.968,0.94,-0.908,-0.92,-0.928,-0.924,-0.952,0.924,-0.888,-0.884,-0.88,-0.92,0.924,0.936,0.92,0.92,0.92,0.924,0.912,-1.052,-0.952,-0.964,0.936,-0.9,-0.9,-0.896,-0.892,-0.936,0.932,0.94,-0.916,-0.944,-0.956,-0.944,-0.94,-0.932,-0.928,-0.94,0.916,0.924,0.928,0.916,0.92,-0.9,-0.896,-0.9,-0.896,-0.9,0.912,-0.908,-0.92,-0.924,1.06,-1,1.008,1.008,1.008,0.98,-0.996,-0.976,-0.988,0.996,0.976,0.944,0.92,-0.936,-0.944,-0.94,-0.94,0.964,-0.996,-0.996,0.992,-0.984,-0.992,-0.996,-1,-0.98,-0.976,-0.98,-0.988,-0.98,-0.984,-1,-0.992,0.944,0.936,0.932,0.932,0.936,0.924,-0.952,0.956,0.936,0.936,0.92,0.904,0.92,0.932,0.936,0.92,0.92,0.948,0.964,-0.948,-0.96,-0.964,0.944,0.904,0.896,-0.916,-0.92,-0.9,-0.888,0.916,0.908,-0.948,-0.948,-0.936,1.072,1.076,-1.068,1.048,1.044,-1.06,1.052,1.04,1.04,1.036,1.024,-1.024,1.016,1.028,1.036,1.072,1.068,1.068,1.064,0.988,0.996,-1.028,-1.004,0.988,-0.98,-0.972,-0.96,-0.952
-1.072,-1.096,-1.092,-1.088,-1.088,-1.076,-1.072,1.052,1.056,1.076,1.068,1.084,1.076,1.08,-1.044,-1.028,-0.976,0.96,0.964,-0.968,0.912,0.908,0.908,1.1,1.08,1.024,-1.032,1.008,1.008,-1.06,-1.048,-1.06,-1.064,-1.068,-1.064,1.008,1.016,1.028,-1.044,-1.048,1.052,1.06,-1.064,-1.048,1.064,1.068,1.08,1.08,1.08,-1.08,-1.072,-1.072,-1.064,-1.04,-1.032,0.972,0.972,0.968,0.972,-0.968,0.92,-0.9,-0.904,0.92,-0.88,-0.892,0.904,0.896,0.924,0.928,0.916,0.908,0.912,0.92,1.08,1.04,1.052,1.048,1.044,1.068,1.056,1.052,-1,-0.996,-0.992,-0.988,-0.968,0.964,0.964,0.968,0.96,0.968,0.976,0.968,0.964,0.992,1.024,1.004,0.992,-0.976,-0.96,-0.956,-0.956,0.924,-1.072,-1.064,-1.08,1.076,1.076,-1.06,1.064,-1.036,0.96,-0.976,-0.996,0.964,0.956,0.968,-0.972,-0.98,-0.988,-1.004,-1.032,-1.06,1.092,1.08,1.072,1.076,1.048,-1.076,1.112,1.116,1.12,1.08,-1.076,0.936,0.92,0.92,0.92,0.924,0.912,0.948,1.048,1.036,-1.064,1.1,1.1,1.104,1.108,1.064,-1.068,-1.06,1.084,1.056,1.044,1.056,1.06,1.068,1.072,1.06,-1.084,-1.076,-1.072,-1.084,-1.08,1.1,1.104,1.1,1.104,1.1,-1.088,1.092,1.08,1.076,1.06,-1,1.008,1.008,1.008,0.98,-0.996,-0.976,-0.988,0.996,-1.024,-1.056,-1.08,1.064,1.056,1.06,1.06,-1.036,1.004,1.004,-1.008,1.016,1.008,1.004,1,1.02,1.024,1.02,1.012,1.02,1.016,-1,-0.992,0.944,0.936,0.932,0.932,0.936,-1.076,1.048,-1.044,-1.064,-1.064,-1.08,-1.096,-1.08,-1.068,-1.064,-1.08,-1.08,-1.052,-1.036,1.052,1.04,-0.964,0.944,-1.096,-1.104,1.084,1.08,1.1,1.112,-1.084,-1.092,1.052,1.052,1.064,1.072,1.076,-1.068,1.048,1.044,0.94,-0.948,-0.96,-0.96,-0.964,-0.976,0.976,-0.984,-0.972,-0.964,-0.928,-0.932,-0.932,-0.936,-1.012,-1.004,0.972,0.996,-1.012,1.02,1.028,1.04,1.048
-1.072,-1.096,-1.092,-1.088,-1.088,-1.076,-1.072,1.052,1.056,1.076,1.068,1.084,1.076,1.08,-1.044,-1.028,-0.976,0.96,0.964,-0.968,-1.088,-1.092,-1.092,1.1,1.08,1.024,0.968,-0.992,-0.992,-1.06,-1.048,-1.06,-1.064,-1.068,-1.064,1.008,1.016,1.028,-1.044,-1.048,1.052,1.06,-1.064,-1.048,1.064,1.068,1.08,1.08,1.08,-1.08,-1.072,-1.072,-1.064,-1.04,-1.032,0.972,0.972,0.968,0.972,-0.968,0.92,-0.9,-0.904,0.92,-0.88,-0.892,0.904,0.896,0.924,0.928,0.916,0.908,0.912,-1.08,1.08,1.04,1.052,1.048,1.044,-0.932,-0.944,-0.948,1,1.004,1.008,1.012,1.032,-1.036,-1.036,-1.032,-1.04,-1.032,-1.024,-1.032,-1.036,-1.008,-0.976,-0.996,-1.008,1.024,1.04,1.044,1.044,-1.076,-1.072,-1.064,-1.08,1.076,1.076,-1.06,1.064,-1.036,-1.04,1.024,1.004,-1.036,-1.044,-1.032,-0.972,-0.98,-0.988,-1.004,-1.032,-1.06,1.092,1.08,1.072,1.076,1.048,-1.076,1.112,1.116,1.12,1.08,-1.076,-1.064,-1.08,-1.08,-1.08,-1.076,-1.088,-1.052,-0.952,-0.964,0.936,-0.9,-0.9,-0.896,1.108,1.064,-1.068,-1.06,1.084,1.056,1.044,1.056,1.06,-0.932,-0.928,-0.94,0.916,0.924,0.928,0.916,0.92,-0.9,-0.896,-0.9,-0.896,-0.9,0.912,-0.908,-0.92,-0.924,-0.94,1,-0.992,-0.992,-0.992,-1.02,1.004,1.024,1.012,-1.004,-1.024,-1.056,-1.08,1.064,1.056,1.06,1.06,-1.036,1.004,1.004,0.992,-0.984,-0.992,-0.996,-1,-0.98,-0.976,-0.98,-0.988,-0.98,-0.984,1,1.008,-1.056,-1.064,-1.068,-1.068,-1.064,-1.076,1.048,-1.044,-1.064,-1.064,-1.08,-1.096,-1.08,-1.068,-1.064,-1.08,-1.08,0.948,0.964,-0.948,-0.96,1.036,-1.056,-1.096,-1.104,1.084,1.08,1.1,1.112,-1.084,-1.092,1.052,1.052,1.064,1.072,1.076,-1.068,1.048,1.044,-1.06,1.052,1.04,1.04,1.036,1.024,-1.024,1.016,1.028,1.036,1.072,1.068,1.068,1.064,0.988,0.996,-1.028,-1.004,0.988,-0.98,-0.972,-0.96,-0.952
-1.072,-1.096,-1.092,-1.088,-1.088,-1.076,-1.072,1.052,1.056,1.076,1.068,1.084,1.076,1.08,-1.044,-1.028,-0.976,0.96,0.964,-0.968,0.912,0.908,0.908,-0.9,1.08,1.024,-1.032,1.008,1.008,-1.06,-1.048,-1.06,-1.064,-1.068,-1.064,1.008,1.016,1.028,-1.044,-1.048,1.052,1.06,-1.064,-1.048,1.064,1.068,1.08,1.08,1.08,-1.08,-1.072,-1.072,-1.064,-1.04,-1.032,0.972,0.972,0.968,0.972,-0.968,0.92,-0.9,-0.904,0.92,1.12,1.108,-1.096,-1.104,-1.076,-1.072,-1.084,-1.092,-1.088,-1.08,1.08,1.04,1.052,1.048,1.044,1.068,1.056,1.052,-1,-0.996,-0.992,-0.988,-0.968,-1.036,-1.036,-1.032,-1.04,-1.032,-1.024,-1.032,-1.036,-1.008,-0.976,-0.996,-1.008,1.024,1.04,1.044,1.044,-1.076,-1.072,-1.064,-1.08,1.076,1.076,-1.06,-0.936,0.964,0.96,-0.976,-0.996,0.964,0.956,0.968,-0.972,-0.98,-0.988,-1.004,-1.032,-1.06,1.092,1.08,1.072,1.076,1.048,-1.076,1.112,1.116,1.12,1.08,-1.076,-1.064,-1.08,-1.08,-1.08,-1.076,-1.088,-1.052,-0.952,1.036,-1.064,1.1,1.1,1.104,1.108,1.064,-1.068,-1.06,1.084,1.056,1.044,1.056,1.06,1.068,1.072,1.06,-1.084,-1.076,-1.072,-1.084,-1.08,1.1,1.104,1.1,1.104,1.1,-1.088,1.092,1.08,1.076,1.06,1,-0.992,-0.992,-0.992,-1.02,1.004,1.024,1.012,-1.004,-1.024,-1.056,-1.08,1.064,1.056,1.06,1.06,-1.036,1.004,1.004,-1.008,1.016,1.008,1.004,1,-0.98,-0.976,-0.98,-0.988,-0.98,-0.984,1,1.008,-1.056,-1.064,-1.068,-1.068,-1.064,-1.076,1.048,-1.044,-1.064,-1.064,-1.08,-1.096,-1.08,-1.068,-1.064,-1.08,-1.08,0.948,0.964,-0.948,-0.96,1.036,-1.056,-1.096,-1.104,1.084,1.08,1.1,1.112,-1.084,-1.092,1.052,1.052,1.064,1.072,1.076,-1.068,1.048,1.044,-1.06,1.052,1.04,1.04,1.036,1.024,-1.024,1.016,1.028,1.036,1.072,1.068,1.068,1.064,0.988,0.996,0.972,0.996,-1.012,1.02,1.028,1.04,1.048
-1.072,-1.096,-1.092,-1.088,-1.088,-1.076,-1.072,1.052,1.056,1.076,1.068,1.084,1.076,1.08,-1.044,-1.028,-0.976,0.96,0.964,-0.968,-1.088,-1.092,-1.092,1.1,1.08,1.024,-1.032,1.008,1.008,0.94,0.952,0.94,0.936,0.932,0.936,-0.992,-0.984,-0.972,0.956,0.952,1.052,1.06,-1.064,-1.048,1.064,1.068,1.08,1.08,1.08,-1.08,-1.072,-1.072,-1.064,-1.04,-1.032,0.972,0.972,0.968,-1.028,1.032,-1.08,1.1,1.096,-1.08,1.12,1.108,-1.096,-1.104,-1.076,-1.072,-1.084,-1.092,-1.088,-1.08,1.08,1.04,1.052,1.048,1.044,1.068,1.056,1.052,-1,-0.996,-0.992,1.012,1.032,-1.036,-1.036,-1.032,-1.04,-1.032,-1.024,-1.032,-1.036,-1.008,-0.976,-0.996,-1.008,1.024,1.04,1.044,1.044,-1.076,-1.072,-1.064,-1.08,1.076,1.076,-1.06,1.064,-1.036,-1.04,1.024,1.004,0.964,0.956,0.968,-0.972,-0.98,-0.988,-1.004,-1.032,-1.06,1.092,1.08,1.072,1.076,1.048,-1.076,1.112,1.116,1.12,1.08,-1.076,-1.064,-1.08,-1.08,-1.08,-1.076,-1.088,-1.052,-0.952,-0.964,0.936,-0.9,1.1,1.104,1.108,1.064,-1.068,-1.06,1.084,1.056,1.044,1.056,1.06,1.068,1.072,1.06,-1.084,-1.076,-1.072,-1.084,-1.08,1.1,1.104,1.1,1.104,1.1,-1.088,-0.908,-0.92,-0.924,-0.94,1,-0.992,-0.992,-0.992,-1.02,1.004,1.024,1.012,-1.004,-1.024,-1.056,-1.08,1.064,1.056,1.06,1.06,-1.036,1.004,1.004,-1.008,1.016,1.008,1.004,1,1.02,1.024,1.02,1.012,1.02,1.016,-1,1.008,-1.056,-1.064,-1.068,-1.068,-1.064,-1.076,1.048,-1.044,-1.064,-1.064,-1.08,-1.096,-1.08,-1.068,-1.064,-1.08,0.92,0.948,0.964,-0.948,-0.96,1.036,-1.056,-1.096,-1.104,1.084,1.08,1.1,1.112,-1.084,-1.092,1.052,1.052,1.064,1.072,1.076,-1.068,1.048,1.044,-1.06,1.052,1.04,1.04,1.036,1.024,-1.024,1.016,1.028,1.036,1.072,1.068,1.068,1.064,0.988,0.996,0.972,0.996,-1.012,1.02,1.028,1.04,1.048
-1.072,-1.096,-1.092,-1.088,-1.088,-1.076,-1.072,1.052,1.056,1.076,1.068,1.084,1.076,1.08,-1.044,-1.028,-0.976,0.96,0.964,-0.968,-1.088,-1.092,-1.092,1.1,1.08,1.024,-1.032,1.008,1.008,0.94,0.952,0.94,0.936,0.932,0.936,-0.992,-0.984,-0.972,0.956,0.952,-0.948,-0.94,0.936,-1.048,1.064,1.068,1.08,1.08,1.08,-1.08,-1.072,-1.072,-1.064,-1.04,-1.032,0.972,0.972,0.968,0.972,-0.968,0.92,-0.9,-0.904,0.92,-0.88,-0.892,0.904,0.896,-1.076,-1.072,-1.084,-1.092,-1.088,-1.08,1.08,1.04,1.052,1.048,1.044,1.068,1.056,1.052,1,1.004,1.008,1.012,1.032,-1.036,-1.036,-1.032,-1.04,-1.032,-1.024,-1.032,-1.036,-1.008,-0.976,-0.996,-1.008,1.024,1.04,1.044,1.044,-1.076,-1.072,-1.064,-1.08,1.076,1.076,-1.06,-0.936,0.964,0.96,-0.976,-0.996,0.964,0.956,0.968,-0.972,-0.98,-0.988,-1.004,-1.032,-1.06,1.092,1.08,1.072,1.076,1.048,-1.076,1.112,1.116,1.12,1.08,-1.076,-1.064,-1.08,-1.08,-1.08,-1.076,-1.088,-1.052,-0.952,-0.964,0.936,-0.9,-0.9,1.104,1.108,1.064,-1.068,-1.06,1.084,1.056,1.044,1.056,1.06,1.068,1.072,1.06,-1.084,-1.076,-1.072,-1.084,-1.08,1.1,1.104,1.1,1.104,1.1,-1.088,1.092,1.08,1.076,1.06,-1,1.008,1.008,1.008,0.98,1.004,1.024,1.012,-1.004,-1.024,-1.056,-1.08,1.064,1.056,1.06,1.06,0.964,-0.996,-0.996,0.992,-0.984,-0.992,-0.996,-1,-0.98,-0.976,-0.98,-0.988,-0.98,-0.984,1,1.008,-1.056,-1.064,-1.068,-1.068,-1.064,-1.076,1.048,-1.044,-1.064,-1.064,-1.08,-1.096,-1.08,-1.068,-1.064,-1.08,-1.08,-1.052,-1.036,1.052,1.04,1.036,-1.056,-1.096,-1.104,1.084,1.08,1.1,1.112,-1.084,-1.092,1.052,1.052,1.064,1.072,1.076,-1.068,1.048,1.044,-1.06,1.052,1.04,1.04,1.036,1.024,-1.024,1.016,1.028,1.036,1.072,1.068,1.068,1.064,0.988,0.996,-1.028,0.996,-1.012,1.02,1.028,1.04,1.048
-1.072,-1.096,-1.092,-1.088,-1.088,-1.076,-1.072,1.052,1.056,1.076,1.068,1.084,1.076,1.08,-1.044,-1.028,-0.976,-1.04,-1.036,1.032,-1.088,-1.092,-1.092,1.1,1.08,-0.976,0.968,-0.992,-0.992,-1.06,-1.048,-1.06,-1.064,-1.068,-1.064,1.008,1.016,1.028,-1.044,-1.048,1.052,1.06,-1.064,-1.048,1.064,1.068,1.08,1.08,1.08,-1.08,-1.072,-1.072,-1.064,-1.04,-1.032,0.972,0.972,0.968,0.972,-0.968,-1.08,1.1,1.096,-1.08,1.12,1.108,-1.096,-1.104,-1.076,-1.072,-1.084,-1.092,-1.088,-1.08,1.08,1.04,1.052,1.048,1.044,1.068,1.056,1.052,-1,-0.996,-0.992,-0.988,-0.968,0.964,0.964,0.968,0.96,0.968,0.976,0.968,0.964,0.992,1.024,1.004,0.992,-0.976,-0.96,-0.956,-0.956,0.924,-1.072,-1.064,-1.08,1.076,1.076,-1.06,1.064,-1.036,-1.04,1.024,1.004,-1.036,-1.044,-1.032,1.028,1.02,1.012,0.996,0.968,0.94,-0.908,-0.92,-0.928,-0.924,1.048,-1.076,1.112,1.116,1.12,1.08,-1.076,-1.064,-1.08,-1.08,-1.08,-1.076,-1.088,-1.052,-0.952,-0.964,0.936,-0.9,-0.9,-0.896,1.108,1.064,-1.068,-1.06,1.084,1.056,1.044,1.056,1.06,1.068,1.072,1.06,-1.084,-1.076,-1.072,-1.084,-1.08,1.1,1.104,1.1,1.104,1.1,-1.088,1.092,1.08,1.076,1.06,1,-0.992,-0.992,-0.992,-1.02,1.004,1.024,1.012,-1.004,-1.024,-1.056,-1.08,1.064,1.056,1.06,1.06,-1.036,1.004,1.004,0.992,-0.984,-0.992,-0.996,-1,-0.98,-0.976,-0.98,-0.988,-0.98,-0.984,1,1.008,-1.056,-1.064,-1.068,-1.068,-1.064,-1.076,1.048,-1.044,-1.064,-1.064,-1.08,-1.096,-1.08,-1.068,-1.064,-1.08,-1.08,0.948,0.964,-0.948,-0.96,1.036,-1.056,-1.096,-1.104,1.084,1.08,1.1,1.112,-1.084,-1.092,1.052,1.052,1.064,1.072,1.076,-1.068,1.048,1.044,-1.06,1.052,1.04,1.04,1.036,1.024,-1.024,1.016,1.028,1.036,1.072,-0.932,-0.932,-0.936,-1.012,-1.004,0.972,0.996,-1.012,1.02,1.028,1.04,1.048
-1.072,-1.096,-1.092,-1.088,-1.088,-1.076,-1.072,1.052,1.056,1.076,1.068,1.084,1.076,1.08,-1.044,-1.028,-0.976,0.96,0.964,-0.968,-1.088,-1.092,-1.092,1.1,1.08,1.024,-1.032,1.008,1.008,-1.06,-1.048,-1.06,-1.064,-1.068,-1.064,1.008,1.016,1.028,-1.044,-1.048,1.052,1.06,-1.064,-1.048,1.064,1.068,1.08,1.08,1.08,-1.08,-1.072,-1.072,-1.064,-1.04,-1.032,0.972,0.972,0.968,0.972,-0.968,0.92,-0.9,-0.904,0.92,-0.88,-0.892,0.904,0.896,-1.076,-1.072,-1.084,-1.092,-1.088,-1.08,1.08,1.04,1.052,1.048,1.044,1.068,1.056,1.052,-1,-0.996,-0.992,-0.988,-0.968,0.964,0.964,0.968,0.96,0.968,0.976,0.968,0.964,0.992,1.024,1.004,0.992,-0.976,-0.96,-0.956,-0.956,-1.076,-1.072,-1.064,-1.08,1.076,1.076,-1.06,1.064,-1.036,-1.04,1.024,1.004,-1.036,-1.044,-1.032,1.028,1.02,1.012,0.996,0.968,0.94,-0.908,-0.92,-0.928,-0.924,1.048,-1.076,1.112,1.116,1.12,1.08,-1.076,-1.064,-1.08,-1.08,-1.08,-1.076,-1.088,0.948,1.048,1.036,-1.064,1.1,1.1,1.104,1.108,1.064,-1.068,-1.06,1.084,1.056,1.044,1.056,1.06,1.068,1.072,1.06,-1.084,-1.076,-1.072,-1.084,-1.08,1.1,1.104,1.1,1.104,-0.9,0.912,-0.908,-0.92,-0.924,-0.94,1,-0.992,-0.992,-0.992,-1.02,1.004,1.024,1.012,-1.004,-1.024,-1.056,-1.08,1.064,1.056,1.06,1.06,-1.036,1.004,1.004,-1.008,1.016,1.008,1.004,1,1.02,1.024,1.02,1.012,1.02,1.016,-1,-0.992,0.944,0.936,0.932,0.932,0.936,0.924,1.048,-1.044,-1.064,-1.064,-1.08,-1.096,0.92,0.932,0.936,0.92,0.92,0.948,0.964,-0.948,-0.96,1.036,-1.056,-1.096,-1.104,1.084,1.08,1.1,1.112,-1.084,-1.092,1.052,1.052,1.064,1.072,1.076,-1.068,1.048,1.044,-1.06,1.052,1.04,1.04,1.036,1.024,-1.024,1.016,1.028,1.036,1.072,1.068,1.068,1.064,0.988,0.996,-1.028,-1.004,0.988,-0.98,-0.972,-0.96,1.048
-1.072,-1.096,-1.092,-1.088,-1.088,-1.076,-1.072,1.052,1.056,1.076,1.068,1.084,1.076,1.08,-1.044,-1.028,-0.976,0.96,0.964,-0.968,-1.088,-1.092,-1.092,1.1,1.08,1.024,-1.032,1.008,1.008,0.94,0.952,0.94,0.936,0.932,0.936,-0.992,-0.984,-0.972,0.956,0.952,-0.948,1.06,-1.064,-1.048,1.064,1.068,1.08,1.08,1.08,-1.08,-1.072,-1.072,-1.064,-1.04,-1.032,0.972,-1.028,-1.032,-1.028,1.032,-1.08,1.1,1.096,-1.08,1.12,1.108,-1.096,-1.104,-1.076,-1.072,-1.084,-1.092,-1.088,-1.08,1.08,1.04,1.052,1.048,1.044,1.068,1.056,1.052,-1,-0.996,-0.992,-0.988,-0.968,0.964,0.964,0.968,0.96,0.968,0.976,0.968,0.964,-1.008,-0.976,-0.996,-1.008,1.024,1.04,1.044,1.044,-1.076,-1.072,-1.064,-1.08,1.076,1.076,-1.06,1.064,-1.036,-1.04,1.024,1.004,0.964,0.956,0.968,-0.972,-0.98,-0.988,-1.004,-1.032,-1.06,1.092,1.08,1.072,1.076,1.048,-1.076,1.112,1.116,1.12,1.08,-1.076,-1.064,-1.08,-1.08,-1.08,-1.076,-1.088,0.948,1.048,1.036,-1.064,1.1,1.1,1.104,1.108,1.064,-1.068,-1.06,1.084,1.056,1.044,1.056,1.06,1.068,1.072,1.06,-1.084,-1.076,-1.072,-1.084,-1.08,1.1,1.104,1.1,1.104,1.1,-1.088,1.092,1.08,1.076,1.06,-1,1.008,1.008,1.008,0.98,-0.996,-0.976,-0.988,0.996,-1.024,-1.056,-1.08,1.064,1.056,1.06,1.06,-1.036,-0.996,-0.996,0.992,-0.984,-0.992,-0.996,-1,-0.98,-0.976,-0.98,-0.988,-0.98,-0.984,1,1.008,-1.056,-1.064,-1.068,-1.068,-1.064,-1.076,1.048,-1.044,-1.064,-1.064,-1.08,-1.096,-1.08,-1.068,-1.064,-1.08,-1.08,-1.052,-1.036,1.052,1.04,1.036,-1.056,-1.096,-1.104,1.084,1.08,1.1,1.112,-1.084,-1.092,1.052,1.052,1.064,1.072,1.076,-1.068,1.048,1.044,-1.06,1.052,1.04,1.04,1.036,1.024,-1.024,-0.984,-0.972,-0.964,-0.928,-0.932,-0.932,-0.936,-1.012,-1.004,0.972,0.996,-1.012,1.02,1.028,1.04,1.048
-1.072,-1.096,-1.092,-1.088,-1.088,-1.076,-1.072,1.052,1.056,1.076,1.068,1.084,1.076,1.08,-1.044,-1.028,-0.976,0.96,0.964,-0.968,-1.088,-1.092,-1.092,1.1,1.08,1.024,-1.032,1.008,1.008,-1.06,-1.048,-1.06,-1.064,-1.068,-1.064,1.008,1.016,1.028,-1.044,-1.048,1.052,1.06,-1.064,-1.048,1.064,1.068,1.08,1.08,1.08,-1.08,-1.072,-1.072,-1.064,-1.04,-1.032,0.972,0.972,0.968,0.972,-0.968,0.92,-0.9,-0.904,0.92,1.12,1.108,-1.096,-1.104,-1.076,-1.072,-1.084,-1.092,-1.088,-1.08,1.08,1.04,1.052,1.048,1.044,1.068,-0.944,-0.948,1,1.004,1.008,1.012,1.032,-1.036,-1.036,-1.032,-1.04,-1.032,-1.024,-1.032,-1.036,-1.008,-0.976,-0.996,-1.008,1.024,1.04,1.044,1.044,-1.076,-1.072,-1.064,-1.08,1.076,1.076,-1.06,1.064,-1.036,-1.04,1.024,1.004,-1.036,-1.044,-1.032,1.028,1.02,1.012,0.996,0.968,0.94,-0.908,-0.92,-0.928,-0.924,-0.952,0.924,-0.888,-0.884,-0.88,1.08,-1.076,-1.064,-1.08,-1.08,-1.08,-1.076,-1.088,0.948,1.048,1.036,-1.064,1.1,1.1,1.104,1.108,1.064,-1.068,-1.06,1.084,1.056,1.044,1.056,1.06,1.068,1.072,1.06,-1.084,-1.076,-1.072,-1.084,-1.08,1.1,1.104,1.1,1.104,1.1,-1.088,1.092,1.08,1.076,-0.94,1,-0.992,-0.992,-0.992,-1.02,1.004,1.024,1.012,-1.004,-1.024,-1.056,-1.08,1.064,1.056,1.06,1.06,-1.036,-0.996,-0.996,0.992,-0.984,-0.992,-0.996,-1,-0.98,-0.976,-0.98,-0.988,-0.98,-0.984,1,1.008,-1.056,-1.064,-1.068,-1.068,-1.064,-1.076,1.048,-1.044,-1.064,-1.064,-1.08,-1.096,-1.08,-1.068,-1.064,-1.08,-1.08,0.948,0.964,-0.948,-0.96,1.036,-1.056,-1.096,-1.104,1.084,1.08,1.1,1.112,-1.084,-1.092,1.052,1.052,1.064,1.072,1.076,-1.068,1.048,1.044,-1.06,1.052,1.04,1.04,1.036,1.024,-1.024,1.016,1.028,1.036,1.072,1.068,1.068,1.064,0.988,0.996,-1.028,-1.004,-1.012,1.02,1.028,1.04,1.048
0.928,0.904,0.908,0.912,0.912,0.924,0.928,-0.948,-0.944,-0.924,-0.932,-0.916,-0.924,-0.92,-1.044,-1.028,-0.976,0.96,0.964,-0.968,0.912,0.908,0.908,-0.9,-0.92,-0.976,0.968,-0.992,-0.992,-1.06,-1.048,-1.06,-1.064,-1.068,-1.064,1.008,1.016,-0.972,0.956,0.952,-0.948,-0.94,0.936,0.952,-0.936,-0.932,-0.92,-0.92,-0.92,0.92,0.928,0.928,0.936,0.96,0.968,-1.028,-1.028,-1.032,-1.028,1.032,0.92,-0.9,-0.904,0.92,-0.88,-0.892,0.904,0.896,0.924,0.928,0.916,0.908,0.912,0.92,-0.92,-0.96,-0.948,-0.952,-0.956,-0.932,-0.944,-0.948,-1,-0.996,-0.992,-0.988,-0.968,0.964,0.964,0.968,0.96,0.968,0.976,0.968,0.964,0.992,1.024,1.004,0.992,-0.976,-0.96,-0.956,-0.956,0.924,0.928,0.936,0.92,-0.924,-0.924,0.94,-0.936,0.964,0.96,-0.976,-0.996,0.964,0.956,0.968,-0.972,-0.98,-0.988,-1.004,-1.032,-1.06,1.092,1.08,1.072,1.076,1.048,-1.076,1.112,1.116,1.12,-0.92,0.924,0.936,0.92,0.92,0.92,0.924,0.912,0.948,1.048,1.036,-1.064,-0.9,-0.9,-0.896,-0.892,-0.936,0.932,0.94,-0.916,-0.944,-0.956,-0.944,-0.94,-0.932,-0.928,-0.94,0.916,0.924,0.928,0.916,0.92,-0.9,-0.896,-0.9,-0.896,-0.9,0.912,-0.908,-0.92,-0.924,-0.94,1,-0.992,-0.992,-0.992,-1.02,1.004,1.024,1.012,-1.004,0.976,0.944,0.92,-0.936,-0.944,-0.94,-0.94,-1.036,1.004,1.004,-1.008,1.016,1.008,1.004,1,1.02,1.024,1.02,1.012,1.02,1.016,-1,-0.992,0.944,0.936,0.932,0.932,0.936,0.924,-0.952,0.956,0.936,0.936,0.92,0.904,-1.08,-1.068,-1.064,-1.08,-1.08,-1.052,-1.036,1.052,1.04,-0.964,0.944,0.904,0.896,-0.916,-0.92,-0.9,-0.888,0.916,0.908,-0.948,-0.948,-0.936,-0.928,-0.924,0.932,-0.952,-0.956,-1.06,1.052,1.04,1.04,1.036,1.024,-1.024,1.016,1.028,1.036,1.072,1.068,1.068,1.064,0.988,0.996,-1.028,-1.004,0.988,-0.98,-0.972,-0.96,-0.952
0.928,0.904,0.908,0.912,0.912,0.924,0.928,-0.948,-0.944,-0.924,-0.932,-0.916,-0.924,-0.92,0.956,0.972,1.024,-1.04,-1.036,1.032,0.912,0.908,0.908,-0.9,-0.92,-0.976,0.968,-0.992,-0.992,-1.06,-1.048,0.94,0.936,0.932,0.936,-0.992,-0.984,-0.972,0.956,0.952,-0.948,-0.94,0.936,0.952,-0.936,-0.932,-0.92,-0.92,-0.92,0.92,0.928,0.928,0.936,0.96,0.968,-1.028,-1.028,-1.032,-1.028,1.032,-1.08,1.1,-0.904,0.92,-0.88,-0.892,0.904,0.896,0.924,0.928,0.916,0.908,0.912,0.92,-0.92,-0.96,-0.948,-0.952,-0.956,1.068,1.056,1.052,-1,-0.996,-0.992,-0.988,-0.968,0.964,0.964,0.968,0.96,0.968,0.976,0.968,0.964,0.992,1.024,1.004,0.992,-0.976,-0.96,-0.956,-0.956,0.924,0.928,0.936,0.92,-0.924,-0.924,-1.06,1.064,-1.036,-1.04,1.024,1.004,-1.036,-1.044,-1.032,1.028,1.02,1.012,0.996,0.968,0.94,-0.908,-0.92,-0.928,-0.924,-0.952,0.924,-0.888,-0.884,-0.88,-0.92,0.924,-1.064,-1.08,-1.08,-1.08,-1.076,-1.088,-1.052,-0.952,-0.964,0.936,-0.9,-0.9,-0.896,-0.892,-0.936,0.932,0.94,-0.916,-0.944,-0.956,-0.944,-0.94,-0.932,-0.928,1.06,-1.084,-1.076,-1.072,-1.084,-1.08,1.1,1.104,1.1,1.104,1.1,-1.088,1.092,1.08,1.076,1.06,-1,1.008,1.008,1.008,0.98,-0.996,-0.976,-0.988,0.996,0.976,0.944,0.92,-0.936,-0.944,-0.94,-0.94,0.964,-0.996,-0.996,0.992,-0.984,-0.992,-0.996,-1,-0.98,-0.976,-0.98,-0.988,-0.98,-0.984,1,1.008,0.944,0.936,0.932,0.932,0.936,0.924,-0.952,0.956,0.936,0.936,0.92,0.904,0.92,0.932,0.936,0.92,0.92,0.948,0.964,-0.948,-0.96,1.036,0.944,0.904,0.896,-0.916,-0.92,-0.9,-0.888,0.916,0.908,-0.948,-0.948,-0.936,-0.928,-0.924,0.932,-0.952,-0.956,0.94,-0.948,-0.96,-0.96,-0.964,-0.976,-1.024,1.016,1.028,1.036,1.072,1.068,1.068,1.064,0.988,0.996,-1.028,-1.004,0.988,-0.98,-0.972,-0.96,-0.952
0.928,0.904,0.908,0.912,0.912,0.924,0.928,-0.948,-0.944,-0.924,-0.932,-0.916,-0.924,-0.92,0.956,0.972,1.024,-1.04,-1.036,1.032,-1.088,-1.092,-1.092,1.1,-0.92,-0.976,0.968,-0.992,-0.992,0.94,0.952,0.94,0.936,0.932,0.936,-0.992,-0.984,-0.972,0.956,0.952,-0.948,-0.94,0.936,0.952,-0.936,-0.932,-0.92,-0.92,-0.92,0.92,0.928,0.928,-1.064,-1.04,-1.032,0.972,0.972,0.968,0.972,-0.968,0.92,-0.9,-0.904,0.92,-0.88,-0.892,0.904,0.896,0.924,0.928,0.916,0.908,0.912,0.92,-0.92,-0.96,-0.948,-0.952,-0.956,-0.932,-0.944,-0.948,-1,-0.996,-0.992,-0.988,-0.968,0.964,0.964,0.968,0.96,0.968,0.976,0.968,0.964,0.992,1.024,1.004,0.992,-0.976,-0.96,-0.956,-0.956,0.924,0.928,0.936,0.92,-0.924,-0.924,0.94,-0.936,0.964,0.96,-0.976,-0.996,0.964,0.956,0.968,-0.972,-0.98,-0.988,-1.004,-1.032,-1.06,1.092,1.08,1.072,1.076,1.048,0.924,-0.888,-0.884,-0.88,-0.92,0.924,0.936,0.92,0.92,0.92,0.924,0.912,0.948,1.048,1.036,-1.064,1.1,1.1,1.104,-0.892,-0.936,0.932,0.94,-0.916,-0.944,-0.956,-0.944,-0.94,-0.932,-0.928,-0.94,0.916,0.924,0.928,0.916,0.92,-0.9,-0.896,-0.9,-0.896,-0.9,0.912,-0.908,-0.92,-0.924,-0.94,1,-0.992,-0.992,-0.992,-1.02,1.004,1.024,1.012,-1.004,-1.024,0.944,0.92,-0.936,-0.944,-0.94,-0.94,-1.036,1.004,1.004,-1.008,1.016,1.008,1.004,1,1.02,1.024,1.02,1.012,1.02,1.016,-1,-0.992,0.944,0.936,0.932,0.932,0.936,0.924,-0.952,0.956,0.936,0.936,0.92,0.904,0.92,0.932,0.936,0.92,0.92,0.948,0.964,-0.948,-0.96,-0.964,0.944,0.904,0.896,-0.916,-0.92,-0.9,-0.888,0.916,0.908,-0.948,-0.948,-0.936,-0.928,-0.924,-1.068,1.048,1.044,-1.06,1.052,1.04,1.04,1.036,1.024,-1.024,1.016,1.028,1.036,1.072,1.068,1.068,1.064,0.988,0.996,-1.028,-1.004,0.988,-0.98,-0.972,-0.96,-0.952
0.928,0.904,0.908,0.912,0.912,0.924,0.928,-0.948,-0.944,-0.924,-0.932,-0.916,-0.924,-0.92,0.956,0.972,-0.976,0.96,0.964,-0.968,0.912,0.908,0.908,-0.9,-0.92,-0.976,0.968,-0.992,-0.992,-1.06,-1.048,-1.06,-1.064,-1.068,-1.064,1.008,1.016,1.028,-1.044,-1.048,1.052,1.06,0.936,0.952,-0.936,-0.932,-0.92,-0.92,-0.92,0.92,0.928,0.928,-1.064,-1.04,-1.032,0.972,0.972,0.968,0.972,-0.968,0.92,-0.9,-0.904,0.92,-0.88,-0.892,0.904,0.896,0.924,0.928,0.916,0.908,0.912,0.92,-0.92,-0.96,-0.948,-0.952,-0.956,-0.932,-0.944,-0.948,-1,-0.996,-0.992,-0.988,-0.968,0.964,0.964,0.968,0.96,0.968,0.976,0.968,0.964,0.992,1.024,1.004,0.992,-0.976,-0.96,-0.956,-0.956,0.924,0.928,0.936,0.92,-0.924,-0.924,0.94,-0.936,0.964,0.96,1.024,1.004,-1.036,-1.044,-1.032,1.028,1.02,1.012,0.996,0.968,0.94,-0.908,-0.92,-0.928,-0.924,-0.952,0.924,-0.888,-0.884,-0.88,-0.92,0.924,-1.064,-1.08,-1.08,-1.08,-1.076,-1.088,-1.052,-0.952,-0.964,0.936,-0.9,-0.9,-0.896,-0.892,-0.936,0.932,0.94,-0.916,-0.944,-0.956,-0.944,-0.94,-0.932,-0.928,-0.94,0.916,0.924,0.928,0.916,0.92,-0.9,-0.896,-0.9,-0.896,-0.9,0.912,-0.908,-0.92,-0.924,-0.94,1,-0.992,-0.992,-0.992,-1.02,-0.996,-0.976,-0.988,0.996,0.976,0.944,0.92,-0.936,-0.944,-0.94,-0.94,0.964,-0.996,-0.996,0.992,-0.984,-0.992,-0.996,-1,-0.98,-0.976,-0.98,-0.988,-0.98,-0.984,1,1.008,-1.056,-1.064,-1.068,-1.068,-1.064,-1.076,1.048,0.956,0.936,0.936,0.92,0.904,0.92,0.932,0.936,0.92,0.92,-1.052,-1.036,1.052,1.04,-0.964,0.944,0.904,0.896,-0.916,-0.92,-0.9,-0.888,0.916,0.908,1.052,1.052,1.064,1.072,1.076,-1.068,1.048,1.044,-1.06,1.052,1.04,1.04,1.036,1.024,-1.024,1.016,1.028,1.036,1.072,1.068,1.068,1.064,0.988,0.996,-1.028,-1.004,0.988,-0.98,-0.972,-0.96,-0.952
0.928,0.904,0.908,0.912,0.912,0.924,0.928,-0.948,-0.944,-0.924,-0.932,-0.916,-0.924,-0.92,0.956,0.972,1.024,0.96,0.964,-0.968,0.912,0.908,0.908,-0.9,-0.92,-0.976,0.968,-0.992,-0.992,0.94,0.952,0.94,0.936,0.932,0.936,-0.992,-0.984,-0.972,0.956,0.952,-0.948,-0.94,0.936,0.952,-0.936,-0.932,-0.92,-0.92,-0.92,0.92,0.928,0.928,0.936,0.96,0.968,-1.028,-1.028,-1.032,-1.028,1.032,-1.08,1.1,1.096,-1.08,1.12,1.108,-1.096,-1.104,-1.076,-1.072,0.916,0.908,0.912,0.92,-0.92,-0.96,-0.948,-0.952,-0.956,-0.932,-0.944,-0.948,1,1.004,1.008,1.012,1.032,-1.036,-1.036,-1.032,-1.04,-1.032,-1.024,-1.032,-1.036,-1.008,-0.976,-0.996,-1.008,1.024,-0.96,-0.956,-0.956,0.924,0.928,0.936,0.92,-0.924,-0.924,0.94,-0.936,0.964,0.96,-0.976,-0.996,0.964,0.956,0.968,-0.972,-0.98,-0.988,-1.004,-1.032,0.94,-0.908,-0.92,-0.928,-0.924,-0.952,0.924,-0.888,-0.884,-0.88,-0.92,0.924,0.936,0.92,0.92,-1.08,-1.076,-1.088,-1.052,-0.952,-0.964,0.936,-0.9,-0.9,-0.896,-0.892,-0.936,0.932,0.94,-0.916,-0.944,-0.956,-0.944,-0.94,-0.932,-0.928,-0.94,0.916,0.924,0.928,0.916,0.92,-0.9,-0.896,1.1,1.104,1.1,-1.088,1.092,1.08,1.076,1.06,-1,1.008,1.008,1.008,0.98,-0.996,-0.976,-0.988,0.996,0.976,0.944,0.92,-0.936,-0.944,-0.94,-0.94,0.964,-0.996,-0.996,0.992,-0.984,-0.992,-0.996,-1,-0.98,-0.976,-0.98,-0.988,-0.98,-0.984,1,-0.992,0.944,0.936,0.932,0.932,0.936,0.924,-0.952,0.956,0.936,0.936,0.92,0.904,0.92,0.932,0.936,0.92,0.92,-1.052,-1.036,1.052,1.04,-0.964,0.944,0.904,0.896,-0.916,-0.92,-0.9,-0.888,0.916,0.908,-0.948,-0.948,-0.936,-0.928,-0.924,0.932,-0.952,-0.956,0.94,-0.948,-0.96,-0.96,-0.964,-0.976,0.976,-0.984,-0.972,-0.964,-0.928,-0.932,-0.932,-0.936,0.988,0.996,-1.028,-1.004,0.988,-0.98,-0.972,-0.96,-0.952
0.928,-1.096,-1.092,-1.088,-1.088,-1.076,-1.072,1.052,1.056,1.076,1.068,1.084,1.076,1.08,-1.044,-1.028,-0.976,0.96,0.964,-0.968,0.912,0.908,0.908,-0.9,-0.92,-0.976,0.968,-0.992,-0.992,0.94,0.952,0.94,0.936,0.932,0.936,-0.992,-0.984,-0.972,0.956,0.952,-0.948,-0.94,0.936,0.952,-0.936,-0.932,-0.92,-0.92,-0.92,0.92,0.928,0.928,0.936,0.96,0.968,-1.028,-1.028,-1.032,-1.028,1.032,-1.08,1.1,1.096,-1.08,-0.88,-0.892,0.904,0.896,0.924,0.928,0.916,0.908,0.912,0.92,-0.92,-0.96,-0.948,-0.952,-0.956,1.068,1.056,1.052,-1,-0.996,-0.992,-0.988,-0.968,0.964,0.964,0.968,0.96,0.968,0.976,0.968,0.964,0.992,1.024,1.004,0.992,-0.976,-0.96,-0.956,-0.956,0.924,0.928,0.936,0.92,-0.924,-0.924,0.94,-0.936,0.964,0.96,-0.976,-0.996,-1.036,-1.044,-1.032,1.028,1.02,1.012,0.996,0.968,0.94,-0.908,-0.92,-0.928,-0.924,-0.952,0.924,-0.888,-0.884,-0.88,-0.92,0.924,0.936,0.92,0.92,0.92,0.924,0.912,-1.052,-0.952,-0.964,0.936,-0.9,-0.9,-0.896,-0.892,-0.936,0.932,0.94,-0.916,-0.944,-0.956,-0.944,-0.94,1.068,1.072,1.06,-1.084,-1.076,-1.072,-1.084,-1.08,1.1,1.104,1.1,1.104,1.1,-1.088,1.092,1.08,1.076,1.06,-1,1.008,1.008,1.008,0.98,-0.996,-0.976,-0.988,0.996,0.976,0.944,0.92,-0.936,-0.944,-0.94,-0.94,0.964,-0.996,-0.996,0.992,-0.984,-0.992,-0.996,-1,-0.98,-0.976,-0.98,-0.988,-0.98,-0.984,1,1.008,-1.056,-1.064,-1.068,0.932,0.936,0.924,-0.952,0.956,0.936,0.936,0.92,0.904,0.92,0.932,0.936,0.92,0.92,0.948,-1.036,1.052,1.04,-0.964,0.944,0.904,0.896,-0.916,-0.92,-0.9,-0.888,0.916,0.908,-0.948,-0.948,-0.936,-0.928,-0.924,0.932,-0.952,-0.956,0.94,-0.948,-0.96,-0.96,-0.964,-0.976,0.976,-0.984,-0.972,-0.964,-0.928,-0.932,-0.932,-0.936,-1.012,-1.004,0.972,0.996,-1.012,1.02,1.028,1.04,1.048
-1.072,-1.096,-1.092,-1.088,-1.088,-1.076,-1.072,1.052,-0.944,-0.924,-0.932,-0.916,-0.924,-0.92,0.956,0.972,1.024,-1.04,-1.036,1.032,-1.088,-1.092,-1.092,1.1,1.08,1.024,-1.032,1.008,1.008,0.94,0.952,0.94,0.936,0.932,0.936,-0.992,-0.984,-0.972,0.956,0.952,-0.948,-0.94,0.936,0.952,1.064,1.068,1.08,1.08,1.08,-1.08,-1.072,-1.072,-1.064,-1.04,-1.032,0.972,0.972,0.968,0.972,-0.968,-1.08,1.1,1.096,-1.08,1.12,1.108,-1.096,-1.104,-1.076,-1.072,-1.084,-1.092,-1.088,-1.08,1.08,1.04,1.052,1.048,1.044,-0.932,-0.944,-0.948,1,1.004,1.008,1.012,1.032,-1.036,-1.036,-1.032,-1.04,-1.032,-1.024,-1.032,-1.036,-1.008,-0.976,-0.996,-1.008,1.024,1.04,1.044,1.044,-1.076,-1.072,-1.064,-1.08,1.076,1.076,-1.06,1.064,-1.036,-1.04,1.024,1.004,-1.036,-1.044,-1.032,1.028,1.02,-0.988,-1.004,-1.032,-1.06,1.092,1.08,1.072,1.076,1.048,-1.076,1.112,1.116,1.12,1.08,-1.076,0.936,0.92,0.92,0.92,0.924,0.912,0.948,1.048,1.036,-1.064,1.1,1.1,1.104,1.108,1.064,-1.068,-1.06,1.084,1.056,1.044,1.056,1.06,1.068,1.072,1.06,-1.084,-1.076,-1.072,-1.084,-1.08,1.1,1.104,1.1,1.104,1.1,-1.088,1.092,1.08,1.076,1.06,-1,1.008,1.008,1.008,0.98,-0.996,-0.976,-0.988,0.996,-1.024,-1.056,-1.08,1.064,1.056,1.06,1.06,-1.036,1.004,1.004,-1.008,1.016,1.008,1.004,1,1.02,1.024,1.02,1.012,1.02,1.016,-1,1.008,-1.056,-1.064,-1.068,-1.068,-1.064,-1.076,1.048,-1.044,-1.064,-1.064,-1.08,-1.096,-1.08,-1.068,-1.064,-1.08,-1.08,0.948,0.964,-0.948,-0.96,1.036,-1.056,-1.096,-1.104,1.084,1.08,1.1,1.112,-1.084,-1.092,1.052,1.052,1.064,1.072,1.076,-1.068,1.048,1.044,-1.06,1.052,1.04,1.04,1.036,1.024,-1.024,1.016,1.028,1.036,1.072,1.068,1.068,1.064,-1.012,-1.004,0.972,0.996,-1.012,1.02,1.028,1.04,1.048
-1.072,-1.096,-1.092,-1.088,-1.088,-1.076,-1.072,1.052,1.056,1.076,1.068,1.084,1.076,1.08,-1.044,-1.028,-0.976,0.96,0.964,-0.968,0.912,0.908,0.908,-0.9,1.08,1.024,-1.032,-0.992,-0.992,-1.06,-1.048,-1.06,-1.064,-1.068,-1.064,1.008,1.016,1.028,-1.044,-1.048,1.052,1.06,-1.064,-1.048,1.064,1.068,1.08,1.08,1.08,-1.08,-1.072,-1.072,-1.064,0.96,0.968,-1.028,-1.028,-1.032,-1.028,1.032,-1.08,1.1,1.096,-1.08,1.12,1.108,-1.096,-1.104,-1.076,-1.072,-1.084,-1.092,-1.088,-1.08,1.08,1.04,1.052,1.048,1.044,1.068,1.056,1.052,-1,-0.996,-0.992,-0.988,-0.968,0.964,0.964,0.968,0.96,0.968,0.976,0.968,0.964,-1.008,-0.976,-0.996,-1.008,1.024,1.04,1.044,1.044,-1.076,-1.072,-1.064,-1.08,1.076,1.076,-1.06,1.064,-1.036,-1.04,1.024,1.004,-1.036,-1.044,-1.032,1.028,1.02,1.012,0.996,0.968,0.94,-0.908,-0.92,-0.928,-0.924,-0.952,0.924,-0.888,-0.884,-0.88,1.08,-1.076,-1.064,-1.08,-1.08,-1.08,-1.076,-1.088,0.948,1.048,1.036,-1.064,1.1,1.1,1.104,1.108,1.064,-1.068,-1.06,1.084,1.056,1.044,1.056,1.06,1.068,1.072,1.06,-1.084,-1.076,-1.072,-1.084,-1.08,1.1,1.104,1.1,1.104,1.1,-1.088,1.092,1.08,1.076,1.06,1,-0.992,-0.992,-0.992,-1.02,1.004,1.024,1.012,-1.004,-1.024,-1.056,-1.08,1.064,1.056,1.06,1.06,-1.036,1.004,-0.996,0.992,-0.984,-0.992,-0.996,-1,-0.98,-0.976,-0.98,-0.988,-0.98,-0.984,1,1.008,-1.056,-1.064,-1.068,-1.068,-1.064,-1.076,1.048,-1.044,-1.064,-1.064,-1.08,-1.096,-1.08,-1.068,-1.064,-1.08,-1.08,0.948,0.964,-0.948,-0.96,1.036,-1.056,-1.096,-1.104,1.084,1.08,1.1,1.112,-1.084,-1.092,1.052,1.052,1.064,1.072,1.076,-1.068,1.048,1.044,-1.06,1.052,1.04,1.04,1.036,1.024,-1.024,1.016,1.028,1.036,1.072,1.068,1.068,1.064,0.988,0.996,0.972,0.996,-1.012,1.02,1.028,1.04,1.048
-1.072,-1.096,-1.092,-1.088,-1.088,-1.076,-1.072,1.052,1.056,1.076,1.068,1.084,1.076,1.08,-1.044,-1.028,-0.976,0.96,0.964,-0.968,0.912,0.908,0.908,-0.9,1.08,1.024,-1.032,1.008,-0.992,-1.06,-1.048,-1.06,-1.064,-1.068,-1.064,1.008,1.016,1.028,-1.044,-1.048,1.052,1.06,-1.064,-1.048,1.064,1.068,1.08,1.08,1.08,-1.08,-1.072,-1.072,-1.064,-1.04,-1.032,0.972,0.972,0.968,0.972,-0.968,0.92,-0.9,-0.904,0.92,-0.88,-0.892,0.904,0.896,0.924,0.928,0.916,-1.092,-1.088,-1.08,1.08,1.04,1.052,1.048,1.044,1.068,1.056,1.052,-1,-0.996,-0.992,-0.988,-0.968,0.964,0.964,0.968,0.96,0.968,0.976,0.968,0.964,0.992,-0.976,-0.996,-1.008,1.024,1.04,1.044,1.044,-1.076,-1.072,-1.064,-1.08,1.076,1.076,-1.06,1.064,-1.036,-1.04,1.024,1.004,-1.036,-1.044,-1.032,1.028,1.02,1.012,0.996,0.968,0.94,-0.908,-0.92,-0.928,-0.924,-0.952,-1.076,1.112,1.116,1.12,1.08,-1.076,-1.064,0.92,0.92,0.92,0.924,0.912,0.948,1.048,1.036,-1.064,1.1,1.1,1.104,1.108,1.064,-1.068,-1.06,1.084,1.056,1.044,1.056,1.06,-0.932,-0.928,-0.94,0.916,0.924,0.928,0.916,0.92,-0.9,-0.896,-0.9,-0.896,-0.9,0.912,-0.908,-0.92,-0.924,-0.94,1,-0.992,-0.992,-0.992,-1.02,1.004,1.024,1.012,-1.004,-1.024,-1.056,-1.08,1.064,1.056,1.06,1.06,-1.036,1.004,1.004,-1.008,1.016,1.008,1.004,1,1.02,1.024,1.02,1.012,1.02,1.016,-1,-0.992,-1.056,-1.064,-1.068,-1.068,-1.064,-1.076,1.048,-1.044,-1.064,-1.064,-1.08,-1.096,-1.08,-1.068,-1.064,-1.08,-1.08,-1.052,-1.036,1.052,1.04,-0.964,0.944,0.904,0.896,-0.916,-0.92,1.1,1.112,-1.084,-1.092,1.052,1.052,1.064,1.072,1.076,-1.068,1.048,1.044,-1.06,1.052,1.04,1.04,1.036,1.024,-1.024,1.016,1.028,1.036,1.072,1.068,1.068,1.064,0.988,0.996,-1.028,-1.004,0.988,1.02,1.028,1.04,1.048
0.928,0.904,0.908,0.912,0.912,0.924,0.928,-0.948,-0.944,-0.924,-0.932,-0.916,-0.924,-0.92,-1.044,-1.028,-0.976,0.96,0.964,-0.968,0.912,0.908,0.908,-0.9,-0.92,-0.976,0.968,1.008,1.008,0.94,0.952,0.94,0.936,0.932,0.936,-0.992,-0.984,-0.972,0.956,0.952,-0.948,-0.94,0.936,0.952,-0.936,-0.932,-0.92,-0.92,-0.92,0.92,0.928,0.928,0.936,0.96,0.968,0.972,0.972,0.968,0.972,-0.968,0.92,-0.9,-0.904,0.92,-0.88,-0.892,0.904,0.896,0.924,0.928,0.916,0.908,0.912,0.92,-0.92,-0.96,-0.948,-0.952,1.044,1.068,1.056,1.052,-1,-0.996,-0.992,-0.988,-0.968,0.964,0.964,0.968,0.96,0.968,0.976,0.968,0.964,0.992,1.024,1.004,0.992,-0.976,-0.96,-0.956,-0.956,0.924,0.928,0.936,0.92,-0.924,-0.924,0.94,-0.936,0.964,0.96,-0.976,1.004,-1.036,-1.044,-1.032,1.028,1.02,1.012,0.996,0.968,0.94,-0.908,-0.92,-0.928,-0.924,-0.952,0.924,-0.888,-0.884,-0.88,-0.92,0.924,0.936,0.92,0.92,0.92,0.924,0.912,0.948,-0.952,-0.964,0.936,-0.9,-0.9,-0.896,-0.892,-0.936,0.932,0.94,-0.916,-0.944,-0.956,-0.944,-0.94,-0.932,-0.928,-0.94,0.916,0.924,0.928,0.916,0.92,-0.9,-0.896,-0.9,-0.896,-0.9,-1.088,1.092,1.08,1.076,1.06,-1,1.008,1.008,1.008,0.98,-0.996,-0.976,-0.988,0.996,0.976,0.944,0.92,-0.936,-0.944,-0.94,-0.94,0.964,-0.996,-0.996,0.992,-0.984,-0.992,-0.996,-1,-0.98,-0.976,-0.98,-0.988,-0.98,-0.984,1,1.008,0.944,0.936,0.932,0.932,0.936,0.924,-0.952,0.956,0.936,0.936,0.92,0.904,0.92,0.932,0.936,0.92,0.92,0.948,-1.036,1.052,1.04,-0.964,0.944,0.904,0.896,-0.916,-0.92,-0.9,-0.888,0.916,0.908,-0.948,-0.948,-0.936,-0.928,-0.924,0.932,-0.952,-0.956,0.94,-0.948,-0.96,-0.96,-0.964,-0.976,0.976,-0.984,-0.972,-0.964,-0.928,-0.932,-0.932,-0.936,-1.012,-1.004,0.972,0.996,-1.012,-0.98,-0.972,-0.96,-0.952
0.928,0.904,0.908,0.912,0.912,0.924,0.928,1.052,1.056,1.076,1.068,1.084,1.076,1.08,-1.044,-1.028,-0.976,0.96,0.964,-0.968,0.912,0.908,0.908,-0.9,-0.92,-0.976,0.968,-0.992,-0.992,-1.06,-1.048,-1.06,0.936,0.932,0.936,-0.992,-0.984,-0.972,0.956,0.952,-0.948,-0.94,0.936,0.952,-0.936,-0.932,-0.92,-0.92,-0.92,0.92,0.928,0.928,0.936,0.96,0.968,-1.028,-1.028,-1.032,-1.028,1.032,0.92,-0.9,-0.904,0.92,-0.88,-0.892,0.904,0.896,0.924,0.928,0.916,0.908,0.912,0.92,-0.92,-0.96,-0.948,-0.952,-0.956,-0.932,-0.944,-0.948,1,-0.996,-0.992,-0.988,-0.968,0.964,0.964,0.968,0.96,0.968,0.976,0.968,0.964,0.992,1.024,1.004,0.992,-0.976,-0.96,-0.956,-0.956,0.924,0.928,0.936,0.92,-0.924,-0.924,0.94,-0.936,0.964,0.96,-0.976,-0.996,0.964,0.956,0.968,-0.972,-0.98,-0.988,-1.004,0.968,0.94,-0.908,-0.92,-0.928,-0.924,-0.952,0.924,-0.888,-0.884,-0.88,-0.92,0.924,0.936,0.92,0.92,0.92,0.924,0.912,0.948,-0.952,-0.964,0.936,-0.9,-0.9,-0.896,-0.892,-0.936,0.932,0.94,-0.916,-0.944,-0.956,-0.944,-0.94,-0.932,-0.928,-0.94,0.916,0.924,0.928,0.916,0.92,-0.9,-0.896,-0.9,-0.896,-0.9,0.912,-0.908,-0.92,-0.924,-0.94,1,-0.992,-0.992,-0.992,-1.02,1.004,1.024,1.012,-1.004,-1.024,0.944,0.92,-0.936,-0.944,-0.94,-0.94,0.964,-0.996,-0.996,0.992,-0.984,-0.992,-0.996,-1,-0.98,-0.976,-0.98,-0.988,-0.98,-0.984,1,1.008,-1.056,-1.064,-1.068,-1.068,-1.064,-1.076,1.048,-1.044,0.936,0.936,0.92,0.904,-1.08,-1.068,-1.064,-1.08,-1.08,-1.052,-1.036,1.052,1.04,-0.964,0.944,0.904,0.896,-0.916,-0.92,-0.9,-0.888,0.916,0.908,-0.948,-0.948,-0.936,-0.928,-0.924,0.932,-0.952,-0.956,0.94,-0.948,-0.96,-0.96,-0.964,1.024,-1.024,1.016,1.028,1.036,1.072,1.068,1.068,1.064,0.988,0.996,-1.028,-1.004,0.988,-0.98,-0.972,-0.96,-0.952
0.928,0.904,0.908,0.912,-1.088,-1.076,-1.072,1.052,1.056,1.076,1.068,1.084,1.076,1.08,-1.044,-1.028,-0.976,0.96,0.964,-0.968,0.912,0.908,0.908,-0.9,-0.92,-0.976,0.968,1.008,1.008,0.94,0.952,0.94,0.936,0.932,0.936,-0.992,-0.984,-0.972,0.956,0.952,-0.948,-0.94,0.936,0.952,-0.936,-0.932,-0.92,-0.92,-0.92,0.92,0.928,0.928,0.936,0.96,0.968,0.972,0.972,0.968,0.972,-0.968,0.92,-0.9,-0.904,0.92,-0.88,-0.892,0.904,0.896,0.924,0.928,0.916,0.908,0.912,0.92,-0.92,-0.96,-0.948,-0.952,-0.956,-0.932,-0.944,-0.948,1,1.004,1.008,1.012,1.032,-1.036,-1.036,-1.032,-1.04,-1.032,-1.024,-1.032,-1.036,0.992,1.024,1.004,0.992,-0.976,-0.96,-0.956,-0.956,0.924,0.928,0.936,0.92,-0.924,-0.924,0.94,-0.936,0.964,0.96,-0.976,-0.996,0.964,0.956,0.968,-0.972,-0.98,-0.988,-1.004,0.968,0.94,-0.908,-0.92,-0.928,-0.924,-0.952,0.924,-0.888,-0.884,-0.88,-0.92,0.924,-1.064,-1.08,-1.08,-1.08,-1.076,-1.088,-1.052,-0.952,-0.964,0.936,-0.9,-0.9,-0.896,-0.892,-0.936,0.932,0.94,-0.916,-0.944,-0.956,-0.944,-0.94,-0.932,-0.928,-0.94,0.916,0.924,0.928,0.916,0.92,-0.9,-0.896,-0.9,-0.896,-0.9,0.912,-0.908,-0.92,-0.924,-0.94,1,-0.992,-0.992,-0.992,-1.02,-0.996,-0.976,-0.988,0.996,0.976,0.944,0.92,-0.936,-0.944,-0.94,-0.94,0.964,-0.996,-0.996,0.992,-0.984,-0.992,-0.996,-1,-0.98,-0.976,-0.98,-0.988,-0.98,-0.984,1,1.008,-1.056,-1.064,-1.068,-1.068,-1.064,-1.076,1.048,-1.044,0.936,0.936,0.92,0.904,0.92,0.932,0.936,0.92,0.92,0.948,0.964,-0.948,-0.96,1.036,-1.056,-1.096,-1.104,-0.916,-0.92,-0.9,-0.888,0.916,0.908,-0.948,-0.948,-0.936,-0.928,-0.924,0.932,-0.952,-0.956,0.94,-0.948,-0.96,-0.96,-0.964,-0.976,0.976,-0.984,-0.972,-0.964,-0.928,-0.932,-0.932,-0.936,0.988,0.996,-1.028,-1.004,0.988,-0.98,-0.972,-0.96,-0.952
-1.072,-1.096,-1.092,-1.088,0.912,0.924,0.928,-0.948,-0.944,-0.924,-0.932,-0.916,-0.924,-0.92,0.956,0.972,1.024,-1.04,-1.036,1.032,-1.088,-1.092,-1.092,1.1,1.08,1.024,-1.032,1.008,1.008,0.94,0.952,0.94,0.936,0.932,0.936,-0.992,-0.984,-0.972,0.956,0.952,-0.948,-0.94,0.936,-1.048,1.064,1.068,1.08,1.08,1.08,-1.08,-1.072,-1.072,-1.064,-1.04,-1.032,0.972,0.972,0.968,0.972,-0.968,0.92,-0.9,-0.904,0.92,1.12,1.108,-1.096,-1.104,-1.076,-1.072,-1.084,-1.092,-1.088,-1.08,1.08,1.04,1.052,1.048,1.044,1.068,1.056,-0.948,1,1.004,1.008,1.012,1.032,-1.036,-1.036,-1.032,-1.04,-1.032,-1.024,-1.032,-1.036,-1.008,-0.976,-0.996,-1.008,1.024,1.04,1.044,1.044,-1.076,-1.072,-1.064,-1.08,1.076,1.076,-1.06,1.064,-1.036,-1.04,1.024,1.004,-1.036,-1.044,-1.032,1.028,1.02,1.012,0.996,0.968,0.94,1.092,1.08,1.072,1.076,1.048,-1.076,1.112,1.116,1.12,1.08,-1.076,0.936,0.92,0.92,0.92,0.924,0.912,0.948,1.048,1.036,-1.064,1.1,1.1,1.104,1.108,1.064,-1.068,0.94,-0.916,-0.944,-0.956,-0.944,-0.94,-0.932,-0.928,-0.94,0.916,0.924,0.928,0.916,0.92,-0.9,-0.896,-0.9,-0.896,-0.9,0.912,-0.908,-0.92,-0.924,-0.94,1,-0.992,-0.992,-0.992,-1.02,1.004,1.024,1.012,-1.004,-1.024,-1.056,-1.08,1.064,1.056,1.06,1.06,0.964,-0.996,-0.996,0.992,-0.984,-0.992,-0.996,-1,-0.98,-0.976,-0.98,-0.988,-0.98,-0.984,1,1.008,-1.056,-1.064,-1.068,-1.068,-1.064,-1.076,1.048,-1.044,-1.064,-1.064,-1.08,-1.096,-1.08,-1.068,-1.064,-1.08,-1.08,0.948,0.964,-0.948,-0.96,1.036,-1.056,-1.096,-1.104,1.084,1.08,1.1,1.112,-1.084,-1.092,1.052,1.052,1.064,1.072,1.076,-1.068,1.048,1.044,0.94,-0.948,-0.96,-0.96,-0.964,-0.976,0.976,-0.984,-0.972,-0.964,-0.928,-0.932,-0.932,-0.936,-1.012,-1.004,0.972,0.996,-1.012,1.02,1.028,1.04,1.048
-1.072,-1.096,-1.092,-1.088,-1.088,-1.076,-1.072,1.052,1.056,1.076,1.068,1.084,1.076,1.08,-1.044,-1.028,-0.976,0.96,0.964,-0.968,-1.088,-1.092,-1.092,1.1,1.08,1.024,-1.032,1.008,1.008,0.94,0.952,0.94,0.936,0.932,0.936,1.008,1.016,1.028,-1.044,-1.048,1.052,1.06,-1.064,-1.048,1.064,1.068,1.08,1.08,1.08,-1.08,-1.072,-1.072,-1.064,-1.04,-1.032,0.972,0.972,0.968,0.972,-0.968,0.92,-0.9,-0.904,0.92,-0.88,1.108,-1.096,-1.104,-1.076,-1.072,-1.084,-1.092,-1.088,-1.08,1.08,1.04,1.052,1.048,1.044,1.068,1.056,1.052,-1,-0.996,-0.992,-0.988,-0.968,0.964,0.964,0.968,0.96,-1.032,-1.024,-1.032,-1.036,-1.008,-0.976,-0.996,-1.008,1.024,1.04,1.044,1.044,-1.076,-1.072,-1.064,-1.08,1.076,1.076,-1.06,1.064,-1.036,-1.04,1.024,1.004,0.964,0.956,0.968,-0.972,-0.98,-0.988,-1.004,-1.032,-1.06,1.092,1.08,1.072,1.076,1.048,-1.076,1.112,1.116,1.12,1.08,-1.076,-1.064,-1.08,-1.08,-1.08,-1.076,-1.088,-1.052,-0.952,-0.964,0.936,-0.9,-0.9,1.104,1.108,1.064,-1.068,-1.06,1.084,1.056,1.044,1.056,1.06,1.068,1.072,1.06,-1.084,-1.076,-1.072,-1.084,-1.08,1.1,-0.896,-0.9,-0.896,-0.9,0.912,-0.908,-0.92,-0.924,-0.94,1,-0.992,-0.992,-0.992,-1.02,1.004,1.024,1.012,-1.004,-1.024,-1.056,-1.08,1.064,1.056,1.06,1.06,-1.036,1.004,1.004,-1.008,-0.984,-0.992,-0.996,-1,-0.98,-0.976,-0.98,-0.988,-0.98,-0.984,1,1.008,-1.056,-1.064,-1.068,-1.068,-1.064,-1.076,1.048,-1.044,-1.064,-1.064,-1.08,-1.096,-1.08,-1.068,-1.064,-1.08,-1.08,0.948,0.964,-0.948,-0.96,1.036,-1.056,-1.096,-1.104,1.084,1.08,1.1,1.112,-1.084,-1.092,1.052,1.052,1.064,1.072,1.076,-1.068,1.048,-0.956,0.94,-0.948,-0.96,-0.96,-0.964,-0.976,0.976,-0.984,-0.972,-0.964,-0.928,-0.932,-0.932,-0.936,-1.012,-1.004,0.972,0.996,-1.012,1.02,1.028,1.04,1.048
-1.072,-1.096,-1.092,-1.088,-1.088,-1.076,-1.072,1.052,1.056,1.076,1.068,1.084,1.076,1.08,-1.044,-1.028,-0.976,0.96,0.964,-0.968,0.912,0.908,0.908,1.1,1.08,1.024,-1.032,1.008,1.008,0.94,0.952,0.94,0.936,0.932,-1.064,1.008,1.016,1.028,-1.044,-1.048,1.052,1.06,-1.064,-1.048,1.064,1.068,1.08,1.08,1.08,-1.08,-1.072,-1.072,-1.064,-1.04,-1.032,0.972,0.972,0.968,0.972,-0.968,-1.08,1.1,1.096,-1.08,1.12,1.108,-1.096,-1.104,-1.076,-1.072,-1.084,-1.092,-1.088,-1.08,1.08,1.04,1.052,1.048,1.044,1.068,1.056,1.052,-1,-0.996,-0.992,-0.988,-0.968,0.964,0.964,0.968,0.96,0.968,0.976,0.968,0.964,0.992,-0.976,-0.996,-1.008,1.024,1.04,1.044,1.044,-1.076,-1.072,-1.064,-1.08,1.076,1.076,-1.06,1.064,-1.036,-1.04,1.024,1.004,-1.036,-1.044,-1.032,1.028,1.02,1.012,0.996,0.968,0.94,-0.908,-0.92,-0.928,-0.924,-0.952,0.924,-0.888,1.116,1.12,1.08,-1.076,-1.064,0.92,0.92,0.92,0.924,0.912,0.948,1.048,1.036,-1.064,1.1,1.1,1.104,1.108,1.064,-1.068,-1.06,-0.916,-0.944,-0.956,-0.944,-0.94,-0.932,-0.928,-0.94,0.916,0.924,0.928,0.916,0.92,-0.9,-0.896,-0.9,-0.896,-0.9,0.912,-0.908,-0.92,-0.924,-0.94,1,-0.992,-0.992,-0.992,-1.02,1.004,1.024,1.012,-1.004,-1.024,-1.056,-1.08,1.064,1.056,1.06,1.06,-1.036,1.004,1.004,-1.008,1.016,1.008,1.004,1,1.02,1.024,1.02,1.012,1.02,1.016,-1,-0.992,0.944,0.936,0.932,0.932,0.936,0.924,-0.952,-1.044,-1.064,-1.064,-1.08,-1.096,-1.08,-1.068,-1.064,-1.08,-1.08,-1.052,-1.036,1.052,1.04,1.036,-1.056,-1.096,-1.104,1.084,1.08,1.1,1.112,-1.084,-1.092,1.052,1.052,1.064,1.072,-0.924,0.932,-0.952,-0.956,0.94,-0.948,-0.96,-0.96,-0.964,-0.976,0.976,-0.984,-0.972,-0.964,-0.928,-0.932,-0.932,-0.936,-1.012,-1.004,0.972,0.996,-1.012,1.02,1.028,1.04,1.048
0.928,0.904,0.908,0.912,0.912,0.924,0.928,-0.948,-0.944,-0.924,-0.932,-0.916,-0.924,-0.92,-1.044,-1.028,-0.976,0.96,0.964,-0.968,0.912,0.908,0.908,-0.9,-0.92,-0.976,0.968,-0.992,-0.992,0.94,0.952,0.94,0.936,0.932,0.936,-0.992,-0.984,-0.972,0.956,0.952,-0.948,-0.94,0.936,0.952,-0.936,-0.932,-0.92,-0.92,-0.92,0.92,0.928,0.928,0.936,0.96,0.968,-1.028,-1.028,-1.032,-1.028,1.032,-1.08,1.1,1.096,-1.08,1.12,1.108,0.904,0.896,0.924,0.928,0.916,0.908,0.912,0.92,-0.92,-0.96,-0.948,-0.952,-0.956,-0.932,-0.944,-0.948,1,1.004,1.008,1.012,1.032,-1.036,-1.036,-1.032,-1.04,-1.032,-1.024,-1.032,-1.036,-1.008,-0.976,-0.996,-1.008,1.024,1.04,1.044,1.044,0.924,0.928,0.936,0.92,-0.924,-0.924,0.94,-0.936,0.964,0.96,-0.976,-0.996,0.964,0.956,0.968,-0.972,-0.98,-0.988,-1.004,-1.032,-1.06,1.092,1.08,1.072,1.076,1.048,-1.076,-0.888,-0.884,-0.88,-0.92,0.924,0.936,0.92,0.92,0.92,0.924,0.912,0.948,1.048,1.036,-1.064,1.1,1.1,-0.896,-0.892,-0.936,0.932,0.94,-0.916,-0.944,1.044,1.056,1.06,1.068,1.072,1.06,-1.084,-1.076,-1.072,-1.084,-1.08,1.1,1.104,1.1,1.104,1.1,-1.088,1.092,1.08,1.076,1.06,-1,1.008,1.008,1.008,0.98,-0.996,-0.976,-0.988,0.996,0.976,0.944,0.92,-0.936,-0.944,-0.94,-0.94,0.964,-0.996,-0.996,0.992,-0.984,-0.992,-0.996,-1,-0.98,-0.976,-0.98,1.012,1.02,1.016,-1,-0.992,0.944,0.936,0.932,0.932,0.936,0.924,-0.952,0.956,0.936,0.936,0.92,0.904,0.92,-1.068,-1.064,-1.08,-1.08,-1.052,-1.036,1.052,1.04,-0.964,0.944,0.904,0.896,-0.916,-0.92,-0.9,-0.888,0.916,0.908,-0.948,1.052,1.064,1.072,1.076,-1.068,1.048,1.044,-1.06,1.052,1.04,1.04,1.036,1.024,-1.024,1.016,1.028,1.036,1.072,1.068,1.068,1.064,0.988,0.996,-1.028,-1.004,0.988,-0.98,-0.972,-0.96,-0.952
-1.072,-1.096,-1.092,-1.088,-1.088,-1.076,-1.072,1.052,1.056,1.076,1.068,1.084,1.076,1.08,-1.044,-1.028,-0.976,0.96,0.964,-0.968,0.912,0.908,0.908,-0.9,1.08,1.024,-1.032,1.008,1.008,0.94,0.952,0.94,0.936,0.932,0.936,1.008,1.016,1.028,-1.044,-1.048,1.052,1.06,-1.064,-1.048,1.064,1.068,1.08,1.08,1.08,-1.08,-1.072,-1.072,-1.064,-1.04,-1.032,0.972,0.972,0.968,0.972,-0.968,0.92,-0.9,-0.904,0.92,-0.88,1.108,-1.096,-1.104,-1.076,-1.072,-1.084,-1.092,-1.088,-1.08,1.08,1.04,1.052,1.048,1.044,1.068,1.056,1.052,-1,-0.996,-0.992,-0.988,-0.968,0.964,0.964,0.968,0.96,0.968,0.976,0.968,0.964,-1.008,-0.976,-0.996,-1.008,1.024,1.04,1.044,1.044,-1.076,-1.072,-1.064,-1.08,1.076,1.076,-1.06,1.064,-1.036,-1.04,1.024,1.004,-1.036,-1.044,-1.032,1.028,1.02,1.012,0.996,0.968,0.94,-0.908,-0.92,-0.928,-0.924,-0.952,0.924,-0.888,-0.884,-0.88,1.08,-1.076,-1.064,-1.08,-1.08,-1.08,-1.076,-1.088,-1.052,1.048,1.036,-1.064,1.1,1.1,1.104,1.108,1.064,-1.068,-1.06,1.084,1.056,1.044,1.056,1.06,1.068,1.072,1.06,0.916,0.924,0.928,0.916,0.92,-0.9,-0.896,-0.9,-0.896,-0.9,0.912,-0.908,-0.92,-0.924,-0.94,1,-0.992,-0.992,-0.992,-1.02,1.004,1.024,1.012,-1.004,-1.024,-1.056,-1.08,1.064,1.056,1.06,1.06,-1.036,1.004,1.004,-1.008,1.016,1.008,1.004,1,1.02,1.024,1.02,1.012,1.02,1.016,-1,-0.992,0.944,0.936,0.932,0.932,0.936,0.924,-0.952,-1.044,-1.064,-1.064,-1.08,-1.096,-1.08,-1.068,-1.064,-1.08,-1.08,-1.052,-1.036,1.052,1.04,-0.964,0.944,0.904,0.896,-0.916,-0.92,-0.9,-0.888,0.916,0.908,-0.948,-0.948,-0.936,-0.928,-0.924,0.932,-0.952,-0.956,0.94,-0.948,-0.96,-0.96,-0.964,-0.976,0.976,-0.984,-0.972,-0.964,-0.928,-0.932,-0.932,-0.936,-1.012,-1.004,0.972,0.996,-1.012,1.02,1.028,1.04,1.048
-1.072,-1.096,-1.092,-1.088,-1.088,-1.076,-1.072,1.052,1.056,1.076,1.068,1.084,1.076,1.08,-1.044,0.972,1.024,-1.04,-1.036,1.032,-1.088,-1.092,-1.092,1.1,1.08,1.024,-1.032,1.008,1.008,0.94,0.952,0.94,0.936,0.932,0.936,-0.992,-0.984,-0.972,-1.044,-1.048,1.052,1.06,-1.064,-1.048,1.064,1.068,1.08,1.08,1.08,-1.08,-1.072,-1.072,-1.064,-1.04,-1.032,0.972,0.972,0.968,-1.028,1.032,-1.08,1.1,1.096,-1.08,1.12,1.108,-1.096,-1.104,-1.076,-1.072,-1.084,-1.092,-1.088,-1.08,1.08,1.04,1.052,1.048,1.044,1.068,1.056,1.052,-1,-0.996,-0.992,-0.988,-0.968,0.964,0.964,0.968,0.96,0.968,0.976,0.968,0.964,-1.008,-0.976,-0.996,-1.008,1.024,1.04,1.044,1.044,-1.076,-1.072,-1.064,-1.08,1.076,1.076,-1.06,1.064,-1.036,-1.04,1.024,1.004,-1.036,-1.044,-1.032,1.028,1.02,1.012,0.996,0.968,0.94,-0.908,-0.92,-0.928,-0.924,-0.952,0.924,-0.888,-0.884,-0.88,1.08,-1.076,-1.064,-1.08,-1.08,-1.08,-1.076,-1.088,-1.052,1.048,1.036,-1.064,1.1,1.1,1.104,1.108,1.064,-1.068,-1.06,-0.916,-0.944,-0.956,-0.944,-0.94,-0.932,-0.928,-0.94,0.916,0.924,0.928,0.916,0.92,-0.9,-0.896,-0.9,-0.896,-0.9,0.912,-0.908,-0.92,-0.924,-0.94,1,-0.992,-0.992,-0.992,-1.02,1.004,1.024,1.012,-1.004,-1.024,-1.056,-1.08,1.064,1.056,1.06,1.06,-1.036,1.004,1.004,-1.008,1.016,1.008,1.004,1,1.02,1.024,1.02,1.012,1.02,1.016,-1,-0.992,0.944,0.936,0.932,0.932,0.936,0.924,-0.952,-1.044,-1.064,-1.064,-1.08,-1.096,-1.08,-1.068,-1.064,-1.08,-1.08,-1.052,-1.036,1.052,1.04,1.036,-1.056,-1.096,-1.104,1.084,1.08,1.1,1.112,-1.084,-1.092,1.052,1.052,1.064,1.072,1.076,-1.068,1.048,1.044,-1.06,1.052,1.04,1.04,1.036,1.024,-1.024,1.016,1.028,-0.964,-0.928,-0.932,-0.932,-0.936,-1.012,-1.004,0.972,0.996,-1.012,1.02,1.028,1.04,1.048
0.928,0.904,0.908,0.912,0.912,0.924,0.928,-0.948,-0.944,-0.924,-0.932,-0.916,-0.924,-0.92,0.956,0.972,-0.976,0.96,0.964,-0.968,0.912,0.908,0.908,-0.9,-0.92,-0.976,0.968,-0.992,-0.992,-1.06,-1.048,-1.06,-1.064,-1.068,-1.064,1.008,1.016,1.028,-1.044,-1.048,1.052,1.06,0.936,0.952,-0.936,-0.932,-0.92,-0.92,-0.92,0.92,0.928,0.928,0.936,0.96,0.968,0.972,0.972,0.968,0.972,-0.968,0.92,-0.9,-0.904,0.92,-0.88,-0.892,0.904,0.896,0.924,0.928,0.916,0.908,0.912,0.92,-0.92,1.04,1.052,1.048,1.044,1.068,1.056,1.052,-1,-0.996,-0.992,-0.988,-0.968,0.964,0.964,0.968,0.96,0.968,0.976,0.968,0.964,0.992,1.024,1.004,0.992,-0.976,-0.96,-0.956,-0.956,0.924,0.928,0.936,0.92,-0.924,-0.924,0.94,-0.936,0.964,0.96,-0.976,-0.996,0.964,0.956,0.968,1.028,1.02,1.012,0.996,0.968,0.94,-0.908,-0.92,-0.928,-0.924,-0.952,0.924,-0.888,-0.884,-0.88,-0.92,-1.076,-1.064,-1.08,-1.08,-1.08,-1.076,-1.088,-1.052,-0.952,-0.964,0.936,-0.9,-0.9,-0.896,-0.892,-0.936,0.932,0.94,-0.916,-0.944,-0.956,-0.944,-0.94,-0.932,-0.928,-0.94,0.916,0.924,0.928,0.916,0.92,-0.9,-0.896,-0.9,-0.896,-0.9,0.912,-0.908,-0.92,-0.924,-0.94,1,-0.992,-0.992,-0.992,-1.02,1.004,1.024,1.012,-1.004,0.976,0.944,0.92,-0.936,-0.944,-0.94,-0.94,0.964,-0.996,-0.996,0.992,-0.984,-0.992,-0.996,-1,-0.98,-0.976,1.02,1.012,1.02,1.016,-1,-0.992,0.944,0.936,0.932,0.932,0.936,0.924,-0.952,0.956,0.936,0.936,0.92,0.904,0.92,0.932,0.936,0.92,0.92,0.948,0.964,-0.948,1.04,-0.964,0.944,0.904,0.896,-0.916,-0.92,-0.9,-0.888,0.916,0.908,-0.948,-0.948,-0.936,-0.928,-0.924,0.932,-0.952,-0.956,0.94,-0.948,-0.96,-0.96,-0.964,-0.976,0.976,-0.984,-0.972,-0.964,-0.928,-0.932,-0.932,-0.936,-1.012,-1.004,0.972,0.996,-1.012,-0.98,-0.972,-0.96,-0.952
-1.072,-1.096,-1.092,-1.088,-1.088,-1.076,-1.072,1.052,1.056,1.076,1.068,-0.916,-0.924,-0.92,0.956,0.972,1.024,-1.04,-1.036,1.032,-1.088,-1.092,-1.092,1.1,1.08,-0.976,0.968,-0.992,-0.992,-1.06,-1.048,-1.06,-1.064,-1.068,-1.064,1.008,1.016,1.028,-1.044,-1.048,1.052,1.06,-1.064,-1.048,1.064,1.068,1.08,1.08,1.08,-1.08,-1.072,-1.072,-1.064,-1.04,-1.032,0.972,0.972,0.968,0.972,-0.968,-1.08,1.1,1.096,-1.08,1.12,1.108,-1.096,-1.104,-1.076,-1.072,-1.084,-1.092,-1.088,-1.08,1.08,1.04,1.052,1.048,1.044,1.068,1.056,1.052,-1,-0.996,-0.992,-0.988,-0.968,0.964,0.964,0.968,0.96,0.968,0.976,0.968,0.964,0.992,1.024,1.004,0.992,-0.976,-0.96,-0.956,-0.956,0.924,-1.072,-1.064,-1.08,1.076,1.076,-1.06,1.064,-1.036,-1.04,1.024,1.004,-1.036,-1.044,-1.032,1.028,1.02,1.012,0.996,0.968,-1.06,1.092,1.08,1.072,1.076,1.048,-1.076,1.112,1.116,1.12,1.08,-1.076,-1.064,-1.08,-1.08,-1.08,-1.076,-1.088,-1.052,-0.952,-0.964,0.936,-0.9,-0.9,-0.896,1.108,1.064,-1.068,-1.06,1.084,1.056,1.044,1.056,1.06,1.068,1.072,1.06,-1.084,-1.076,-1.072,-1.084,-1.08,1.1,1.104,1.1,1.104,1.1,-1.088,1.092,1.08,1.076,1.06,-1,1.008,1.008,1.008,0.98,1.004,1.024,1.012,-1.004,-1.024,-1.056,-1.08,1.064,1.056,1.06,1.06,-1.036,1.004,1.004,-1.008,1.016,1.008,1.004,1,1.02,1.024,1.02,1.012,-0.98,-0.984,1,1.008,-1.056,-1.064,-1.068,-1.068,-1.064,-1.076,1.048,-1.044,-1.064,-1.064,-1.08,-1.096,-1.08,-1.068,-1.064,-1.08,-1.08,-1.052,-1.036,1.052,1.04,1.036,-1.056,-1.096,-1.104,1.084,1.08,1.1,1.112,-1.084,-1.092,1.052,1.052,1.064,1.072,1.076,-1.068,1.048,1.044,-1.06,1.052,1.04,1.04,1.036,1.024,-1.024,1.016,1.028,1.036,1.072,1.068,1.068,1.064,0.988,0.996,-1.028,-1.004,-1.012,1.02,1.028,1.04,1.048
0.928,0.904,0.908,0.912,0.912,0.924,0.928,-0.948,-0.944,-0.924,-0.932,-0.916,-0.924,-0.92,0.956,0.972,1.024,-1.04,-1.036,1.032,0.912,0.908,0.908,-0.9,-0.92,-0.976,0.968,-0.992,-0.992,-1.06,-1.048,-1.06,-1.064,-1.068,-1.064,1.008,1.016,-0.972,0.956,0.952,-0.948,-0.94,0.936,0.952,-0.936,-0.932,-0.92,-0.92,-0.92,0.92,0.928,0.928,0.936,0.96,0.968,-1.028,-1.028,-1.032,-1.028,1.032,-1.08,1.1,1.096,-1.08,1.12,-0.892,0.904,0.896,0.924,0.928,0.916,0.908,0.912,0.92,-0.92,-0.96,-0.948,-0.952,-0.956,-0.932,-0.944,-0.948,1,1.004,1.008,1.012,1.032,-1.036,-1.036,-1.032,-1.04,-1.032,-1.024,-1.032,-1.036,-1.008,-0.976,1.004,0.992,-0.976,-0.96,-0.956,-0.956,0.924,0.928,0.936,0.92,-0.924,-0.924,0.94,-0.936,0.964,0.96,-0.976,-0.996,0.964,0.956,0.968,-0.972,-0.98,-0.988,-1.004,-1.032,-1.06,1.092,1.08,1.072,1.076,1.048,0.924,-0.888,-0.884,-0.88,-0.92,0.924,0.936,0.92,0.92,0.92,0.924,0.912,0.948,-0.952,-0.964,0.936,-0.9,-0.9,-0.896,-0.892,-0.936,0.932,0.94,-0.916,-0.944,-0.956,-0.944,-0.94,-0.932,-0.928,-0.94,0.916,0.924,0.928,0.916,0.92,-0.9,-0.896,-0.9,-0.896,-0.9,0.912,-0.908,-0.92,-0.924,-0.94,-1,1.008,1.008,1.008,0.98,-0.996,-0.976,-0.988,0.996,0.976,0.944,0.92,-0.936,-0.944,-0.94,-0.94,0.964,-0.996,-0.996,0.992,-0.984,-0.992,-0.996,-1,-0.98,-0.976,-0.98,-0.988,-0.98,-0.984,1,1.008,0.944,0.936,0.932,0.932,0.936,0.924,-0.952,0.956,0.936,0.936,0.92,0.904,0.92,0.932,0.936,0.92,0.92,0.948,0.964,-0.948,-0.96,-0.964,0.944,0.904,0.896,-0.916,-0.92,-0.9,-0.888,0.916,0.908,1.052,1.052,1.064,1.072,1.076,-1.068,1.048,1.044,-1.06,1.052,1.04,1.04,1.036,1.024,-1.024,1.016,1.028,1.036,1.072,1.068,1.068,1.064,0.988,0.996,-1.028,-1.004,0.988,-0.98,-0.972,-0.96,-0.952
0.928,0.904,0.908,0.912,0.912,0.924,0.928,-0.948,-0.944,1.076,1.068,1.084,1.076,1.08,-1.044,-1.028,-0.976,0.96,0.964,-0.968,0.912,0.908,0.908,-0.9,-0.92,-0.976,0.968,-0.992,-0.992,-1.06,-1.048,-1.06,-1.064,-1.068,-1.064,1.008,1.016,1.028,-1.044,-1.048,1.052,1.06,-1.064,-1.048,1.064,1.068,-0.92,-0.92,-0.92,0.92,0.928,0.928,0.936,0.96,0.968,-1.028,-1.028,-1.032,-1.028,1.032,-1.08,1.1,-0.904,0.92,-0.88,-0.892,0.904,0.896,0.924,0.928,0.916,0.908,0.912,0.92,-0.92,-0.96,-0.948,-0.952,-0.956,-0.932,-0.944,-0.948,1,1.004,1.008,1.012,1.032,-1.036,-1.036,-1.032,-1.04,-1.032,-1.024,-1.032,-1.036,0.992,1.024,1.004,0.992,-0.976,-0.96,-0.956,-0.956,0.924,0.928,0.936,0.92,-0.924,-0.924,0.94,-0.936,0.964,0.96,-0.976,-0.996,0.964,0.956,0.968,-0.972,-0.98,-0.988,-1.004,-1.032,-1.06,-0.908,-0.92,-0.928,-0.924,-0.952,0.924,-0.888,-0.884,-0.88,-0.92,0.924,0.936,0.92,0.92,0.92,0.924,0.912,0.948,1.048,1.036,-1.064,1.1,1.1,1.104,-0.892,-0.936,0.932,0.94,-0.916,-0.944,-0.956,-0.944,-0.94,-0.932,-0.928,-0.94,0.916,0.924,0.928,0.916,0.92,-0.9,-0.896,-0.9,-0.896,-0.9,0.912,-0.908,-0.92,-0.924,-0.94,-1,1.008,1.008,1.008,0.98,-0.996,-0.976,-0.988,0.996,0.976,0.944,0.92,-0.936,-0.944,-0.94,-0.94,-1.036,1.004,1.004,-1.008,1.016,1.008,1.004,1,1.02,1.024,1.02,1.012,1.02,1.016,-1,-0.992,0.944,0.936,0.932,0.932,0.936,0.924,-0.952,0.956,0.936,0.936,0.92,0.904,0.92,0.932,0.936,0.92,0.92,0.948,-1.036,1.052,1.04,-0.964,0.944,0.904,0.896,-0.916,-0.92,-0.9,-0.888,0.916,0.908,-0.948,-0.948,-0.936,-0.928,-0.924,0.932,-0.952,-0.956,0.94,-0.948,-0.96,-0.96,-0.964,-0.976,-1.024,1.016,1.028,1.036,1.072,1.068,1.068,1.064,0.988,0.996,-1.028,-1.004,0.988,-0.98,-0.972,-0.96,-0.952
0.928,0.904,0.908,0.912,0.912,0.924,0.928,1.052,1.056,1.076,1.068,1.084,1.076,1.08,-1.044,-1.028,-0.976,0.96,0.964,-0.968,0.912,0.908,0.908,-0.9,-0.92,-0.976,0.968,-0.992,-0.992,-1.06,-1.048,-1.06,-1.064,-1.068,-1.064,-0.992,-0.984,-0.972,0.956,0.952,-0.948,-0.94,0.936,0.952,-0.936,-0.932,-0.92,-0.92,-0.92,0.92,0.928,0.928,0.936,0.96,0.968,-1.028,-1.028,-1.032,-1.028,1.032,0.92,-0.9,-0.904,0.92,-0.88,-0.892,0.904,0.896,0.924,0.928,0.916,0.908,0.912,0.92,-0.92,-0.96,-0.948,-0.952,-0.956,-0.932,-0.944,-0.948,1,1.004,1.008,1.012,1.032,-1.036,-1.036,-1.032,-1.04,-1.032,-1.024,-1.032,-1.036,-1.008,-0.976,-0.996,-1.008,1.024,1.04,1.044,-0.956,0.924,0.928,0.936,0.92,-0.924,-0.924,0.94,-0.936,0.964,0.96,-0.976,-0.996,0.964,0.956,0.968,-0.972,-0.98,-0.988,-1.004,-1.032,-1.06,1.092,1.08,1.072,1.076,1.048,-1.076,-0.888,-0.884,-0.88,-0.92,0.924,0.936,0.92,0.92,0.92,0.924,0.912,0.948,-0.952,-0.964,0.936,-0.9,-0.9,-0.896,-0.892,-0.936,0.932,0.94,-0.916,-0.944,-0.956,-0.944,-0.94,-0.932,-0.928,-0.94,0.916,0.924,0.928,0.916,0.92,1.1,1.104,1.1,1.104,1.1,-1.088,1.092,1.08,1.076,1.06,-1,1.008,1.008,1.008,0.98,-0.996,-0.976,-0.988,0.996,0.976,0.944,0.92,1.064,1.056,1.06,1.06,-1.036,1.004,1.004,-1.008,1.016,1.008,1.004,1,1.02,1.024,1.02,1.012,1.02,1.016,-1,-0.992,0.944,0.936,0.932,0.932,0.936,0.924,-0.952,0.956,0.936,0.936,0.92,0.904,0.92,0.932,0.936,0.92,0.92,0.948,0.964,-0.948,-0.96,-0.964,0.944,0.904,0.896,-0.916,-0.92,-0.9,-0.888,0.916,0.908,-0.948,-0.948,-0.936,-0.928,-0.924,0.932,-0.952,-0.956,0.94,-0.948,-0.96,-0.96,-0.964,-0.976,0.976,-0.984,-0.972,-0.964,-0.928,-0.932,-0.932,-0.936,-1.012,-1.004,-1.028,-1.004,0.988,-0.98,-0.972,-0.96,-0.952
-1.072,-1.096,-1.092,-1.088,-1.088,-1.076,-1.072,1.052,1.056,1.076,1.068,1.084,1.076,1.08,-1.044,0.972,1.024,-1.04,-1.036,1.032,-1.088,-1.092,-1.092,1.1,1.08,1.024,-1.032,1.008,1.008,0.94,0.952,0.94,0.936,0.932,0.936,1.008,1.016,1.028,-1.044,-1.048,1.052,1.06,-1.064,-1.048,1.064,1.068,1.08,1.08,1.08,-1.08,-1.072,-1.072,-1.064,-1.04,-1.032,0.972,0.972,0.968,0.972,-0.968,0.92,-0.9,-0.904,0.92,-0.88,1.108,-1.096,-1.104,-1.076,-1.072,-1.084,-1.092,-1.088,-1.08,1.08,1.04,1.052,1.048,1.044,1.068,1.056,1.052,-1,-0.996,-0.992,-0.988,-0.968,0.964,0.964,0.968,0.96,0.968,0.976,0.968,0.964,0.992,1.024,1.004,0.992,1.024,1.04,1.044,1.044,-1.076,-1.072,-1.064,-1.08,1.076,1.076,-1.06,1.064,-1.036,-1.04,1.024,1.004,-1.036,-1.044,-1.032,1.028,1.02,1.012,0.996,0.968,0.94,-0.908,-0.92,-0.928,-0.924,-0.952,0.924,-0.888,1.116,1.12,1.08,-1.076,-1.064,-1.08,-1.08,-1.08,-1.076,-1.088,-1.052,-0.952,-0.964,0.936,-0.9,-0.9,-0.896,1.108,1.064,-1.068,-1.06,1.084,1.056,1.044,1.056,1.06,1.068,1.072,1.06,-1.084,-1.076,-1.072,-1.084,-1.08,-0.9,-0.896,-0.9,-0.896,-0.9,0.912,-0.908,-0.92,-0.924,-0.94,1,-0.992,-0.992,-0.992,-1.02,1.004,1.024,1.012,-1.004,-1.024,-1.056,-1.08,1.064,1.056,1.06,1.06,-1.036,1.004,1.004,-1.008,1.016,1.008,1.004,1,1.02,1.024,1.02,1.012,1.02,1.016,-1,-0.992,-1.056,-1.064,-1.068,-1.068,-1.064,-1.076,1.048,-1.044,-1.064,-1.064,-1.08,-1.096,-1.08,-1.068,-1.064,-1.08,-1.08,0.948,0.964,-0.948,-0.96,1.036,-1.056,-1.096,-1.104,1.084,1.08,1.1,1.112,-1.084,-1.092,1.052,1.052,1.064,1.072,1.076,-1.068,-0.952,-0.956,0.94,-0.948,-0.96,-0.96,-0.964,-0.976,0.976,-0.984,-0.972,-0.964,-0.928,-0.932,-0.932,-0.936,-1.012,-1.004,0.972,0.996,-1.012,1.02,1.028,1.04,1.048
0.928,0.904,0.908,0.912,-1.088,-1.076,-1.072,1.052,1.056,1.076,1.068,1.084,1.076,1.08,-1.044,-1.028,-0.976,0.96,0.964,-0.968,0.912,0.908,0.908,-0.9,-0.92,-0.976,0.968,-0.992,-0.992,-1.06,-1.048,-1.06,-1.064,-1.068,-1.064,1.008,1.016,1.028,-1.044,-1.048,1.052,1.06,-1.064,-1.048,1.064,-0.932,-0.92,-0.92,-0.92,0.92,0.928,0.928,0.936,-1.04,-1.032,0.972,0.972,0.968,0.972,-0.968,0.92,-0.9,-0.904,0.92,-0.88,-0.892,0.904,0.896,0.924,0.928,0.916,0.908,0.912,0.92,-0.92,-0.96,-0.948,-0.952,-0.956,-0.932,-0.944,-0.948,1,1.004,1.008,-0.988,-0.968,0.964,0.964,0.968,0.96,0.968,0.976,0.968,0.964,0.992,1.024,1.004,0.992,-0.976,-0.96,-0.956,-0.956,0.924,0.928,0.936,0.92,-0.924,-0.924,0.94,-0.936,0.964,0.96,-0.976,-0.996,-1.036,-1.044,-1.032,1.028,1.02,1.012,0.996,0.968,0.94,-0.908,-0.92,-0.928,-0.924,-0.952,0.924,-0.888,-0.884,-0.88,-0.92,0.924,0.936,0.92,0.92,0.92,0.924,0.912,0.948,1.048,1.036,-1.064,1.1,1.1,1.104,-0.892,-0.936,0.932,0.94,-0.916,-0.944,-0.956,-0.944,-0.94,-0.932,-0.928,-0.94,0.916,0.924,0.928,0.916,0.92,-0.9,-0.896,-0.9,-0.896,-0.9,0.912,-0.908,-0.92,-0.924,-0.94,1,-0.992,-0.992,-0.992,-1.02,1.004,1.024,1.012,-1.004,-1.024,-1.056,0.92,-0.936,-0.944,-0.94,-0.94,0.964,-0.996,-0.996,0.992,-0.984,-0.992,-0.996,-1,-0.98,-0.976,-0.98,-0.988,-0.98,-0.984,1,1.008,-1.056,0.936,0.932,0.932,0.936,0.924,-0.952,0.956,0.936,0.936,0.92,0.904,0.92,0.932,0.936,0.92,0.92,0.948,0.964,-0.948,-0.96,-0.964,0.944,0.904,0.896,-0.916,-0.92,-0.9,-0.888,0.916,0.908,-0.948,-0.948,-0.936,-0.928,-0.924,0.932,-0.952,-0.956,0.94,-0.948,-0.96,-0.96,-0.964,-0.976,0.976,-0.984,-0.972,-0.964,-0.928,-0.932,-0.932,-0.936,-1.012,-1.004,0.972,0.996,-1.012,-0.98,-0.972,-0.96,-0.952
-1.072,-1.096,-1.092,-1.088,-1.088,-1.076,-1.072,1.052,1.056,1.076,1.068,1.084,1.076,1.08,0.956,0.972,1.024,-1.04,-1.036,1.032,-1.088,-1.092,-1.092,1.1,1.08,1.024,-1.032,1.008,1.008,0.94,0.952,0.94,0.936,0.932,0.936,1.008,1.016,1.028,-1.044,-1.048,1.052,1.06,-1.064,-1.048,1.064,1.068,1.08,1.08,1.08,-1.08,-1.072,-1.072,-1.064,-1.04,-1.032,-1.028,-1.028,-1.032,-1.028,1.032,-1.08,1.1,1.096,-1.08,1.12,1.108,-1.096,-1.104,-1.076,-1.072,-1.084,-1.092,-1.088,-1.08,1.08,1.04,1.052,1.048,1.044,1.068,1.056,1.052,-1,-0.996,-0.992,-0.988,-0.968,0.964,0.964,0.968,0.96,0.968,0.976,0.968,0.964,0.992,-0.976,-0.996,-1.008,1.024,1.04,1.044,1.044,-1.076,-1.072,-1.064,-1.08,-0.924,-0.924,0.94,-0.936,0.964,0.96,-0.976,-0.996,0.964,0.956,0.968,-0.972,-0.98,-0.988,-1.004,-1.032,-1.06,1.092,1.08,1.072,1.076,1.048,-1.076,1.112,1.116,1.12,1.08,-1.076,-1.064,-1.08,-1.08,-1.08,-1.076,-1.088,-1.052,-0.952,-0.964,0.936,-0.9,-0.9,-0.896,1.108,1.064,-1.068,-1.06,1.084,1.056,1.044,1.056,1.06,1.068,1.072,1.06,-1.084,-1.076,-1.072,-1.084,-1.08,1.1,1.104,1.1,1.104,1.1,-1.088,1.092,1.08,1.076,1.06,-1,1.008,1.008,1.008,0.98,-0.996,-0.976,1.012,-1.004,-1.024,-1.056,-1.08,1.064,1.056,1.06,1.06,-1.036,1.004,1.004,-1.008,-0.984,-0.992,-0.996,-1,-0.98,-0.976,-0.98,-0.988,-0.98,-0.984,1,1.008,-1.056,-1.064,-1.068,-1.068,-1.064,-1.076,1.048,-1.044,-1.064,-1.064,-1.08,-1.096,-1.08,-1.068,-1.064,-1.08,-1.08,-1.052,-1.036,1.052,1.04,-0.964,0.944,0.904,0.896,-0.916,-0.92,-0.9,-0.888,0.916,0.908,1.052,1.052,1.064,1.072,1.076,-1.068,-0.952,-0.956,0.94,-0.948,-0.96,-0.96,-0.964,-0.976,0.976,-0.984,-0.972,-0.964,-0.928,-0.932,-0.932,-0.936,-1.012,-1.004,0.972,0.996,-1.012,1.02,1.028,1.04,1.048
0.928,0.904,0.908,0.912,0.912,0.924,0.928,-0.948,-0.944,-0.924,-0.932,-0.916,-0.924,-0.92,0.956,0.972,1.024,-1.04,-1.036,1.032,0.912,0.908,0.908,-0.9,-0.92,-0.976,0.968,1.008,1.008,0.94,0.952,0.94,0.936,0.932,0.936,-0.992,-0.984,-0.972,0.956,0.952,-0.948,-0.94,0.936,0.952,-0.936,-0.932,-0.92,-0.92,-0.92,0.92,0.928,-1.072,-1.064,-1.04,-1.032,0.972,0.972,0.968,0.972,-0.968,0.92,-0.9,-0.904,0.92,-0.88,-0.892,0.904,0.896,0.924,0.928,0.916,0.908,0.912,0.92,-0.92,-0.96,-0.948,-0.952,-0.956,-0.932,-0.944,-0.948,1,1.004,1.008,1.012,1.032,-1.036,-1.036,-1.032,-1.04,-1.032,-1.024,-1.032,-1.036,-1.008,-0.976,1.004,0.992,-0.976,-0.96,-0.956,-0.956,0.924,0.928,0.936,0.92,-0.924,-0.924,0.94,1.064,-1.036,-1.04,1.024,1.004,-1.036,-1.044,-1.032,1.028,1.02,1.012,0.996,0.968,0.94,-0.908,-0.92,-0.928,-0.924,-0.952,0.924,-0.888,-0.884,-0.88,-0.92,0.924,-1.064,-1.08,-1.08,-1.08,-1.076,-1.088,-1.052,-0.952,-0.964,0.936,-0.9,-0.9,-0.896,-0.892,-0.936,0.932,0.94,-0.916,-0.944,-0.956,-0.944,-0.94,-0.932,-0.928,-0.94,0.916,-1.076,-1.072,-1.084,-1.08,1.1,1.104,1.1,1.104,1.1,-1.088,1.092,1.08,1.076,1.06,-1,1.008,1.008,1.008,0.98,-0.996,-0.976,-0.988,0.996,0.976,0.944,0.92,-0.936,-0.944,-0.94,-0.94,0.964,1.004,1.004,-1.008,1.016,1.008,1.004,1,1.02,1.024,1.02,1.012,1.02,1.016,-1,-0.992,0.944,0.936,0.932,0.932,0.936,0.924,-0.952,0.956,0.936,0.936,0.92,0.904,0.92,0.932,-1.064,-1.08,-1.08,-1.052,-1.036,1.052,1.04,-0.964,0.944,0.904,0.896,-0.916,-0.92,-0.9,-0.888,0.916,0.908,1.052,1.052,1.064,1.072,1.076,-1.068,1.048,1.044,-1.06,1.052,1.04,1.04,1.036,1.024,-1.024,1.016,1.028,1.036,1.072,1.068,1.068,1.064,0.988,0.996,-1.028,-1.004,0.988,-0.98,-0.972,-0.96,-0.952
0.928,0.904,0.908,0.912,0.912,0.924,0.928,-0.948,-0.944,-0.924,-0.932,-0.916,-0.924,-0.92,0.956,0.972,1.024,0.96,0.964,-0.968,0.912,0.908,0.908,-0.9,-0.92,-0.976,0.968,-0.992,-0.992,-1.06,-1.048,-1.06,-1.064,-1.068,-1.064,1.008,1.016,1.028,-1.044,-1.048,1.052,1.06,-1.064,-1.048,1.064,1.068,1.08,1.08,-0.92,0.92,0.928,0.928,0.936,0.96,0.968,0.972,0.972,0.968,0.972,-0.968,0.92,-0.9,-0.904,0.92,-0.88,-0.892,0.904,0.896,0.924,0.928,0.916,0.908,0.912,0.92,-0.92,1.04,1.052,1.048,1.044,1.068,1.056,1.052,-1,-0.996,-0.992,-0.988,-0.968,0.964,0.964,0.968,0.96,0.968,0.976,0.968,0.964,0.992,1.024,1.004,0.992,-0.976,-0.96,-0.956,-0.956,0.924,0.928,0.936,0.92,-0.924,-0.924,0.94,-0.936,0.964,0.96,-0.976,-0.996,0.964,0.956,0.968,-0.972,-0.98,-0.988,-1.004,-1.032,-1.06,1.092,1.08,-0.928,-0.924,-0.952,0.924,-0.888,-0.884,-0.88,-0.92,0.924,0.936,0.92,0.92,0.92,0.924,0.912,-1.052,-0.952,-0.964,0.936,-0.9,-0.9,-0.896,-0.892,-0.936,0.932,0.94,-0.916,-0.944,-0.956,-0.944,-0.94,-0.932,-0.928,-0.94,0.916,0.924,0.928,0.916,0.92,-0.9,-0.896,1.1,1.104,1.1,-1.088,1.092,1.08,1.076,1.06,-1,1.008,1.008,1.008,0.98,-0.996,-0.976,-0.988,0.996,0.976,0.944,0.92,-0.936,-0.944,-0.94,-0.94,0.964,-0.996,-0.996,0.992,-0.984,-0.992,-0.996,1,1.02,1.024,1.02,1.012,1.02,1.016,-1,-0.992,0.944,0.936,0.932,0.932,0.936,0.924,-0.952,0.956,0.936,0.936,0.92,0.904,0.92,0.932,0.936,0.92,0.92,0.948,0.964,-0.948,-0.96,1.036,-1.056,0.904,0.896,-0.916,-0.92,-0.9,-0.888,0.916,0.908,-0.948,-0.948,-0.936,-0.928,-0.924,0.932,-0.952,-0.956,0.94,-0.948,-0.96,-0.96,-0.964,-0.976,0.976,-0.984,-0.972,-0.964,-0.928,-0.932,-0.932,-0.936,0.988,0.996,-1.028,-1.004,0.988,-0.98,-0.972,-0.96,-0.952
-1.072,-1.096,-1.092,-1.088,-1.088,-1.076,-1.072,1.052,1.056,1.076,1.068,1.084,1.076,1.08,-1.044,-1.028,-0.976,0.96,0.964,-0.968,-1.088,-1.092,-1.092,1.1,1.08,1.024,-1.032,1.008,1.008,0.94,0.952,-1.06,-1.064,-1.068,-1.064,1.008,1.016,1.028,-1.044,-1.048,1.052,1.06,-1.064,-1.048,1.064,1.068,1.08,1.08,1.08,-1.08,-1.072,-1.072,-1.064,-1.04,-1.032,0.972,0.972,0.968,0.972,-0.968,-1.08,1.1,1.096,-1.08,1.12,1.108,-1.096,-1.104,-1.076,-1.072,-1.084,-1.092,-1.088,-1.08,1.08,-0.96,-0.948,-0.952,-0.956,-0.932,-0.944,-0.948,1,1.004,1.008,1.012,1.032,-1.036,-1.036,-1.032,-1.04,-1.032,-1.024,-1.032,-1.036,-1.008,-0.976,-0.996,-1.008,1.024,1.04,1.044,1.044,-1.076,-1.072,-1.064,-1.08,1.076,1.076,-1.06,1.064,-1.036,-1.04,1.024,1.004,-1.036,-1.044,-1.032,1.028,1.02,-0.988,-1.004,-1.032,-1.06,1.092,1.08,1.072,1.076,1.048,-1.076,1.112,1.116,1.12,1.08,-1.076,-1.064,-1.08,-1.08,-1.08,-1.076,-1.088,-1.052,-0.952,-0.964,0.936,-0.9,-0.9,-0.896,1.108,1.064,-1.068,-1.06,1.084,1.056,1.044,1.056,1.06,1.068,-0.928,-0.94,0.916,0.924,0.928,0.916,0.92,-0.9,-0.896,-0.9,-0.896,-0.9,0.912,-0.908,-0.92,-0.924,-0.94,1,-0.992,-0.992,-0.992,-1.02,1.004,1.024,1.012,-1.004,-1.024,-1.056,-1.08,1.064,1.056,1.06,1.06,-1.036,1.004,1.004,-1.008,1.016,1.008,1.004,-1,-0.98,-0.976,-0.98,-0.988,-0.98,-0.984,1,1.008,-1.056,-1.064,-1.068,-1.068,-1.064,-1.076,1.048,-1.044,-1.064,-1.064,-1.08,-1.096,-1.08,-1.068,-1.064,-1.08,-1.08,-1.052,-1.036,1.052,1.04,1.036,-1.056,-1.096,-1.104,1.084,1.08,1.1,1.112,-1.084,-1.092,1.052,1.052,1.064,1.072,1.076,-1.068,1.048,1.044,-1.06,1.052,1.04,1.04,1.036,1.024,-1.024,1.016,1.028,1.036,1.072,1.068,1.068,1.064,0.988,0.996,-1.028,0.996,-1.012,1.02,1.028,1.04,1.048
-1.072,-1.096,-1.092,-1.088,-1.088,-1.076,-1.072,1.052,1.056,1.076,1.068,1.084,1.076,1.08,-1.044,-1.028,-0.976,0.96,0.964,-0.968,-1.088,-1.092,-1.092,1.1,1.08,1.024,0.968,-0.992,-0.992,-1.06,-1.048,-1.06,-1.064,-1.068,-1.064,1.008,1.016,1.028,-1.044,-1.048,1.052,1.06,-1.064,-1.048,1.064,1.068,1.08,1.08,1.08,-1.08,-1.072,-1.072,-1.064,-1.04,-1.032,0.972,0.972,0.968,0.972,-0.968,0.92,-0.9,-0.904,0.92,1.12,1.108,-1.096,-1.104,-1.076,-1.072,-1.084,-1.092,-1.088,-1.08,1.08,1.04,1.052,1.048,1.044,1.068,1.056,1.052,-1,-0.996,-0.992,-0.988,-0.968,-1.036,-1.036,-1.032,-1.04,-1.032,-1.024,-1.032,-1.036,-1.008,-0.976,-0.996,-1.008,1.024,1.04,1.044,1.044,-1.076,-1.072,-1.064,-1.08,1.076,1.076,-1.06,1.064,-1.036,-1.04,1.024,-0.996,0.964,0.956,0.968,-0.972,-0.98,-0.988,-1.004,-1.032,-1.06,1.092,1.08,1.072,1.076,1.048,-1.076,1.112,1.116,1.12,1.08,-1.076,0.936,0.92,0.92,0.92,0.924,0.912,0.948,1.048,1.036,-1.064,1.1,1.1,1.104,1.108,-0.936,0.932,0.94,-0.916,-0.944,-0.956,-0.944,-0.94,-0.932,-0.928,-0.94,0.916,0.924,0.928,0.916,0.92,-0.9,-0.896,-0.9,-0.896,-0.9,0.912,-0.908,-0.92,-0.924,-0.94,1,-0.992,-0.992,-0.992,-1.02,1.004,1.024,1.012,-1.004,-1.024,-1.056,-1.08,1.064,1.056,1.06,1.06,-1.036,1.004,1.004,-1.008,1.016,1.008,1.004,1,1.02,1.024,1.02,1.012,1.02,1.016,-1,-0.992,-1.056,-1.064,-1.068,-1.068,-1.064,-1.076,1.048,-1.044,-1.064,-1.064,-1.08,-1.096,-1.08,-1.068,-1.064,-1.08,-1.08,0.948,0.964,-0.948,-0.96,1.036,-1.056,-1.096,-1.104,1.084,1.08,1.1,1.112,-1.084,-1.092,1.052,1.052,1.064,1.072,1.076,-1.068,1.048,1.044,0.94,-0.948,-0.96,-0.96,-0.964,-0.976,0.976,-0.984,-0.972,-0.964,-0.928,-0.932,-0.932,-0.936,-1.012,-1.004,0.972,0.996,-1.012,1.02,1.028,1.04,1.048
0.928,0.904,0.908,0.912,0.912,0.924,0.928,-0.948,-0.944,-0.924,-0.932,-0.916,-0.924,-0.92,0.956,0.972,1.024,0.96,0.964,-0.968,0.912,0.908,0.908,-0.9,-0.92,1.024,-1.032,1.008,1.008,0.94,0.952,0.94,0.936,0.932,0.936,-0.992,-0.984,-0.972,0.956,0.952,-0.948,-0.94,0.936,0.952,-0.936,-0.932,-0.92,-0.92,-0.92,0.92,0.928,0.928,0.936,0.96,0.968,-1.028,-1.028,-1.032,-1.028,1.032,-1.08,1.1,1.096,-1.08,1.12,-0.892,0.904,0.896,0.924,0.928,0.916,0.908,0.912,0.92,-0.92,-0.96,-0.948,-0.952,-0.956,-0.932,-0.944,-0.948,1,1.004,1.008,1.012,1.032,-1.036,-1.036,-1.032,-1.04,-1.032,-1.024,-1.032,-1.036,0.992,1.024,1.004,0.992,-0.976,-0.96,-0.956,-0.956,0.924,0.928,0.936,0.92,-0.924,-0.924,0.94,-0.936,0.964,0.96,-0.976,-0.996,0.964,0.956,0.968,-0.972,-0.98,-0.988,-1.004,-1.032,-1.06,-0.908,-0.92,-0.928,-0.924,-0.952,0.924,-0.888,-0.884,-0.88,-0.92,0.924,0.936,-1.08,-1.08,-1.08,-1.076,-1.088,-1.052,-0.952,-0.964,0.936,-0.9,-0.9,-0.896,-0.892,-0.936,0.932,0.94,-0.916,-0.944,-0.956,-0.944,-0.94,-0.932,-0.928,-0.94,0.916,0.924,0.928,0.916,0.92,-0.9,-0.896,-0.9,-0.896,-0.9,0.912,-0.908,-0.92,-0.924,1.06,-1,1.008,1.008,1.008,0.98,-0.996,-0.976,-0.988,0.996,0.976,0.944,0.92,-0.936,-0.944,-0.94,-0.94,0.964,-0.996,-0.996,0.992,-0.984,-0.992,-0.996,-1,-0.98,-0.976,-0.98,-0.988,-0.98,-0.984,1,1.008,-1.056,-1.064,-1.068,-1.068,-1.064,-1.076,-0.952,0.956,0.936,0.936,0.92,0.904,0.92,0.932,0.936,0.92,0.92,0.948,0.964,-0.948,-0.96,1.036,-1.056,-1.096,-1.104,1.084,1.08,-0.9,-0.888,0.916,0.908,-0.948,-0.948,-0.936,-0.928,-0.924,0.932,-0.952,-0.956,0.94,-0.948,-0.96,-0.96,-0.964,-0.976,0.976,-0.984,-0.972,-0.964,-0.928,1.068,1.068,1.064,0.988,0.996,-1.028,-1.004,0.988,-0.98,-0.972,-0.96,-0.952
-1.072,-1.096,-1.092,-1.088,-1.088,-1.076,-1.072,1.052,1.056,1.076,1.068,1.084,1.076,-0.92,0.956,0.972,1.024,-1.04,-1.036,1.032,-1.088,-1.092,-1.092,1.1,1.08,1.024,-1.032,1.008,1.008,-1.06,-1.048,-1.06,-1.064,-1.068,-1.064,1.008,1.016,1.028,-1.044,-1.048,1.052,1.06,-1.064,-1.048,1.064,1.068,1.08,1.08,1.08,-1.08,-1.072,-1.072,-1.064,-1.04,-1.032,-1.028,-1.028,-1.032,-1.028,1.032,-1.08,1.1,1.096,-1.08,1.12,1.108,-1.096,-1.104,-1.076,-1.072,-1.084,-1.092,-1.088,-1.08,1.08,1.04,1.052,1.048,1.044,1.068,1.056,1.052,-1,-0.996,-0.992,-0.988,-0.968,0.964,0.964,0.968,0.96,-1.032,-1.024,-1.032,-1.036,-1.008,-0.976,-0.996,-1.008,1.024,1.04,1.044,1.044,-1.076,-1.072,-1.064,-1.08,1.076,1.076,-1.06,1.064,-1.036,-1.04,1.024,1.004,-1.036,-1.044,-1.032,1.028,1.02,1.012,0.996,0.968,0.94,-0.908,-0.92,-0.928,-0.924,-0.952,0.924,-0.888,-0.884,-0.88,1.08,-1.076,-1.064,-1.08,-1.08,-1.08,-1.076,-1.088,-1.052,1.048,1.036,-1.064,1.1,1.1,1.104,1.108,1.064,-1.068,-1.06,1.084,1.056,1.044,1.056,1.06,1.068,1.072,1.06,-1.084,-1.076,-1.072,-1.084,-1.08,1.1,1.104,1.1,1.104,1.1,-1.088,1.092,1.08,1.076,1.06,1,-0.992,-0.992,-0.992,-1.02,1.004,1.024,1.012,-1.004,-1.024,-1.056,-1.08,1.064,1.056,1.06,1.06,-1.036,1.004,1.004,-1.008,1.016,1.008,1.004,1,1.02,1.024,1.02,1.012,1.02,1.016,-1,-0.992,0.944,0.936,0.932,0.932,0.936,0.924,-0.952,0.956,-1.064,-1.064,-1.08,-1.096,0.92,0.932,0.936,0.92,0.92,0.948,0.964,-0.948,-0.96,1.036,-1.056,-1.096,-1.104,1.084,1.08,1.1,1.112,-1.084,-1.092,1.052,1.052,1.064,1.072,1.076,-1.068,1.048,1.044,-1.06,1.052,1.04,1.04,1.036,1.024,-1.024,1.016,1.028,1.036,1.072,1.068,1.068,-0.936,-1.012,-1.004,0.972,0.996,-1.012,1.02,1.028,1.04,1.048
-1.072,-1.096,-1.092,-1.088,-1.088,-1.076,-1.072,1.052,1.056,1.076,1.068,1.084,1.076,1.08,-1.044,-1.028,-0.976,0.96,0.964,-0.968,-1.088,-1.092,-1.092,1.1,1.08,1.024,-1.032,1.008,1.008,0.94,0.952,0.94,0.936,0.932,0.936,-0.992,-0.984,-0.972,0.956,0.952,-0.948,-0.94,0.936,-1.048,1.064,1.068,1.08,1.08,1.08,-1.08,-1.072,-1.072,-1.064,-1.04,-1.032,0.972,0.972,0.968,0.972,-0.968,0.92,-0.9,-0.904,0.92,1.12,1.108,-1.096,-1.104,-1.076,-1.072,-1.084,-1.092,-1.088,-1.08,1.08,1.04,1.052,1.048,1.044,1.068,-0.944,-0.948,1,1.004,1.008,1.012,1.032,-1.036,-1.036,-1.032,-1.04,-1.032,-1.024,-1.032,-1.036,-1.008,-0.976,-0.996,-1.008,1.024,1.04,1.044,1.044,-1.076,-1.072,-1.064,-1.08,1.076,1.076,-1.06,1.064,-1.036,-1.04,1.024,1.004,-1.036,-1.044,-1.032,1.028,1.02,1.012,0.996,0.968,0.94,1.092,1.08,1.072,1.076,1.048,-1.076,1.112,1.116,1.12,1.08,-1.076,-1.064,-1.08,-1.08,-1.08,-1.076,-1.088,-1.052,-0.952,-0.964,0.936,-0.9,-0.9,-0.896,1.108,1.064,-1.068,-1.06,1.084,1.056,1.044,1.056,1.06,1.068,1.072,1.06,-1.084,-1.076,-1.072,-1.084,-1.08,1.1,1.104,1.1,1.104,1.1,-1.088,1.092,1.08,1.076,1.06,1,-0.992,-0.992,-0.992,-1.02,1.004,1.024,1.012,-1.004,-1.024,-1.056,-1.08,1.064,1.056,1.06,1.06,-1.036,1.004,1.004,-1.008,1.016,1.008,1.004,1,1.02,1.024,1.02,1.012,1.02,1.016,-1,-0.992,-1.056,-1.064,-1.068,-1.068,-1.064,-1.076,1.048,-1.044,-1.064,-1.064,-1.08,-1.096,-1.08,-1.068,-1.064,-1.08,-1.08,-1.052,-1.036,1.052,1.04,-0.964,0.944,0.904,0.896,-0.916,-0.92,-0.9,-0.888,0.916,0.908,1.052,1.052,1.064,1.072,1.076,-1.068,-0.952,-0.956,0.94,-0.948,-0.96,-0.96,-0.964,-0.976,0.976,-0.984,-0.972,-0.964,-0.928,-0.932,-0.932,-0.936,-1.012,-1.004,0.972,0.996,-1.012,1.02,1.028,1.04,1.048
-1.072,-1.096,-1.092,-1.088,-1.088,-1.076,-1.072,-0.948,-0.944,-0.924,-0.932,-0.916,-0.924,-0.92,0.956,0.972,1.024,-1.04,-1.036,1.032,-1.088,-1.092,-1.092,1.1,1.08,1.024,-1.032,1.008,1.008,0.94,0.952,0.94,0.936,0.932,0.936,-0.992,-0.984,-0.972,0.956,0.952,-0.948,-0.94,0.936,-1.048,1.064,1.068,1.08,1.08,1.08,-1.08,-1.072,-1.072,-1.064,-1.04,-1.032,0.972,0.972,0.968,0.972,-0.968,0.92,-0.9,-0.904,0.92,-0.88,-0.892,0.904,0.896,0.924,0.928,0.916,0.908,0.912,-1.08,1.08,1.04,1.052,1.048,1.044,1.068,1.056,1.052,-1,-0.996,-0.992,-0.988,-0.968,0.964,0.964,0.968,0.96,0.968,0.976,0.968,0.964,0.992,-0.976,-0.996,-1.008,1.024,1.04,1.044,1.044,-1.076,-1.072,-1.064,-1.08,1.076,1.076,-1.06,1.064,-1.036,-1.04,1.024,1.004,-1.036,-1.044,-1.032,1.028,1.02,1.012,0.996,0.968,0.94,1.092,1.08,1.072,1.076,1.048,-1.076,1.112,1.116,1.12,1.08,-1.076,-1.064,-1.08,-1.08,-1.08,-1.076,-1.088,0.948,1.048,1.036,-1.064,1.1,1.1,1.104,1.108,1.064,-1.068,-1.06,1.084,1.056,1.044,1.056,1.06,1.068,1.072,1.06,-1.084,-1.076,-1.072,-1.084,-1.08,1.1,1.104,1.1,1.104,1.1,-1.088,1.092,1.08,1.076,1.06,-1,1.008,1.008,1.008,0.98,1.004,1.024,1.012,-1.004,-1.024,-1.056,-1.08,1.064,1.056,1.06,1.06,-1.036,1.004,1.004,-1.008,1.016,1.008,1.004,1,1.02,1.024,1.02,1.012,1.02,1.016,-1,-0.992,0.944,0.936,0.932,0.932,0.936,-1.076,1.048,-1.044,-1.064,-1.064,-1.08,-1.096,-1.08,-1.068,-1.064,-1.08,-1.08,-1.052,-1.036,1.052,1.04,-0.964,0.944,0.904,0.896,1.084,1.08,1.1,1.112,-1.084,-1.092,1.052,1.052,1.064,1.072,1.076,-1.068,1.048,1.044,-1.06,1.052,1.04,1.04,1.036,1.024,-1.024,1.016,1.028,1.036,1.072,1.068,1.068,1.064,0.988,0.996,-1.028,-1.004,0.988,1.02,1.028,1.04,1.048
0.928,0.904,0.908,0.912,0.912,0.924,0.928,-0.948,-0.944,-0.924,-0.932,-0.916,-0.924,-0.92,0.956,-1.028,-0.976,0.96,0.964,-0.968,0.912,0.908,0.908,-0.9,-0.92,-0.976,0.968,-0.992,-0.992,0.94,0.952,0.94,0.936,0.932,0.936,-0.992,-0.984,-0.972,0.956,0.952,-0.948,-0.94,0.936,0.952,-0.936,-0.932,-0.92,-0.92,-0.92,0.92,0.928,0.928,0.936,0.96,0.968,-1.028,-1.028,-1.032,-1.028,1.032,-1.08,1.1,1.096,-1.08,1.12,-0.892,0.904,0.896,0.924,0.928,0.916,0.908,0.912,0.92,-0.92,-0.96,-0.948,-0.952,-0.956,-0.932,-0.944,-0.948,1,1.004,1.008,1.012,1.032,-1.036,-1.036,-1.032,-1.04,-1.032,-1.024,-1.032,-1.036,-1.008,-0.976,-0.996,-1.008,-0.976,-0.96,-0.956,-0.956,0.924,0.928,0.936,0.92,-0.924,-0.924,0.94,-0.936,0.964,0.96,-0.976,-0.996,0.964,0.956,0.968,-0.972,-0.98,1.012,0.996,0.968,0.94,-0.908,-0.92,-0.928,-0.924,-0.952,0.924,-0.888,-0.884,-0.88,-0.92,0.924,0.936,0.92,0.92,0.92,0.924,0.912,-1.052,-0.952,-0.964,0.936,-0.9,-0.9,-0.896,-0.892,-0.936,0.932,0.94,-0.916,-0.944,-0.956,-0.944,-0.94,-0.932,-0.928,-0.94,0.916,0.924,0.928,0.916,0.92,-0.9,-0.896,-0.9,-0.896,-0.9,0.912,-0.908,-0.92,-0.924,-0.94,1,-0.992,-0.992,-0.992,0.98,-0.996,-0.976,-0.988,0.996,0.976,0.944,0.92,-0.936,-0.944,-0.94,-0.94,0.964,-0.996,-0.996,0.992,-0.984,-0.992,-0.996,-1,-0.98,-0.976,-0.98,-0.988,-0.98,-0.984,1,1.008,-1.056,-1.064,-1.068,-1.068,-1.064,-1.076,1.048,0.956,0.936,0.936,0.92,0.904,0.92,0.932,0.936,0.92,0.92,0.948,0.964,-0.948,-0.96,-0.964,0.944,0.904,0.896,-0.916,-0.92,-0.9,-0.888,0.916,0.908,-0.948,-0.948,-0.936,-0.928,-0.924,-1.068,1.048,1.044,-1.06,1.052,1.04,1.04,1.036,1.024,-1.024,1.016,1.028,1.036,1.072,1.068,1.068,1.064,0.988,0.996,-1.028,-1.004,0.988,-0.98,-0.972,-0.96,-0.952
0.928,0.904,0.908,0.912,0.912,0.924,0.928,-0.948,-0.944,-0.924,-0.932,-0.916,-0.924,-0.92,0.956,0.972,1.024,-1.04,-1.036,1.032,-1.088,-1.092,-1.092,-0.9,-0.92,-0.976,0.968,-0.992,-0.992,-1.06,-1.048,-1.06,-1.064,-1.068,-1.064,1.008,1.016,1.028,-1.044,-1.048,1.052,1.06,-1.064,-1.048,1.064,1.068,1.08,1.08,-0.92,0.92,0.928,0.928,0.936,0.96,0.968,-1.028,-1.028,-1.032,-1.028,1.032,-1.08,1.1,1.096,-1.08,1.12,1.108,-1.096,-1.104,-1.076,-1.072,-1.084,0.908,0.912,0.92,-0.92,-0.96,-0.948,-0.952,-0.956,-0.932,-0.944,-0.948,1,1.004,1.008,1.012,1.032,-1.036,-1.036,-1.032,-1.04,-1.032,-1.024,-1.032,-1.036,-1.008,-0.976,-0.996,-1.008,-0.976,-0.96,-0.956,-0.956,0.924,0.928,0.936,0.92,-0.924,-0.924,0.94,-0.936,0.964,0.96,-0.976,-0.996,0.964,0.956,0.968,1.028,1.02,1.012,0.996,0.968,0.94,-0.908,-0.92,-0.928,-0.924,-0.952,0.924,-0.888,-0.884,-0.88,-0.92,0.924,0.936,0.92,0.92,0.92,0.924,0.912,0.948,1.048,1.036,-1.064,1.1,1.1,1.104,-0.892,-0.936,0.932,0.94,-0.916,-0.944,-0.956,-0.944,-0.94,-0.932,-0.928,-0.94,0.916,0.924,0.928,0.916,0.92,-0.9,-0.896,-0.9,-0.896,-0.9,0.912,-0.908,-0.92,-0.924,-0.94,1,-0.992,-0.992,-0.992,-1.02,1.004,1.024,1.012,-1.004,0.976,0.944,0.92,1.064,1.056,1.06,1.06,-1.036,1.004,1.004,-1.008,1.016,1.008,1.004,1,1.02,1.024,1.02,1.012,1.02,1.016,-1,-0.992,0.944,0.936,0.932,0.932,0.936,0.924,-0.952,0.956,0.936,0.936,0.92,0.904,0.92,0.932,0.936,0.92,0.92,-1.052,-1.036,1.052,1.04,-0.964,0.944,0.904,0.896,-0.916,-0.92,-0.9,-0.888,0.916,0.908,-0.948,-0.948,-0.936,-0.928,-0.924,0.932,-0.952,-0.956,0.94,-0.948,-0.96,-0.96,-0.964,-0.976,0.976,1.016,1.028,1.036,1.072,1.068,1.068,1.064,0.988,0.996,-1.028,-1.004,0.988,-0.98,-0.972,-0.96,-0.952
-1.072,-1.096,-1.092,-1.088,-1.088,-1.076,-1.072,1.052,1.056,1.076,1.068,1.084,1.076,1.08,-1.044,-1.028,-0.976,0.96,0.964,-0.968,0.912,0.908,-1.092,1.1,1.08,1.024,-1.032,1.008,1.008,0.94,0.952,0.94,0.936,0.932,0.936,1.008,1.016,1.028,-1.044,-1.048,1.052,1.06,-1.064,-1.048,1.064,1.068,1.08,1.08,1.08,-1.08,-1.072,-1.072,-1.064,0.96,0.968,-1.028,-1.028,-1.032,-1.028,1.032,-1.08,1.1,1.096,-1.08,1.12,1.108,-1.096,-1.104,-1.076,-1.072,-1.084,-1.092,-1.088,-1.08,1.08,1.04,1.052,1.048,1.044,1.068,1.056,1.052,-1,-0.996,-0.992,-0.988,-0.968,0.964,0.964,0.968,0.96,0.968,0.976,0.968,0.964,0.992,1.024,1.004,0.992,1.024,1.04,1.044,1.044,-1.076,-1.072,-1.064,-1.08,1.076,1.076,-1.06,1.064,-1.036,-1.04,1.024,-0.996,0.964,0.956,0.968,-0.972,-0.98,-0.988,-1.004,-1.032,-1.06,1.092,1.08,1.072,1.076,1.048,-1.076,1.112,1.116,1.12,1.08,-1.076,0.936,0.92,0.92,0.92,0.924,0.912,0.948,1.048,1.036,-1.064,1.1,1.1,1.104,1.108,1.064,-1.068,-1.06,1.084,1.056,1.044,1.056,1.06,1.068,1.072,1.06,-1.084,-1.076,-1.072,-1.084,-1.08,-0.9,-0.896,-0.9,-0.896,-0.9,0.912,-0.908,-0.92,-0.924,-0.94,1,-0.992,-0.992,-0.992,-1.02,1.004,1.024,1.012,-1.004,-1.024,-1.056,-1.08,1.064,1.056,1.06,1.06,0.964,-0.996,-0.996,0.992,-0.984,-0.992,-0.996,-1,-0.98,-0.976,-0.98,-0.988,-0.98,-0.984,1,1.008,-1.056,-1.064,-1.068,-1.068,-1.064,-1.076,1.048,-1.044,-1.064,-1.064,-1.08,-1.096,-1.08,-1.068,-1.064,-1.08,-1.08,-1.052,-1.036,1.052,1.04,1.036,-1.056,-1.096,-1.104,1.084,1.08,1.1,1.112,-1.084,-1.092,1.052,1.052,1.064,1.072,1.076,-1.068,1.048,1.044,-1.06,1.052,1.04,1.04,1.036,1.024,-1.024,1.016,1.028,1.036,1.072,1.068,1.068,1.064,0.988,0.996,-1.028,-1.004,0.988,1.02,1.028,1.04,1.048
-1.072,-1.096,-1.092,-1.088,-1.088,-1.076,-1.072,1.052,1.056,1.076,1.068,1.084,1.076,1.08,-1.044,-1.028,1.024,-1.04,-1.036,1.032,-1.088,-1.092,-1.092,1.1,1.08,1.024,-1.032,1.008,1.008,0.94,0.952,-1.06,-1.064,-1.068,-1.064,1.008,1.016,1.028,-1.044,-1.048,1.052,1.06,-1.064,-1.048,1.064,1.068,1.08,1.08,1.08,-1.08,-1.072,-1.072,-1.064,0.96,0.968,-1.028,-1.028,-1.032,-1.028,1.032,-1.08,1.1,1.096,-1.08,1.12,1.108,-1.096,-1.104,-1.076,-1.072,-1.084,-1.092,-1.088,-1.08,1.08,-0.96,-0.948,-0.952,-0.956,-0.932,-0.944,-0.948,1,1.004,1.008,1.012,1.032,-1.036,-1.036,-1.032,-1.04,-1.032,-1.024,-1.032,-1.036,-1.008,-0.976,-0.996,-1.008,1.024,1.04,1.044,1.044,-1.076,-1.072,-1.064,-1.08,1.076,1.076,-1.06,1.064,-1.036,-1.04,1.024,1.004,0.964,0.956,0.968,-0.972,-0.98,-0.988,-1.004,-1.032,-1.06,1.092,1.08,1.072,1.076,1.048,-1.076,1.112,1.116,1.12,1.08,-1.076,0.936,0.92,0.92,0.92,0.924,0.912,0.948,1.048,1.036,-1.064,1.1,1.1,1.104,1.108,1.064,-1.068,-1.06,1.084,1.056,1.044,1.056,1.06,1.068,1.072,1.06,-1.084,0.924,0.928,0.916,0.92,-0.9,-0.896,-0.9,-0.896,-0.9,0.912,-0.908,-0.92,-0.924,-0.94,1,-0.992,-0.992,-0.992,-1.02,1.004,1.024,1.012,-1.004,-1.024,-1.056,-1.08,1.064,1.056,1.06,1.06,-1.036,1.004,1.004,-1.008,1.016,1.008,1.004,1,1.02,1.024,1.02,1.012,-0.98,-0.984,1,1.008,-1.056,-1.064,-1.068,-1.068,-1.064,-1.076,1.048,-1.044,-1.064,-1.064,-1.08,-1.096,-1.08,-1.068,-1.064,-1.08,-1.08,-1.052,0.964,-0.948,-0.96,1.036,-1.056,-1.096,-1.104,1.084,1.08,1.1,1.112,-1.084,-1.092,1.052,1.052,1.064,1.072,1.076,-1.068,1.048,1.044,-1.06,1.052,1.04,1.04,1.036,1.024,-1.024,1.016,1.028,1.036,-0.928,-0.932,-0.932,-0.936,-1.012,-1.004,0.972,0.996,-1.012,1.02,1.028,1.04,1.048
-1.072,-1.096,-1.092,0.912,0.912,0.924,0.928,-0.948,-0.944,-0.924,-0.932,-0.916,-0.924,-0.92,0.956,0.972,1.024,-1.04,-1.036,1.032,-1.088,-1.092,-1.092,1.1,1.08,1.024,-1.032,1.008,1.008,-1.06,-1.048,-1.06,-1.064,-1.068,-1.064,1.008,1.016,1.028,-1.044,-1.048,1.052,1.06,-1.064,-1.048,1.064,1.068,1.08,1.08,1.08,-1.08,-1.072,-1.072,-1.064,-1.04,-1.032,0.972,0.972,0.968,0.972,-0.968,-1.08,1.1,1.096,-1.08,1.12,1.108,-1.096,-1.104,-1.076,-1.072,-1.084,-1.092,-1.088,-1.08,1.08,1.04,1.052,1.048,1.044,1.068,1.056,1.052,-1,-0.996,-0.992,-0.988,-0.968,0.964,0.964,0.968,0.96,0.968,0.976,0.968,0.964,0.992,-0.976,-0.996,-1.008,1.024,1.04,1.044,1.044,-1.076,-1.072,-1.064,-1.08,1.076,1.076,-1.06,1.064,-1.036,0.96,-0.976,-0.996,0.964,0.956,0.968,-0.972,-0.98,-0.988,-1.004,-1.032,-1.06,1.092,1.08,1.072,1.076,1.048,-1.076,1.112,1.116,1.12,1.08,-1.076,-1.064,-1.08,-1.08,-1.08,-1.076,0.912,0.948,1.048,1.036,-1.064,1.1,1.1,1.104,1.108,1.064,-1.068,-1.06,1.084,1.056,1.044,1.056,1.06,1.068,1.072,1.06,-1.084,-1.076,-1.072,0.916,0.92,-0.9,-0.896,-0.9,-0.896,-0.9,0.912,-0.908,-0.92,-0.924,-0.94,1,-0.992,-0.992,-0.992,-1.02,1.004,1.024,1.012,-1.004,-1.024,-1.056,-1.08,1.064,1.056,1.06,1.06,-1.036,1.004,1.004,-1.008,1.016,1.008,1.004,1,1.02,1.024,1.02,1.012,1.02,1.016,-1,-0.992,0.944,0.936,0.932,0.932,0.936,0.924,1.048,-1.044,-1.064,-1.064,-1.08,-1.096,-1.08,-1.068,-1.064,0.92,0.92,0.948,0.964,-0.948,-0.96,1.036,-1.056,-1.096,-1.104,1.084,1.08,1.1,1.112,-1.084,-1.092,1.052,1.052,1.064,1.072,1.076,-1.068,1.048,1.044,-1.06,1.052,1.04,1.04,1.036,-0.976,0.976,-0.984,-0.972,-0.964,-0.928,-0.932,-0.932,-0.936,-1.012,-1.004,0.972,0.996,-1.012,1.02,1.028,1.04,1.048
0.928,0.904,0.908,-1.088,-1.088,-1.076,-1.072,1.052,1.056,1.076,1.068,1.084,1.076,1.08,-1.044,-1.028,-0.976,0.96,0.964,-0.968,0.912,0.908,0.908,-0.9,-0.92,-0.976,0.968,1.008,1.008,0.94,0.952,0.94,0.936,0.932,0.936,-0.992,-0.984,-0.972,0.956,0.952,-0.948,-0.94,0.936,0.952,-0.936,-0.932,-0.92,-0.92,-0.92,0.92,0.928,0.928,0.936,0.96,0.968,-1.028,-1.028,-1.032,-1.028,1.032,0.92,-0.9,-0.904,0.92,-0.88,-0.892,0.904,0.896,0.924,0.928,0.916,0.908,0.912,0.92,-0.92,-0.96,-0.948,-0.952,-0.956,-0.932,-0.944,-0.948,1,1.004,1.008,1.012,1.032,-1.036,-1.036,-1.032,-1.04,-1.032,-1.024,-1.032,-1.036,-1.008,-0.976,-0.996,-1.008,1.024,1.04,1.044,1.044,0.924,0.928,0.936,0.92,-0.924,-0.924,0.94,-0.936,0.964,0.96,-0.976,-0.996,0.964,0.956,0.968,-0.972,-0.98,-0.988,-1.004,-1.032,-1.06,1.092,1.08,1.072,1.076,1.048,-1.076,1.112,1.116,1.12,-0.92,0.924,0.936,0.92,0.92,0.92,0.924,0.912,-1.052,-0.952,-0.964,0.936,-0.9,-0.9,-0.896,-0.892,-0.936,0.932,0.94,-0.916,-0.944,-0.956,-0.944,-0.94,-0.932,-0.928,-0.94,0.916,0.924,0.928,0.916,0.92,1.1,1.104,1.1,1.104,1.1,-1.088,1.092,1.08,1.076,1.06,-1,1.008,1.008,1.008,0.98,-0.996,-0.976,-0.988,0.996,0.976,0.944,0.92,-0.936,-0.944,-0.94,1.06,-1.036,1.004,1.004,-1.008,1.016,1.008,1.004,1,1.02,1.024,1.02,1.012,1.02,1.016,-1,-0.992,0.944,0.936,0.932,0.932,0.936,0.924,-0.952,0.956,0.936,0.936,0.92,0.904,-1.08,-1.068,-1.064,-1.08,-1.08,-1.052,-1.036,1.052,1.04,-0.964,0.944,0.904,0.896,-0.916,-0.92,-0.9,-0.888,0.916,0.908,-0.948,-0.948,-0.936,-0.928,-0.924,0.932,-0.952,-0.956,0.94,-0.948,-0.96,-0.96,-0.964,-0.976,0.976,-0.984,-0.972,-0.964,-0.928,-0.932,-0.932,-0.936,-1.012,-1.004,0.972,0.996,-1.012,1.02,-0.972,-0.96,-0.952
0.928,0.904,0.908,0.912,0.912,0.924,0.928,-0.948,-0.944,-0.924,-0.932,-0.916,-0.924,-0.92,0.956,0.972,1.024,-1.04,-1.036,1.032,-1.088,-1.092,-1.092,1.1,-0.92,-0.976,0.968,-0.992,-0.992,0.94,0.952,0.94,0.936,0.932,0.936,-0.992,-0.984,-0.972,0.956,0.952,-0.948,-0.94,0.936,0.952,-0.936,-0.932,-0.92,-0.92,-0.92,0.92,0.928,0.928,0.936,0.96,0.968,0.972,0.972,0.968,0.972,-0.968,0.92,-0.9,-0.904,0.92,-0.88,-0.892,0.904,0.896,0.924,0.928,0.916,0.908,0.912,0.92,-0.92,-0.96,-0.948,-0.952,-0.956,-0.932,-0.944,-0.948,1,1.004,1.008,1.012,1.032,-1.036,-1.036,-1.032,-1.04,-1.032,-1.024,-1.032,0.964,0.992,1.024,1.004,0.992,-0.976,-0.96,-0.956,-0.956,0.924,0.928,0.936,0.92,-0.924,-0.924,0.94,-0.936,0.964,0.96,-0.976,-0.996,-1.036,-1.044,-1.032,1.028,1.02,1.012,0.996,0.968,0.94,-0.908,-0.92,-0.928,-0.924,-0.952,0.924,-0.888,-0.884,-0.88,-0.92,0.924,0.936,0.92,0.92,0.92,0.924,0.912,-1.052,-0.952,-0.964,0.936,-0.9,-0.9,-0.896,-0.892,-0.936,0.932,0.94,-0.916,-0.944,-0.956,-0.944,-0.94,-0.932,-0.928,-0.94,0.916,0.924,0.928,0.916,0.92,-0.9,-0.896,-0.9,-0.896,-0.9,0.912,-0.908,-0.92,-0.924,-0.94,1,-0.992,1.008,1.008,0.98,-0.996,-0.976,-0.988,0.996,0.976,0.944,0.92,-0.936,-0.944,-0.94,-0.94,-1.036,1.004,1.004,-1.008,1.016,1.008,1.004,1,1.02,1.024,1.02,1.012,1.02,1.016,-1,-0.992,0.944,0.936,0.932,0.932,0.936,0.924,-0.952,0.956,0.936,0.936,0.92,0.904,0.92,0.932,0.936,0.92,0.92,0.948,0.964,-0.948,-0.96,-0.964,0.944,0.904,0.896,-0.916,-0.92,-0.9,-0.888,0.916,0.908,1.052,1.052,1.064,1.072,1.076,-1.068,1.048,1.044,-1.06,1.052,1.04,1.04,1.036,1.024,-1.024,1.016,1.028,1.036,1.072,1.068,1.068,1.064,0.988,0.996,-1.028,-1.004,0.988,-0.98,-0.972,-0.96,-0.952
-1.072,-1.096,-1.092,0.912,0.912,0.924,0.928,-0.948,-0.944,-0.924,-0.932,-0.916,-0.924,-0.92,0.956,0.972,1.024,-1.04,-1.036,1.032,-1.088,-1.092,-1.092,1.1,1.08,1.024,-1.032,1.008,1.008,-1.06,-1.048,-1.06,-1.064,-1.068,-1.064,1.008,1.016,1.028,-1.044,-1.048,1.052,1.06,-1.064,-1.048,1.064,1.068,1.08,1.08,1.08,-1.08,-1.072,-1.072,-1.064,-1.04,-1.032,0.972,0.972,0.968,0.972,-0.968,0.92,-0.9,-0.904,-1.08,1.12,1.108,-1.096,-1.104,-1.076,-1.072,-1.084,-1.092,-1.088,-1.08,1.08,1.04,1.052,1.048,1.044,1.068,1.056,1.052,-1,-0.996,-0.992,-0.988,-0.968,0.964,0.964,0.968,0.96,0.968,-1.024,-1.032,-1.036,-1.008,-0.976,-0.996,-1.008,1.024,1.04,1.044,1.044,-1.076,-1.072,-1.064,-1.08,1.076,1.076,-1.06,1.064,-1.036,-1.04,1.024,1.004,-1.036,-1.044,-1.032,1.028,1.02,1.012,0.996,0.968,0.94,-0.908,-0.92,-0.928,-0.924,1.048,-1.076,1.112,1.116,1.12,1.08,-1.076,0.936,0.92,0.92,0.92,0.924,0.912,0.948,1.048,1.036,-1.064,1.1,1.1,1.104,1.108,1.064,-1.068,-1.06,1.084,1.056,1.044,1.056,1.06,1.068,1.072,1.06,-1.084,-1.076,-1.072,-1.084,-1.08,1.1,1.104,1.1,1.104,1.1,-1.088,1.092,-0.92,-0.924,-0.94,1,-0.992,-0.992,-0.992,-1.02,1.004,1.024,1.012,-1.004,-1.024,-1.056,-1.08,1.064,1.056,1.06,1.06,-1.036,-0.996,-0.996,0.992,-0.984,-0.992,-0.996,-1,-0.98,-0.976,-0.98,-0.988,-0.98,-0.984,1,1.008,-1.056,-1.064,-1.068,-1.068,-1.064,-1.076,1.048,-1.044,-1.064,-1.064,-1.08,-1.096,-1.08,-1.068,-1.064,-1.08,-1.08,0.948,0.964,-0.948,-0.96,1.036,-1.056,-1.096,-1.104,1.084,1.08,1.1,1.112,-1.084,-1.092,1.052,1.052,1.064,1.072,1.076,-1.068,1.048,1.044,-1.06,1.052,1.04,1.04,1.036,1.024,-1.024,1.016,1.028,1.036,1.072,1.068,1.068,1.064,-1.012,-1.004,0.972,0.996,-1.012,1.02,1.028,1.04,1.048
-1.072,-1.096,-1.092,-1.088,-1.088,-1.076,-1.072,1.052,1.056,-0.924,-0.932,-0.916,-0.924,-0.92,0.956,0.972,1.024,-1.04,-1.036,1.032,-1.088,-1.092,-1.092,1.1,1.08,1.024,-1.032,1.008,1.008,0.94,0.952,0.94,0.936,0.932,-1.064,1.008,1.016,1.028,-1.044,-1.048,1.052,1.06,-1.064,-1.048,1.064,1.068,1.08,1.08,1.08,-1.08,-1.072,0.928,0.936,0.96,0.968,-1.028,-1.028,-1.032,-1.028,1.032,-1.08,1.1,1.096,-1.08,1.12,1.108,-1.096,-1.104,-1.076,-1.072,-1.084,-1.092,-1.088,-1.08,1.08,1.04,1.052,1.048,1.044,1.068,1.056,1.052,-1,-0.996,-0.992,-0.988,-0.968,0.964,-1.036,-1.032,-1.04,-1.032,-1.024,-1.032,-1.036,-1.008,-0.976,-0.996,-1.008,1.024,1.04,1.044,1.044,-1.076,-1.072,-1.064,-1.08,1.076,1.076,-1.06,1.064,-1.036,-1.04,1.024,1.004,-1.036,-1.044,-1.032,1.028,1.02,1.012,0.996,-1.032,-1.06,1.092,1.08,1.072,1.076,1.048,-1.076,1.112,1.116,1.12,1.08,-1.076,0.936,0.92,0.92,0.92,0.924,0.912,0.948,1.048,1.036,-1.064,1.1,1.1,1.104,1.108,1.064,-1.068,-1.06,-0.916,-0.944,-0.956,-0.944,-0.94,-0.932,-0.928,-0.94,0.916,0.924,0.928,0.916,0.92,-0.9,-0.896,-0.9,-0.896,-0.9,0.912,-0.908,-0.92,-0.924,-0.94,1,-0.992,-0.992,-0.992,-1.02,1.004,1.024,1.012,-1.004,-1.024,-1.056,-1.08,1.064,1.056,1.06,1.06,-1.036,1.004,1.004,0.992,-0.984,-0.992,-0.996,-1,-0.98,-0.976,-0.98,-0.988,-0.98,-0.984,1,1.008,-1.056,-1.064,-1.068,-1.068,-1.064,-1.076,1.048,-1.044,-1.064,-1.064,-1.08,-1.096,-1.08,-1.068,-1.064,-1.08,-1.08,0.948,0.964,-0.948,-0.96,1.036,-1.056,-1.096,-1.104,1.084,1.08,1.1,1.112,-1.084,-1.092,1.052,1.052,1.064,1.072,1.076,-1.068,1.048,1.044,-1.06,1.052,1.04,1.04,1.036,1.024,-1.024,1.016,1.028,1.036,1.072,1.068,1.068,1.064,-1.012,-1.004,0.972,0.996,-1.012,1.02,1.028,1.04,1.048
-1.072,-1.096,-1.092,-1.088,-1.088,-1.076,-1.072,1.052,1.056,1.076,1.068,1.084,1.076,1.08,-1.044,-1.028,-0.976,-1.04,-1.036,1.032,-1.088,-1.092,-1.092,1.1,1.08,1.024,-1.032,1.008,1.008,0.94,0.952,0.94,0.936,0.932,0.936,1.008,1.016,1.028,-1.044,-1.048,1.052,1.06,-1.064,-1.048,1.064,1.068,1.08,1.08,1.08,-1.08,-1.072,-1.072,-1.064,-1.04,-1.032,0.972,0.972,0.968,0.972,-0.968,0.92,-0.9,-0.904,0.92,1.12,1.108,-1.096,-1.104,-1.076,-1.072,-1.084,-1.092,-1.088,-1.08,1.08,1.04,1.052,1.048,1.044,1.068,1.056,1.052,-1,-0.996,-0.992,-0.988,-0.968,0.964,0.964,0.968,0.96,0.968,0.976,0.968,0.964,-1.008,-0.976,-0.996,-1.008,1.024,1.04,1.044,1.044,-1.076,-1.072,-1.064,-1.08,1.076,1.076,-1.06,1.064,-1.036,-1.04,1.024,1.004,0.964,0.956,0.968,-0.972,-0.98,-0.988,-1.004,-1.032,-1.06,1.092,1.08,1.072,1.076,1.048,-1.076,1.112,1.116,1.12,1.08,0.924,0.936,0.92,0.92,0.92,0.924,0.912,0.948,1.048,1.036,-1.064,1.1,1.1,1.104,1.108,1.064,-1.068,-1.06,1.084,1.056,1.044,1.056,1.06,1.068,1.072,1.06,-1.084,-1.076,-1.072,-1.084,-1.08,1.1,1.104,1.1,1.104,1.1,-1.088,-0.908,-0.92,-0.924,-0.94,1,-0.992,-0.992,-0.992,-1.02,1.004,1.024,1.012,-1.004,-1.024,-1.056,-1.08,1.064,1.056,1.06,1.06,0.964,-0.996,-0.996,0.992,-0.984,-0.992,-0.996,-1,-0.98,-0.976,-0.98,-0.988,-0.98,-0.984,1,1.008,-1.056,-1.064,-1.068,-1.068,-1.064,-1.076,1.048,-1.044,-1.064,-1.064,-1.08,-1.096,-1.08,-1.068,-1.064,-1.08,-1.08,0.948,0.964,-0.948,-0.96,1.036,-1.056,-1.096,-1.104,1.084,1.08,1.1,1.112,-1.084,-1.092,1.052,1.052,1.064,1.072,1.076,-1.068,1.048,1.044,-1.06,1.052,1.04,1.04,1.036,1.024,-1.024,1.016,1.028,1.036,1.072,1.068,1.068,1.064,0.988,0.996,-1.028,-1.004,0.988,1.02,1.028,1.04,1.048
0.928,0.904,0.908,0.912,0.912,0.924,0.928,-0.948,-0.944,-0.924,-0.932,-0.916,-0.924,-0.92,0.956,0.972,1.024,-1.04,-1.036,1.032,-1.088,-1.092,-1.092,1.1,1.08,-0.976,0.968,-0.992,-0.992,-1.06,-1.048,-1.06,-1.064,-1.068,-1.064,1.008,1.016,1.028,-1.044,-1.048,1.052,1.06,-1.064,-1.048,1.064,1.068,1.08,1.08,1.08,-1.08,-1.072,-1.072,-1.064,-1.04,-1.032,-1.028,-1.028,-1.032,-1.028,1.032,-1.08,1.1,1.096,-1.08,1.12,1.108,-1.096,-1.104,-1.076,-1.072,-1.084,-1.092,-1.088,-1.08,1.08,1.04,1.052,1.048,1.044,1.068,1.056,1.052,-1,-0.996,-0.992,-0.988,-0.968,0.964,0.964,0.968,0.96,0.968,0.976,0.968,0.964,0.992,1.024,1.004,0.992,-0.976,-0.96,-0.956,-0.956,0.924,-1.072,-1.064,-1.08,1.076,1.076,-1.06,1.064,0.964,0.96,-0.976,-0.996,0.964,0.956,0.968,-0.972,-0.98,-0.988,-1.004,-1.032,-1.06,1.092,1.08,1.072,1.076,1.048,-1.076,1.112,1.116,1.12,1.08,-1.076,-1.064,0.92,0.92,0.92,0.924,0.912,0.948,1.048,1.036,-1.064,1.1,1.1,1.104,1.108,1.064,-1.068,-1.06,1.084,1.056,1.044,1.056,1.06,1.068,1.072,1.06,-1.084,-1.076,-1.072,-1.084,-1.08,1.1,1.104,1.1,1.104,1.1,-1.088,1.092,1.08,1.076,1.06,-1,1.008,1.008,1.008,0.98,1.004,1.024,1.012,-1.004,-1.024,-1.056,-1.08,1.064,1.056,1.06,1.06,-1.036,1.004,1.004,0.992,-0.984,-0.992,-0.996,-1,-0.98,-0.976,-0.98,-0.988,-0.98,-0.984,1,1.008,-1.056,-1.064,-1.068,-1.068,-1.064,-1.076,1.048,-1.044,-1.064,-1.064,-1.08,-1.096,-1.08,-1.068,-1.064,-1.08,-1.08,0.948,0.964,-0.948,-0.96,1.036,-1.056,-1.096,-1.104,1.084,1.08,1.1,1.112,-1.084,-1.092,1.052,1.052,1.064,1.072,1.076,-1.068,1.048,1.044,-1.06,1.052,1.04,1.04,1.036,1.024,-1.024,1.016,1.028,-0.964,-0.928,-0.932,-0.932,-0.936,-1.012,-1.004,0.972,0.996,-1.012,1.02,1.028,1.04,1.048
0.928,0.904,0.908,0.912,0.912,0.924,0.928,-0.948,-0.944,-0.924,-0.932,-0.916,-0.924,-0.92,-1.044,-1.028,-0.976,0.96,0.964,-0.968,0.912,0.908,0.908,-0.9,-0.92,-0.976,0.968,-0.992,-0.992,0.94,0.952,0.94,0.936,0.932,0.936,-0.992,-0.984,-0.972,0.956,0.952,-0.948,-0.94,0.936,0.952,-0.936,-0.932,-0.92,-0.92,-0.92,0.92,0.928,0.928,0.936,-1.04,-1.032,0.972,0.972,0.968,0.972,-0.968,0.92,-0.9,-0.904,0.92,-0.88,-0.892,0.904,0.896,0.924,0.928,0.916,0.908,0.912,0.92,-0.92,-0.96,-0.948,-0.952,-0.956,-0.932,-0.944,-0.948,1,1.004,1.008,1.012,-0.968,0.964,0.964,0.968,0.96,0.968,0.976,0.968,0.964,0.992,1.024,1.004,0.992,-0.976,-0.96,-0.956,-0.956,0.924,0.928,0.936,0.92,-0.924,-0.924,0.94,-0.936,0.964,0.96,1.024,1.004,-1.036,-1.044,-1.032,1.028,1.02,1.012,0.996,0.968,0.94,-0.908,-0.92,-0.928,-0.924,-0.952,0.924,-0.888,-0.884,-0.88,-0.92,0.924,0.936,0.92,0.92,0.92,0.924,0.912,0.948,1.048,1.036,-1.064,1.1,1.1,1.104,-0.892,-0.936,0.932,0.94,-0.916,-0.944,-0.956,-0.944,-0.94,-0.932,-0.928,-0.94,0.916,0.924,0.928,0.916,0.92,-0.9,-0.896,-0.9,-0.896,-0.9,0.912,1.092,1.08,1.076,1.06,-1,1.008,1.008,1.008,0.98,-0.996,-0.976,-0.988,0.996,0.976,0.944,0.92,-0.936,-0.944,-0.94,-0.94,0.964,-0.996,-0.996,0.992,-0.984,-0.992,-0.996,1,1.02,1.024,1.02,1.012,1.02,1.016,-1,-0.992,0.944,0.936,0.932,0.932,0.936,0.924,-0.952,0.956,0.936,0.936,0.92,0.904,0.92,0.932,0.936,0.92,0.92,-1.052,-1.036,1.052,1.04,-0.964,0.944,0.904,0.896,-0.916,-0.92,-0.9,-0.888,0.916,0.908,-0.948,-0.948,-0.936,-0.928,-0.924,0.932,-0.952,-0.956,0.94,-0.948,-0.96,-0.96,-0.964,-0.976,0.976,-0.984,-0.972,-0.964,-0.928,-0.932,-0.932,-0.936,-1.012,-1.004,0.972,0.996,-1.012,-0.98,-0.972,-0.96,-0.952
-1.072,-1.096,-1.092,-1.088,-1.088,-1.076,-1.072,1.052,1.056,1.076,1.068,1.084,1.076,1.08,-1.044,-1.028,-0.976,-1.04,-1.036,1.032,-1.088,-1.092,-1.092,1.1,1.08,1.024,-1.032,1.008,1.008,0.94,0.952,0.94,0.936,0.932,0.936,-0.992,-0.984,-0.972,0.956,0.952,-0.948,-0.94,0.936,0.952,-0.936,1.068,1.08,1.08,1.08,-1.08,-1.072,-1.072,-1.064,-1.04,-1.032,0.972,0.972,0.968,0.972,-0.968,-1.08,1.1,1.096,-1.08,1.12,1.108,-1.096,-1.104,-1.076,-1.072,-1.084,-1.092,-1.088,-1.08,1.08,1.04,1.052,1.048,1.044,1.068,1.056,1.052,-1,-0.996,-0.992,-0.988,-0.968,0.964,0.964,0.968,0.96,0.968,0.976,-1.032,-1.036,-1.008,-0.976,-0.996,-1.008,1.024,1.04,1.044,1.044,-1.076,-1.072,-1.064,-1.08,1.076,1.076,-1.06,1.064,-1.036,-1.04,1.024,1.004,-1.036,-1.044,-1.032,1.028,1.02,-0.988,-1.004,-1.032,-1.06,1.092,1.08,1.072,1.076,1.048,-1.076,1.112,1.116,1.12,1.08,-1.076,-1.064,-1.08,-1.08,-1.08,-1.076,-1.088,-1.052,-0.952,1.036,-1.064,1.1,1.1,1.104,1.108,1.064,-1.068,-1.06,1.084,1.056,1.044,1.056,1.06,1.068,1.072,1.06,-1.084,-1.076,-1.072,-1.084,-1.08,1.1,1.104,1.1,1.104,1.1,-1.088,1.092,1.08,1.076,1.06,-1,1.008,1.008,1.008,0.98,-0.996,-0.976,1.012,-1.004,-1.024,-1.056,-1.08,1.064,1.056,1.06,1.06,-1.036,1.004,1.004,-1.008,1.016,1.008,1.004,1,1.02,1.024,1.02,1.012,-0.98,-0.984,1,1.008,-1.056,-1.064,-1.068,-1.068,-1.064,-1.076,1.048,-1.044,-1.064,-1.064,-1.08,-1.096,-1.08,-1.068,-1.064,-1.08,-1.08,0.948,0.964,-0.948,-0.96,1.036,-1.056,-1.096,-1.104,1.084,1.08,1.1,1.112,-1.084,-1.092,1.052,1.052,1.064,1.072,1.076,-1.068,1.048,1.044,-1.06,1.052,1.04,1.04,1.036,1.024,-1.024,1.016,1.028,1.036,1.072,1.068,1.068,1.064,0.988,0.996,-1.028,0.996,-1.012,1.02,1.028,1.04,1.048
0.928,0.904,0.908,0.912,0.912,0.924,0.928,-0.948,-0.944,-0.924,-0.932,-0.916,-0.924,-0.92,-1.044,-1.028,-0.976,0.96,0.964,-0.968,0.912,0.908,0.908,-0.9,-0.92,-0.976,0.968,-0.992,-0.992,-1.06,-1.048,-1.06,-1.064,-1.068,-1.064,-0.992,-0.984,-0.972,0.956,0.952,-0.948,-0.94,0.936,0.952,-0.936,-0.932,-0.92,-0.92,-0.92,0.92,0.928,0.928,0.936,0.96,0.968,-1.028,-1.028,-1.032,-1.028,1.032,-1.08,1.1,1.096,-1.08,1.12,-0.892,0.904,0.896,0.924,0.928,0.916,0.908,0.912,0.92,-0.92,-0.96,-0.948,-0.952,-0.956,-0.932,-0.944,-0.948,1,1.004,1.008,1.012,1.032,-1.036,-1.036,-1.032,-1.04,-1.032,-1.024,-1.032,-1.036,-1.008,-0.976,-0.996,-1.008,1.024,1.04,1.044,1.044,0.924,0.928,0.936,0.92,-0.924,-0.924,0.94,-0.936,0.964,0.96,-0.976,-0.996,0.964,0.956,0.968,-0.972,-0.98,-0.988,-1.004,-1.032,-1.06,1.092,1.08,1.072,1.076,1.048,-1.076,1.112,-0.884,-0.88,-0.92,0.924,0.936,0.92,0.92,0.92,0.924,0.912,-1.052,-0.952,-0.964,0.936,-0.9,-0.9,-0.896,-0.892,-0.936,0.932,0.94,-0.916,-0.944,-0.956,-0.944,-0.94,-0.932,-0.928,-0.94,0.916,0.924,0.928,0.916,0.92,-0.9,-0.896,-0.9,-0.896,-0.9,0.912,-0.908,-0.92,-0.924,-0.94,-1,1.008,1.008,1.008,0.98,-0.996,-0.976,-0.988,0.996,0.976,0.944,0.92,-0.936,-0.944,-0.94,-0.94,0.964,-0.996,-0.996,0.992,-0.984,-0.992,-0.996,-1,-0.98,-0.976,-0.98,-0.988,-0.98,-0.984,1,1.008,-1.056,-1.064,-1.068,-1.068,-1.064,-1.076,-0.952,0.956,0.936,0.936,0.92,0.904,0.92,0.932,0.936,0.92,0.92,-1.052,-1.036,1.052,1.04,-0.964,0.944,0.904,0.896,-0.916,-0.92,-0.9,-0.888,0.916,0.908,-0.948,-0.948,-0.936,-0.928,-0.924,0.932,-0.952,-0.956,0.94,-0.948,-0.96,-0.96,-0.964,-0.976,0.976,-0.984,-0.972,-0.964,-0.928,-0.932,-0.932,-0.936,-1.012,-1.004,0.972,0.996,-1.012,-0.98,-0.972,-0.96,-0.952
0.928,0.904,0.908,0.912,0.912,0.924,0.928,-0.948,-0.944,1.076,1.068,1.084,1.076,1.08,-1.044,-1.028,-0.976,0.96,0.964,-0.968,0.912,0.908,0.908,-0.9,-0.92,1.024,-1.032,1.008,1.008,0.94,0.952,0.94,0.936,0.932,0.936,-0.992,-0.984,-0.972,0.956,0.952,-0.948,-0.94,0.936,0.952,-0.936,-0.932,-0.92,-0.92,-0.92,0.92,0.928,0.928,0.936,0.96,0.968,0.972,0.972,0.968,0.972,-0.968,0.92,-0.9,-0.904,0.92,-0.88,-0.892,0.904,0.896,0.924,0.928,0.916,0.908,0.912,0.92,-0.92,-0.96,-0.948,-0.952,-0.956,-0.932,-0.944,-0.948,1,1.004,1.008,1.012,1.032,-1.036,-1.036,-1.032,-1.04,-1.032,-1.024,-1.032,-1.036,-1.008,1.024,1.004,0.992,-0.976,-0.96,-0.956,-0.956,0.924,0.928,0.936,0.92,-0.924,-0.924,0.94,-0.936,0.964,0.96,-0.976,-0.996,0.964,0.956,0.968,-0.972,-0.98,-0.988,-1.004,-1.032,-1.06,1.092,1.08,1.072,-0.924,-0.952,0.924,-0.888,-0.884,-0.88,-0.92,0.924,0.936,0.92,0.92,0.92,0.924,0.912,0.948,1.048,1.036,-1.064,1.1,1.1,1.104,-0.892,-0.936,0.932,0.94,-0.916,-0.944,-0.956,-0.944,-0.94,-0.932,-0.928,-0.94,0.916,0.924,0.928,0.916,0.92,-0.9,-0.896,-0.9,-0.896,-0.9,0.912,-0.908,-0.92,-0.924,-0.94,1,-0.992,-0.992,-0.992,0.98,-0.996,-0.976,-0.988,0.996,0.976,0.944,0.92,-0.936,-0.944,-0.94,-0.94,0.964,-0.996,-0.996,0.992,-0.984,-0.992,-0.996,-1,-0.98,-0.976,-0.98,-0.988,-0.98,-0.984,1,1.008,0.944,0.936,0.932,0.932,0.936,0.924,-0.952,0.956,0.936,0.936,0.92,0.904,0.92,0.932,0.936,0.92,0.92,0.948,0.964,-0.948,-0.96,1.036,0.944,0.904,0.896,-0.916,-0.92,-0.9,-0.888,0.916,0.908,-0.948,1.052,1.064,1.072,1.076,-1.068,1.048,1.044,-1.06,1.052,1.04,1.04,1.036,1.024,-1.024,1.016,1.028,1.036,1.072,1.068,1.068,1.064,0.988,0.996,-1.028,-1.004,0.988,-0.98,-0.972,-0.96,-0.952
0.928,0.904,0.908,0.912,0.912,0.924,0.928,-0.948,-0.944,-0.924,-0.932,-0.916,-0.924,-0.92,0.956,0.972,1.024,-1.04,-1.036,1.032,-1.088,-1.092,-1.092,1.1,-0.92,-0.976,0.968,-0.992,-0.992,-1.06,-1.048,-1.06,-1.064,-1.068,-1.064,-0.992,-0.984,-0.972,0.956,0.952,-0.948,-0.94,0.936,0.952,-0.936,-0.932,-0.92,-0.92,-0.92,0.92,0.928,0.928,0.936,0.96,0.968,-1.028,-1.028,-1.032,-1.028,1.032,-1.08,-0.9,-0.904,0.92,-0.88,-0.892,0.904,0.896,0.924,0.928,0.916,0.908,0.912,0.92,-0.92,-0.96,-0.948,-0.952,-0.956,-0.932,-0.944,-0.948,1,1.004,1.008,-0.988,-0.968,0.964,0.964,0.968,0.96,0.968,0.976,0.968,0.964,0.992,1.024,1.004,0.992,-0.976,-0.96,-0.956,-0.956,0.924,0.928,0.936,0.92,-0.924,-0.924,0.94,-0.936,0.964,0.96,-0.976,-0.996,0.964,0.956,0.968,-0.972,-0.98,1.012,0.996,0.968,0.94,-0.908,-0.92,-0.928,-0.924,-0.952,0.924,-0.888,-0.884,-0.88,-0.92,0.924,0.936,0.92,0.92,0.92,0.924,0.912,-1.052,-0.952,-0.964,0.936,-0.9,-0.9,-0.896,-0.892,-0.936,0.932,0.94,-0.916,-0.944,-0.956,-0.944,-0.94,-0.932,-0.928,-0.94,0.916,0.924,0.928,0.916,0.92,-0.9,-0.896,-0.9,-0.896,-0.9,0.912,-0.908,-0.92,-0.924,-0.94,-1,1.008,1.008,1.008,0.98,-0.996,-0.976,-0.988,0.996,0.976,0.944,0.92,-0.936,-0.944,-0.94,-0.94,0.964,-0.996,-0.996,0.992,-0.984,-0.992,-0.996,-1,-0.98,-0.976,-0.98,-0.988,-0.98,-0.984,1,1.008,-1.056,-1.064,-1.068,-1.068,-1.064,-1.076,1.048,-1.044,-1.064,-1.064,0.92,0.904,0.92,0.932,0.936,0.92,0.92,-1.052,-1.036,1.052,1.04,-0.964,0.944,0.904,0.896,-0.916,-0.92,-0.9,-0.888,0.916,0.908,-0.948,-0.948,-0.936,-0.928,-0.924,0.932,-0.952,-0.956,0.94,-0.948,-0.96,-0.96,-0.964,-0.976,0.976,-0.984,-0.972,-0.964,-0.928,-0.932,-0.932,1.064,0.988,0.996,-1.028,-1.004,0.988,-0.98,-0.972,-0.96,-0.952
0.928,0.904,0.908,0.912,0.912,0.924,0.928,-0.948,-0.944,-0.924,-0.932,-0.916,-0.924,-0.92,0.956,0.972,1.024,0.96,0.964,-0.968,0.912,0.908,0.908,-0.9,-0.92,-0.976,0.968,-0.992,-0.992,-1.06,-1.048,-1.06,-1.064,-1.068,-1.064,1.008,1.016,1.028,-1.044,-1.048,1.052,1.06,0.936,0.952,-0.936,-0.932,-0.92,-0.92,-0.92,0.92,0.928,0.928,0.936,0.96,0.968,-1.028,-1.028,-1.032,-1.028,1.032,-1.08,1.1,1.096,-1.08,1.12,1.108,-1.096,-1.104,-1.076,-1.072,-1.084,0.908,0.912,0.92,-0.92,-0.96,-0.948,-0.952,-0.956,-0.932,-0.944,-0.948,1,1.004,1.008,1.012,1.032,-1.036,-1.036,-1.032,-1.04,-1.032,-1.024,-1.032,-1.036,-1.008,-0.976,-0.996,-1.008,1.024,1.04,1.044,1.044,-1.076,0.928,0.936,0.92,-0.924,1.076,-1.06,1.064,-1.036,-1.04,1.024,1.004,-1.036,-1.044,-1.032,1.028,1.02,1.012,0.996,0.968,0.94,-0.908,-0.92,-0.928,-0.924,-0.952,0.924,-0.888,-0.884,-0.88,-0.92,0.924,0.936,0.92,0.92,0.92,0.924,0.912,0.948,1.048,1.036,-1.064,-0.9,-0.9,-0.896,-0.892,-0.936,0.932,0.94,-0.916,-0.944,-0.956,-0.944,-0.94,-0.932,-0.928,-0.94,0.916,0.924,0.928,0.916,0.92,-0.9,-0.896,-0.9,-0.896,-0.9,0.912,-0.908,-0.92,-0.924,-0.94,1,-0.992,-0.992,-0.992,-1.02,1.004,1.024,1.012,-1.004,-1.024,-1.056,0.92,-0.936,-0.944,-0.94,-0.94,0.964,-0.996,-0.996,0.992,-0.984,-0.992,-0.996,-1,-0.98,-0.976,-0.98,-0.988,-0.98,-0.984,1,1.008,0.944,0.936,0.932,0.932,0.936,0.924,-0.952,0.956,0.936,0.936,0.92,0.904,0.92,0.932,0.936,0.92,0.92,0.948,0.964,1.052,1.04,-0.964,0.944,0.904,0.896,-0.916,-0.92,-0.9,-0.888,0.916,0.908,-0.948,-0.948,-0.936,-0.928,-0.924,0.932,-0.952,-0.956,0.94,-0.948,-0.96,-0.96,-0.964,-0.976,0.976,-0.984,-0.972,1.036,1.072,1.068,1.068,1.064,0.988,0.996,-1.028,-1.004,0.988,-0.98,-0.972,-0.96,-0.952
0.928,0.904,0.908,0.912,0.912,0.924,0.928,-0.948,-0.944,-0.924,-0.932,-0.916,-0.924,-0.92,0.956,0.972,1.024,-1.04,-1.036,1.032,0.912,0.908,0.908,-0.9,-0.92,1.024,-1.032,1.008,1.008,0.94,0.952,0.94,0.936,0.932,0.936,-0.992,-0.984,-0.972,0.956,0.952,-0.948,-0.94,0.936,0.952,-0.936,-0.932,-0.92,-0.92,-0.92,0.92,0.928,0.928,0.936,0.96,0.968,-1.028,-1.028,-1.032,-1.028,-0.968,0.92,-0.9,-0.904,0.92,-0.88,-0.892,0.904,0.896,0.924,0.928,0.916,0.908,0.912,0.92,-0.92,-0.96,-0.948,-0.952,-0.956,-0.932,-0.944,-0.948,1,1.004,1.008,-0.988,-0.968,0.964,0.964,0.968,0.96,0.968,0.976,0.968,0.964,0.992,1.024,1.004,0.992,-0.976,-0.96,-0.956,-0.956,0.924,0.928,0.936,0.92,-0.924,1.076,-1.06,1.064,-1.036,-1.04,1.024,1.004,-1.036,-1.044,-1.032,1.028,1.02,1.012,0.996,0.968,0.94,-0.908,-0.92,-0.928,-0.924,-0.952,0.924,-0.888,-0.884,-0.88,-0.92,0.924,0.936,0.92,0.92,0.92,0.924,0.912,0.948,1.048,1.036,-1.064,1.1,1.1,1.104,-0.892,-0.936,0.932,0.94,-0.916,-0.944,-0.956,-0.944,-0.94,-0.932,-0.928,-0.94,0.916,0.924,0.928,0.916,0.92,-0.9,-0.896,-0.9,-0.896,-0.9,0.912,-0.908,-0.92,-0.924,-0.94,1,-0.992,-0.992,-0.992,-1.02,1.004,1.024,1.012,-1.004,-1.024,-1.056,0.92,-0.936,-0.944,-0.94,-0.94,0.964,-0.996,-0.996,0.992,-0.984,-0.992,-0.996,-1,-0.98,-0.976,-0.98,-0.988,-0.98,-0.984,1,1.008,0.944,0.936,0.932,0.932,0.936,0.924,-0.952,0.956,0.936,0.936,0.92,0.904,0.92,0.932,0.936,0.92,0.92,0.948,0.964,-0.948,-0.96,-0.964,0.944,0.904,0.896,-0.916,-0.92,-0.9,-0.888,0.916,0.908,1.052,1.052,1.064,1.072,1.076,-1.068,1.048,1.044,-1.06,1.052,1.04,1.04,1.036,1.024,-1.024,1.016,1.028,1.036,1.072,1.068,1.068,1.064,0.988,0.996,-1.028,-1.004,0.988,-0.98,-0.972,-0.96,-0.952
0.928,0.904,0.908,0.912,0.912,0.924,0.928,-0.948,-0.944,-0.924,-0.932,-0.916,-0.924,-0.92,0.956,0.972,1.024,-1.04,-1.036,1.032,0.912,0.908,0.908,-0.9,-0.92,-0.976,0.968,1.008,1.008,0.94,0.952,0.94,0.936,0.932,0.936,-0.992,-0.984,-0.972,0.956,0.952,-0.948,-0.94,0.936,0.952,-0.936,-0.932,-0.92,-0.92,-0.92,0.92,0.928,0.928,0.936,0.96,0.968,0.972,0.972,0.968,0.972,-0.968,0.92,-0.9,-0.904,0.92,-0.88,-0.892,0.904,0.896,0.924,0.928,0.916,0.908,0.912,0.92,-0.92,-0.96,-0.948,-0.952,-0.956,-0.932,-0.944,-0.948,1,1.004,1.008,1.012,1.032,-1.036,-1.036,-1.032,-1.04,-1.032,-1.024,-1.032,-1.036,-1.008,-0.976,-0.996,-1.008,-0.976,-0.96,-0.956,-0.956,0.924,0.928,0.936,0.92,-0.924,-0.924,0.94,-0.936,0.964,0.96,-0.976,-0.996,0.964,0.956,-1.032,1.028,1.02,1.012,0.996,0.968,0.94,-0.908,-0.92,-0.928,-0.924,-0.952,0.924,-0.888,-0.884,-0.88,-0.92,0.924,0.936,0.92,0.92,0.92,0.924,0.912,0.948,-0.952,-0.964,0.936,-0.9,-0.9,-0.896,-0.892,-0.936,0.932,0.94,-0.916,-0.944,-0.956,-0.944,-0.94,-0.932,-0.928,-0.94,0.916,0.924,0.928,0.916,0.92,-0.9,-0.896,-0.9,-0.896,-0.9,0.912,-0.908,-0.92,-0.924,-0.94,-1,1.008,1.008,1.008,0.98,-0.996,-0.976,-0.988,0.996,0.976,0.944,0.92,-0.936,-0.944,-0.94,-0.94,0.964,-0.996,-0.996,0.992,-0.984,-0.992,-0.996,1,1.02,1.024,1.02,1.012,1.02,1.016,-1,-0.992,0.944,0.936,0.932,0.932,0.936,0.924,-0.952,0.956,0.936,0.936,0.92,0.904,0.92,0.932,0.936,0.92,0.92,-1.052,-1.036,1.052,1.04,-0.964,0.944,0.904,0.896,-0.916,-0.92,-0.9,-0.888,0.916,0.908,1.052,1.052,1.064,1.072,1.076,-1.068,1.048,1.044,-1.06,1.052,1.04,1.04,1.036,1.024,-1.024,1.016,1.028,1.036,1.072,1.068,1.068,1.064,0.988,0.996,-1.028,-1.004,0.988,-0.98,-0.972,-0.96,-0.952
0.928,0.904,0.908,0.912,0.912,0.924,0.928,-0.948,-0.944,-0.924,-0.932,-0.916,-0.924,-0.92,0.956,0.972,1.024,-1.04,-1.036,1.032,-1.088,-1.092,-1.092,1.1,1.08,1.024,-1.032,1.008,1.008,0.94,0.952,0.94,0.936,0.932,0.936,-0.992,-0.984,-0.972,0.956,0.952,1.052,1.06,-1.064,-1.048,1.064,1.068,1.08,1.08,1.08,-1.08,-1.072,-1.072,-1.064,-1.04,-1.032,-1.028,-1.028,-1.032,-1.028,1.032,-1.08,1.1,1.096,-1.08,1.12,1.108,-1.096,-1.104,-1.076,-1.072,-1.084,-1.092,-1.088,-1.08,1.08,1.04,1.052,1.048,1.044,1.068,1.056,1.052,-1,-0.996,-0.992,-0.988,-0.968,0.964,0.964,0.968,0.96,0.968,0.976,0.968,0.964,-1.008,-0.976,-0.996,-1.008,1.024,1.04,1.044,1.044,-1.076,-1.072,-1.064,-1.08,1.076,1.076,-1.06,1.064,-1.036,-1.04,1.024,1.004,-1.036,-1.044,-1.032,1.028,1.02,1.012,0.996,0.968,-1.06,1.092,1.08,1.072,1.076,1.048,-1.076,1.112,1.116,1.12,1.08,-1.076,0.936,0.92,0.92,0.92,0.924,0.912,0.948,1.048,1.036,-1.064,1.1,1.1,1.104,1.108,1.064,-1.068,-1.06,1.084,1.056,1.044,1.056,1.06,1.068,1.072,1.06,-1.084,-1.076,-1.072,-1.084,-1.08,1.1,1.104,1.1,1.104,1.1,-1.088,1.092,1.08,1.076,1.06,-1,1.008,-0.992,-0.992,-1.02,1.004,1.024,1.012,-1.004,-1.024,-1.056,-1.08,1.064,1.056,1.06,1.06,-1.036,1.004,1.004,-1.008,1.016,1.008,1.004,1,1.02,1.024,1.02,1.012,1.02,1.016,-1,-0.992,0.944,-1.064,-1.068,-1.068,-1.064,-1.076,1.048,-1.044,-1.064,-1.064,-1.08,-1.096,-1.08,-1.068,-1.064,-1.08,-1.08,-1.052,0.964,-0.948,-0.96,1.036,-1.056,-1.096,-1.104,1.084,1.08,1.1,1.112,-1.084,-1.092,1.052,1.052,1.064,1.072,1.076,-1.068,1.048,1.044,-1.06,1.052,1.04,1.04,1.036,1.024,-1.024,1.016,1.028,1.036,1.072,1.068,1.068,1.064,0.988,0.996,-1.028,-1.004,0.988,1.02,1.028,1.04,1.048
0.928,0.904,0.908,0.912,-1.088,-1.076,-1.072,1.052,1.056,1.076,1.068,1.084,1.076,1.08,-1.044,-1.028,-0.976,0.96,0.964,-0.968,0.912,0.908,0.908,-0.9,-0.92,-0.976,-1.032,1.008,1.008,0.94,0.952,0.94,0.936,0.932,0.936,-0.992,-0.984,-0.972,0.956,0.952,-0.948,-0.94,0.936,0.952,-0.936,-0.932,-0.92,-0.92,-0.92,0.92,0.928,0.928,0.936,0.96,0.968,0.972,0.972,0.968,0.972,-0.968,0.92,-0.9,-0.904,0.92,-0.88,-0.892,0.904,0.896,0.924,0.928,0.916,0.908,0.912,0.92,-0.92,-0.96,-0.948,-0.952,-0.956,-0.932,-0.944,-0.948,1,1.004,1.008,1.012,1.032,-1.036,-1.036,-1.032,-1.04,-1.032,-1.024,-1.032,-1.036,-1.008,-0.976,-0.996,-1.008,1.024,1.04,1.044,1.044,-1.076,0.928,0.936,0.92,-0.924,-0.924,0.94,-0.936,0.964,0.96,-0.976,1.004,-1.036,-1.044,-1.032,1.028,1.02,1.012,0.996,0.968,0.94,-0.908,-0.92,-0.928,-0.924,-0.952,0.924,-0.888,-0.884,-0.88,-0.92,0.924,-1.064,-1.08,-1.08,-1.08,-1.076,-1.088,-1.052,-0.952,-0.964,0.936,-0.9,-0.9,-0.896,-0.892,-0.936,0.932,0.94,-0.916,-0.944,-0.956,-0.944,-0.94,-0.932,-0.928,-0.94,0.916,0.924,0.928,0.916,0.92,-0.9,-0.896,-0.9,-0.896,-0.9,0.912,-0.908,-0.92,-0.924,-0.94,1,1.008,1.008,1.008,0.98,-0.996,-0.976,-0.988,0.996,0.976,0.944,0.92,-0.936,-0.944,-0.94,-0.94,0.964,-0.996,-0.996,0.992,-0.984,-0.992,-0.996,-1,-0.98,-0.976,-0.98,1.012,1.02,1.016,-1,-0.992,0.944,0.936,0.932,0.932,0.936,0.924,-0.952,0.956,0.936,0.936,0.92,0.904,0.92,0.932,0.936,0.92,0.92,0.948,0.964,-0.948,-0.96,-0.964,0.944,0.904,0.896,-0.916,-0.92,-0.9,-0.888,0.916,0.908,-0.948,-0.948,-0.936,-0.928,-0.924,0.932,-0.952,-0.956,0.94,-0.948,-0.96,-0.96,-0.964,-0.976,0.976,-0.984,-0.972,-0.964,-0.928,-0.932,-0.932,-0.936,0.988,0.996,-1.028,-1.004,0.988,-0.98,-0.972,-0.96,-0.952
0.928,0.904,0.908,0.912,0.912,0.924,0.928,-0.948,-0.944,-0.924,-0.932,-0.916,-0.924,-0.92,-1.044,-1.028,-0.976,0.96,0.964,-0.968,0.912,0.908,0.908,-0.9,-0.92,-0.976,0.968,-0.992,-0.992,-1.06,-1.048,-1.06,-1.064,-1.068,-1.064,1.008,1.016,1.028,-1.044,-1.048,1.052,1.06,0.936,0.952,-0.936,-0.932,-0.92,-0.92,-0.92,0.92,0.928,0.928,0.936,0.96,0.968,-1.028,-1.028,-1.032,-1.028,1.032,-1.08,1.1,1.096,-1.08,1.12,-0.892,0.904,0.896,0.924,0.928,0.916,0.908,0.912,0.92,-0.92,-0.96,-0.948,-0.952,-0.956,-0.932,-0.944,-0.948,1,1.004,1.008,1.012,1.032,-1.036,-1.036,-1.032,-1.04,-1.032,-1.024,-1.032,-1.036,0.992,1.024,1.004,0.992,-0.976,-0.96,-0.956,-0.956,0.924,0.928,0.936,0.92,-0.924,-0.924,0.94,1.064,-1.036,-1.04,1.024,1.004,-1.036,-1.044,-1.032,1.028,1.02,1.012,0.996,0.968,0.94,-0.908,-0.92,-0.928,-0.924,-0.952,0.924,-0.888,-0.884,-0.88,-0.92,0.924,0.936,0.92,0.92,0.92,0.924,0.912,0.948,1.048,1.036,-1.064,1.1,1.1,1.104,1.108,-0.936,0.932,0.94,-0.916,-0.944,-0.956,-0.944,-0.94,-0.932,-0.928,-0.94,0.916,0.924,0.928,0.916,-1.08,1.1,1.104,1.1,1.104,1.1,-1.088,1.092,1.08,1.076,1.06,-1,1.008,1.008,1.008,0.98,-0.996,-0.976,-0.988,0.996,0.976,0.944,0.92,-0.936,-0.944,-0.94,-0.94,0.964,-0.996,-0.996,0.992,-0.984,-0.992,-0.996,-1,-0.98,-0.976,-0.98,-0.988,-0.98,-0.984,1,1.008,-1.056,-1.064,-1.068,-1.068,-1.064,-1.076,-0.952,0.956,0.936,0.936,0.92,0.904,-1.08,-1.068,-1.064,-1.08,-1.08,-1.052,-1.036,1.052,1.04,-0.964,0.944,0.904,0.896,-0.916,-0.92,-0.9,-0.888,0.916,0.908,-0.948,-0.948,-0.936,-0.928,-0.924,0.932,-0.952,-0.956,0.94,-0.948,-0.96,-0.96,-0.964,-0.976,0.976,-0.984,-0.972,-0.964,-0.928,-0.932,-0.932,-0.936,0.988,0.996,-1.028,-1.004,0.988,-0.98,-0.972,-0.96,-0.952
0.928,0.904,0.908,0.912,-1.088,-1.076,-1.072,1.052,1.056,1.076,1.068,1.084,1.076,1.08,-1.044,-1.028,-0.976,0.96,0.964,-0.968,0.912,0.908,0.908,-0.9,-0.92,-0.976,0.968,-0.992,-0.992,0.94,0.952,0.94,0.936,0.932,0.936,-0.992,-0.984,-0.972,0.956,0.952,-0.948,-0.94,0.936,0.952,-0.936,-0.932,-0.92,-0.92,-0.92,0.92,0.928,0.928,0.936,-1.04,-1.032,0.972,0.972,0.968,0.972,-0.968,0.92,-0.9,-0.904,0.92,-0.88,-0.892,0.904,0.896,0.924,0.928,0.916,0.908,0.912,0.92,-0.92,-0.96,-0.948,-0.952,-0.956,-0.932,-0.944,-0.948,1,1.004,1.008,1.012,1.032,-1.036,-1.036,-1.032,-1.04,-1.032,-1.024,-1.032,-1.036,-1.008,-0.976,-0.996,-1.008,1.024,1.04,1.044,1.044,-1.076,0.928,0.936,0.92,-0.924,-0.924,0.94,-0.936,0.964,-1.04,1.024,1.004,-1.036,-1.044,-1.032,1.028,1.02,1.012,0.996,0.968,0.94,-0.908,-0.92,-0.928,-0.924,-0.952,0.924,-0.888,-0.884,-0.88,-0.92,0.924,0.936,0.92,0.92,0.92,0.924,0.912,0.948,1.048,1.036,-1.064,1.1,-0.9,-0.896,-0.892,-0.936,0.932,0.94,-0.916,-0.944,-0.956,-0.944,-0.94,-0.932,-0.928,-0.94,0.916,0.924,-1.072,-1.084,-1.08,1.1,1.104,1.1,1.104,1.1,-1.088,1.092,1.08,1.076,1.06,-1,1.008,1.008,1.008,0.98,-0.996,-0.976,-0.988,0.996,0.976,0.944,0.92,-0.936,-0.944,-0.94,-0.94,0.964,-0.996,-0.996,0.992,-0.984,-0.992,-0.996,-1,-0.98,-0.976,-0.98,-0.988,-0.98,-0.984,1,1.008,0.944,0.936,0.932,0.932,0.936,0.924,-0.952,0.956,0.936,0.936,0.92,0.904,0.92,0.932,0.936,0.92,-1.08,-1.052,-1.036,1.052,1.04,-0.964,0.944,0.904,0.896,-0.916,-0.92,-0.9,-0.888,0.916,0.908,-0.948,-0.948,-0.936,-0.928,-0.924,-1.068,1.048,1.044,-1.06,1.052,1.04,1.04,1.036,1.024,-1.024,1.016,1.028,1.036,1.072,1.068,1.068,1.064,0.988,0.996,-1.028,-1.004,0.988,-0.98,-0.972,-0.96,-0.952
0.928,0.904,0.908,0.912,0.912,0.924,0.928,-0.948,-0.944,-0.924,-0.932,-0.916,-0.924,-0.92,0.956,0.972,1.024,-1.04,-1.036,1.032,-1.088,-1.092,-1.092,-0.9,-0.92,-0.976,0.968,-0.992,-0.992,0.94,0.952,0.94,0.936,0.932,0.936,-0.992,-0.984,-0.972,0.956,0.952,-0.948,-0.94,0.936,0.952,-0.936,-0.932,-0.92,-0.92,-0.92,0.92,0.928,0.928,0.936,0.96,0.968,-1.028,-1.028,-1.032,-1.028,1.032,-1.08,1.1,1.096,-1.08,1.12,1.108,0.904,0.896,0.924,0.928,0.916,0.908,0.912,0.92,-0.92,-0.96,-0.948,-0.952,-0.956,-0.932,-0.944,-0.948,1,1.004,1.008,1.012,1.032,-1.036,-1.036,-1.032,-1.04,-1.032,-1.024,-1.032,-1.036,-1.008,-0.976,-0.996,-1.008,-0.976,-0.96,-0.956,-0.956,0.924,0.928,0.936,0.92,-0.924,-0.924,0.94,-0.936,0.964,0.96,-0.976,-0.996,0.964,0.956,0.968,-0.972,-0.98,-0.988,-1.004,-1.032,-1.06,1.092,1.08,1.072,1.076,1.048,0.924,-0.888,-0.884,-0.88,-0.92,0.924,-1.064,-1.08,-1.08,-1.08,-1.076,-1.088,-1.052,-0.952,-0.964,0.936,-0.9,-0.9,-0.896,-0.892,-0.936,0.932,0.94,-0.916,-0.944,-0.956,-0.944,-0.94,-0.932,-0.928,-0.94,0.916,0.924,0.928,0.916,0.92,-0.9,-0.896,-0.9,-0.896,-0.9,0.912,-0.908,-0.92,-0.924,-0.94,1,-0.992,-0.992,-0.992,-1.02,1.004,1.024,1.012,-1.004,-1.024,-1.056,0.92,-0.936,-0.944,-0.94,-0.94,0.964,-0.996,-0.996,0.992,-0.984,-0.992,-0.996,-1,-0.98,-0.976,-0.98,-0.988,1.02,1.016,-1,-0.992,0.944,0.936,0.932,0.932,0.936,0.924,-0.952,0.956,0.936,0.936,0.92,0.904,0.92,0.932,0.936,0.92,0.92,0.948,0.964,-0.948,-0.96,-0.964,0.944,0.904,0.896,-0.916,-0.92,-0.9,-0.888,0.916,0.908,-0.948,-0.948,-0.936,-0.928,-0.924,0.932,-0.952,-0.956,0.94,1.052,1.04,1.04,1.036,1.024,-1.024,1.016,1.028,1.036,1.072,1.068,1.068,1.064,0.988,0.996,-1.028,-1.004,0.988,-0.98,-0.972,-0.96,-0.952
0.928,0.904,0.908,0.912,0.912,0.924,0.928,1.052,1.056,1.076,1.068,1.084,1.076,1.08,-1.044,-1.028,-0.976,0.96,0.964,-0.968,0.912,0.908,0.908,-0.9,-0.92,-0.976,0.968,-0.992,-0.992,0.94,0.952,0.94,0.936,0.932,0.936,-0.992,-0.984,-0.972,0.956,0.952,-0.948,-0.94,0.936,0.952,-0.936,-0.932,-0.92,-0.92,-0.92,0.92,0.928,0.928,-1.064,-1.04,-1.032,0.972,0.972,0.968,0.972,-0.968,0.92,-0.9,-0.904,0.92,-0.88,-0.892,0.904,0.896,0.924,0.928,0.916,0.908,0.912,0.92,-0.92,-0.96,-0.948,-0.952,-0.956,-0.932,-0.944,-0.948,1,1.004,1.008,-0.988,-0.968,0.964,0.964,0.968,0.96,0.968,0.976,0.968,0.964,0.992,1.024,1.004,0.992,-0.976,-0.96,-0.956,-0.956,0.924,0.928,0.936,0.92,-0.924,-0.924,0.94,-0.936,0.964,0.96,-0.976,-0.996,0.964,0.956,-1.032,1.028,1.02,1.012,0.996,0.968,0.94,-0.908,-0.92,-0.928,-0.924,-0.952,0.924,-0.888,-0.884,-0.88,-0.92,0.924,0.936,0.92,0.92,0.92,0.924,0.912,-1.052,-0.952,-0.964,0.936,-0.9,-0.9,-0.896,-0.892,-0.936,0.932,0.94,-0.916,-0.944,-0.956,-0.944,-0.94,-0.932,-0.928,-0.94,0.916,-1.076,-1.072,-1.084,-1.08,1.1,1.104,1.1,1.104,1.1,-1.088,1.092,1.08,1.076,1.06,-1,1.008,1.008,1.008,0.98,-0.996,-0.976,-0.988,0.996,0.976,0.944,0.92,-0.936,-0.944,-0.94,-0.94,0.964,-0.996,-0.996,-1.008,1.016,1.008,1.004,1,1.02,1.024,1.02,1.012,1.02,1.016,-1,-0.992,0.944,0.936,0.932,0.932,0.936,0.924,-0.952,0.956,0.936,0.936,0.92,0.904,-1.08,-1.068,-1.064,-1.08,-1.08,-1.052,-1.036,1.052,1.04,-0.964,0.944,0.904,0.896,-0.916,-0.92,-0.9,-0.888,0.916,0.908,-0.948,-0.948,-0.936,-0.928,-0.924,0.932,-0.952,-0.956,0.94,-0.948,-0.96,-0.96,-0.964,-0.976,0.976,1.016,1.028,1.036,1.072,1.068,1.068,1.064,0.988,0.996,-1.028,-1.004,0.988,-0.98,-0.972,-0.96,-0.952
0.928,0.904,0.908,0.912,0.912,0.924,0.928,-0.948,-0.944,-0.924,-0.932,-0.916,-0.924,-0.92,0.956,0.972,-0.976,0.96,0.964,-0.968,0.912,0.908,0.908,-0.9,-0.92,-0.976,0.968,-0.992,-0.992,0.94,0.952,0.94,0.936,0.932,0.936,-0.992,-0.984,-0.972,0.956,0.952,-0.948,-0.94,0.936,0.952,-0.936,-0.932,-0.92,-0.92,-0.92,0.92,0.928,0.928,0.936,0.96,0.968,-1.028,-1.028,-1.032,-1.028,-0.968,0.92,-0.9,-0.904,0.92,-0.88,-0.892,0.904,0.896,0.924,0.928,0.916,0.908,0.912,0.92,-0.92,-0.96,-0.948,-0.952,-0.956,-0.932,-0.944,-0.948,1,1.004,1.008,1.012,1.032,-1.036,0.964,0.968,0.96,0.968,0.976,0.968,0.964,0.992,1.024,1.004,0.992,-0.976,-0.96,-0.956,-0.956,0.924,0.928,0.936,0.92,-0.924,-0.924,0.94,-0.936,0.964,0.96,-0.976,-0.996,0.964,0.956,0.968,-0.972,-0.98,-0.988,-1.004,-1.032,-1.06,1.092,1.08,1.072,1.076,1.048,0.924,-0.888,-0.884,-0.88,-0.92,0.924,0.936,0.92,0.92,0.92,0.924,0.912,0.948,1.048,1.036,-1.064,1.1,1.1,-0.896,-0.892,1.064,-1.068,-1.06,1.084,1.056,1.044,1.056,1.06,1.068,1.072,1.06,-1.084,-1.076,-1.072,-1.084,-1.08,1.1,1.104,1.1,1.104,1.1,-1.088,1.092,1.08,1.076,1.06,-1,1.008,1.008,1.008,0.98,-0.996,-0.976,-0.988,0.996,0.976,0.944,0.92,-0.936,-0.944,-0.94,-0.94,0.964,-0.996,-0.996,0.992,-0.984,-0.992,-0.996,-1,-0.98,-0.976,-0.98,-0.988,-0.98,-0.984,1,-0.992,0.944,0.936,0.932,0.932,0.936,0.924,-0.952,0.956,0.936,0.936,0.92,0.904,0.92,0.932,0.936,0.92,0.92,0.948,-1.036,1.052,1.04,-0.964,0.944,0.904,0.896,-0.916,-0.92,-0.9,-0.888,0.916,0.908,-0.948,-0.948,-0.936,-0.928,-0.924,0.932,-0.952,-0.956,0.94,-0.948,-0.96,-0.96,-0.964,-0.976,0.976,-0.984,-0.972,-0.964,-0.928,-0.932,-0.932,-0.936,-1.012,-1.004,0.972,0.996,-1.012,1.02,1.028,1.04,1.048
0.928,0.904,-1.092,-1.088,-1.088,-1.076,-1.072,1.052,1.056,1.076,1.068,1.084,1.076,1.08,-1.044,-1.028,-0.976,0.96,0.964,-0.968,0.912,0.908,0.908,-0.9,-0.92,1.024,-1.032,1.008,1.008,0.94,0.952,0.94,0.936,0.932,0.936,-0.992,-0.984,-0.972,0.956,0.952,-0.948,-0.94,0.936,0.952,-0.936,-0.932,-0.92,-0.92,-0.92,-1.08,-1.072,-1.072,-1.064,-1.04,-1.032,0.972,0.972,0.968,0.972,-0.968,0.92,-0.9,-0.904,0.92,-0.88,-0.892,0.904,0.896,0.924,0.928,0.916,0.908,0.912,0.92,-0.92,-0.96,-0.948,-0.952,-0.956,-0.932,-0.944,-0.948,1,1.004,1.008,1.012,1.032,-1.036,-1.036,-1.032,-1.04,-1.032,-1.024,-1.032,-1.036,-1.008,1.024,1.004,0.992,-0.976,-0.96,-0.956,-0.956,0.924,0.928,0.936,0.92,-0.924,-0.924,0.94,-0.936,0.964,0.96,-0.976,-0.996,0.964,0.956,0.968,-0.972,-0.98,-0.988,-1.004,0.968,0.94,-0.908,-0.92,-0.928,-0.924,-0.952,0.924,-0.888,-0.884,-0.88,-0.92,0.924,-1.064,-1.08,-1.08,-1.08,-1.076,-1.088,-1.052,-0.952,-0.964,0.936,-0.9,-0.9,-0.896,-0.892,-0.936,0.932,0.94,-0.916,-0.944,-0.956,-0.944,-0.94,-0.932,-0.928,-0.94,0.916,0.924,0.928,0.916,0.92,-0.9,-0.896,-0.9,-0.896,-0.9,0.912,-0.908,-0.92,-0.924,-0.94,1,-0.992,-0.992,-0.992,-1.02,1.004,-0.976,-0.988,0.996,0.976,0.944,0.92,-0.936,-0.944,-0.94,-0.94,0.964,-0.996,-0.996,0.992,-0.984,-0.992,-0.996,-1,-0.98,-0.976,1.02,1.012,1.02,1.016,-1,-0.992,0.944,0.936,0.932,0.932,0.936,0.924,-0.952,0.956,0.936,0.936,0.92,0.904,0.92,0.932,0.936,0.92,0.92,-1.052,-1.036,1.052,1.04,-0.964,0.944,0.904,0.896,-0.916,-0.92,-0.9,-0.888,0.916,0.908,-0.948,-0.948,-0.936,-0.928,-0.924,0.932,-0.952,-0.956,0.94,-0.948,-0.96,-0.96,-0.964,-0.976,0.976,-0.984,-0.972,-0.964,-0.928,-0.932,-0.932,-0.936,-1.012,-1.004,0.972,0.996,0.988,-0.98,-0.972,-0.96,-0.952
-1.072,-1.096,-1.092,-1.088,-1.088,-1.076,-1.072,-0.948,-0.944,-0.924,-0.932,-0.916,-0.924,-0.92,0.956,0.972,1.024,-1.04,-1.036,1.032,-1.088,-1.092,-1.092,1.1,1.08,1.024,-1.032,1.008,1.008,0.94,0.952,-1.06,-1.064,-1.068,-1.064,1.008,1.016,1.028,-1.044,-1.048,1.052,1.06,-1.064,-1.048,1.064,1.068,1.08,1.08,1.08,-1.08,-1.072,-1.072,-1.064,-1.04,-1.032,0.972,0.972,0.968,0.972,-0.968,0.92,-0.9,-0.904,0.92,-0.88,-0.892,-1.096,-1.104,-1.076,-1.072,-1.084,-1.092,-1.088,-1.08,1.08,1.04,1.052,1.048,1.044,1.068,1.056,1.052,1,1.004,1.008,1.012,1.032,-1.036,-1.036,-1.032,-1.04,-1.032,-1.024,-1.032,-1.036,-1.008,-0.976,-0.996,-1.008,1.024,1.04,1.044,1.044,-1.076,-1.072,-1.064,-1.08,1.076,1.076,-1.06,1.064,-1.036,-1.04,1.024,1.004,-1.036,-1.044,-1.032,1.028,1.02,1.012,0.996,0.968,0.94,-0.908,-0.92,-0.928,-0.924,-0.952,0.924,-0.888,-0.884,-0.88,1.08,-1.076,0.936,0.92,0.92,0.92,0.924,0.912,0.948,1.048,1.036,-1.064,1.1,1.1,1.104,1.108,1.064,-1.068,-1.06,1.084,1.056,1.044,1.056,1.06,1.068,1.072,1.06,-1.084,-1.076,-1.072,-1.084,-1.08,1.1,1.104,1.1,1.104,1.1,0.912,-0.908,-0.92,-0.924,-0.94,1,-0.992,-0.992,-0.992,-1.02,1.004,1.024,1.012,-1.004,-1.024,-1.056,-1.08,1.064,1.056,1.06,1.06,-1.036,-0.996,-0.996,0.992,-0.984,-0.992,-0.996,-1,-0.98,-0.976,-0.98,-0.988,-0.98,-0.984,1,1.008,-1.056,-1.064,-1.068,-1.068,-1.064,-1.076,1.048,-1.044,-1.064,-1.064,-1.08,-1.096,-1.08,-1.068,-1.064,-1.08,-1.08,-1.052,-1.036,1.052,1.04,1.036,-1.056,-1.096,-1.104,1.084,1.08,1.1,1.112,-1.084,-1.092,1.052,1.052,1.064,1.072,1.076,0.932,-0.952,-0.956,0.94,-0.948,-0.96,-0.96,-0.964,-0.976,0.976,-0.984,-0.972,-0.964,-0.928,-0.932,-0.932,-0.936,-1.012,-1.004,0.972,0.996,-1.012,1.02,1.028,1.04,1.048
0.928,0.904,0.908,0.912,0.912,0.924,0.928,-0.948,-0.944,-0.924,-0.932,-0.916,-0.924,-0.92,0.956,0.972,-0.976,0.96,0.964,-0.968,0.912,0.908,0.908,-0.9,-0.92,-0.976,0.968,-0.992,-0.992,-1.06,-1.048,-1.06,-1.064,-1.068,-1.064,1.008,1.016,1.028,-1.044,-1.048,1.052,1.06,-1.064,-1.048,-0.936,-0.932,-0.92,-0.92,-0.92,0.92,0.928,0.928,0.936,0.96,0.968,-1.028,-1.028,-1.032,-1.028,1.032,-1.08,1.1,1.096,-1.08,1.12,1.108,-1.096,-1.104,-1.076,-1.072,-1.084,-1.092,0.912,0.92,-0.92,-0.96,-0.948,-0.952,-0.956,-0.932,-0.944,-0.948,-1,-0.996,-0.992,-0.988,-0.968,0.964,0.964,0.968,0.96,0.968,0.976,0.968,0.964,0.992,1.024,1.004,0.992,-0.976,-0.96,-0.956,-0.956,0.924,0.928,0.936,0.92,-0.924,-0.924,0.94,-0.936,0.964,0.96,-0.976,-0.996,0.964,0.956,0.968,-0.972,-0.98,-0.988,-1.004,-1.032,-1.06,-0.908,-0.92,-0.928,-0.924,-0.952,0.924,-0.888,-0.884,-0.88,-0.92,0.924,0.936,0.92,0.92,0.92,0.924,0.912,0.948,-0.952,-0.964,0.936,-0.9,-0.9,-0.896,-0.892,-0.936,0.932,0.94,-0.916,-0.944,-0.956,-0.944,-0.94,-0.932,-0.928,-0.94,0.916,0.924,0.928,0.916,0.92,-0.9,-0.896,-0.9,-0.896,-0.9,0.912,-0.908,-0.92,-0.924,1.06,-1,1.008,1.008,1.008,0.98,-0.996,-0.976,-0.988,0.996,0.976,0.944,0.92,-0.936,-0.944,-0.94,-0.94,-1.036,1.004,1.004,-1.008,1.016,1.008,1.004,1,1.02,1.024,1.02,1.012,1.02,1.016,-1,-0.992,0.944,0.936,0.932,0.932,0.936,0.924,-0.952,0.956,0.936,0.936,0.92,0.904,0.92,0.932,0.936,0.92,0.92,0.948,0.964,-0.948,-0.96,-0.964,0.944,0.904,0.896,-0.916,-0.92,-0.9,-0.888,0.916,0.908,-0.948,-0.948,-0.936,-0.928,-0.924,0.932,-0.952,-0.956,0.94,-0.948,-0.96,-0.96,-0.964,1.024,-1.024,1.016,1.028,1.036,1.072,1.068,1.068,1.064,0.988,0.996,-1.028,-1.004,0.988,-0.98,-0.972,-0.96,-0.952
0.928,0.904,0.908,0.912,0.912,0.924,0.928,-0.948,-0.944,-0.924,-0.932,-0.916,-0.924,-0.92,0.956,0.972,1.024,-1.04,-1.036,1.032,0.912,0.908,0.908,-0.9,-0.92,-0.976,0.968,-0.992,-0.992,-1.06,-1.048,-1.06,-1.064,-1.068,-1.064,1.008,1.016,1.028,-1.044,-1.048,1.052,1.06,-1.064,-1.048,-0.936,-0.932,-0.92,-0.92,-0.92,0.92,0.928,0.928,0.936,0.96,0.968,0.972,0.972,0.968,0.972,-0.968,0.92,-0.9,-0.904,0.92,-0.88,-0.892,0.904,0.896,0.924,0.928,0.916,0.908,0.912,0.92,-0.92,-0.96,-0.948,-0.952,-0.956,1.068,1.056,1.052,-1,-0.996,-0.992,-0.988,-0.968,0.964,0.964,0.968,0.96,0.968,0.976,0.968,0.964,0.992,1.024,1.004,0.992,-0.976,-0.96,-0.956,-0.956,0.924,0.928,0.936,0.92,-0.924,-0.924,0.94,1.064,-1.036,-1.04,1.024,1.004,-1.036,-1.044,-1.032,1.028,1.02,1.012,0.996,0.968,0.94,-0.908,-0.92,-0.928,-0.924,-0.952,0.924,-0.888,-0.884,-0.88,-0.92,0.924,-1.064,-1.08,-1.08,-1.08,-1.076,-1.088,-1.052,-0.952,-0.964,0.936,-0.9,-0.9,-0.896,-0.892,-0.936,0.932,0.94,-0.916,-0.944,-0.956,-0.944,-0.94,-0.932,-0.928,-0.94,0.916,0.924,0.928,0.916,0.92,-0.9,-0.896,-0.9,-0.896,-0.9,0.912,1.092,1.08,1.076,1.06,-1,1.008,1.008,1.008,0.98,-0.996,-0.976,-0.988,0.996,0.976,0.944,0.92,-0.936,-0.944,-0.94,-0.94,-1.036,1.004,1.004,-1.008,1.016,1.008,1.004,1,1.02,1.024,1.02,1.012,1.02,1.016,-1,-0.992,0.944,0.936,0.932,0.932,0.936,0.924,-0.952,0.956,0.936,0.936,0.92,0.904,0.92,0.932,0.936,0.92,0.92,0.948,0.964,-0.948,-0.96,-0.964,0.944,0.904,0.896,-0.916,-0.92,-0.9,-0.888,0.916,0.908,1.052,1.052,1.064,1.072,1.076,-1.068,1.048,1.044,-1.06,1.052,1.04,1.04,1.036,1.024,-1.024,1.016,1.028,1.036,1.072,1.068,1.068,1.064,0.988,0.996,-1.028,-1.004,0.988,-0.98,-0.972,-0.96,-0.952
0.928,0.904,0.908,0.912,-1.088,-1.076,-1.072,1.052,1.056,1.076,1.068,1.084,1.076,1.08,-1.044,-1.028,-0.976,0.96,0.964,-0.968,0.912,0.908,0.908,-0.9,-0.92,-0.976,0.968,1.008,1.008,0.94,0.952,0.94,0.936,0.932,0.936,-0.992,-0.984,-0.972,0.956,0.952,-0.948,-0.94,0.936,0.952,-0.936,-0.932,-0.92,-0.92,-0.92,0.92,0.928,0.928,0.936,0.96,0.968,-1.028,0.972,0.968,0.972,-0.968,0.92,-0.9,-0.904,0.92,-0.88,-0.892,0.904,0.896,0.924,0.928,0.916,0.908,0.912,0.92,-0.92,-0.96,-0.948,-0.952,-0.956,-0.932,-0.944,-0.948,1,1.004,1.008,1.012,1.032,-1.036,-1.036,-1.032,-1.04,-1.032,-1.024,-1.032,-1.036,-1.008,-0.976,-0.996,-1.008,1.024,1.04,1.044,1.044,0.924,0.928,0.936,0.92,-0.924,-0.924,0.94,-0.936,0.964,0.96,-0.976,-0.996,0.964,0.956,0.968,-0.972,-0.98,-0.988,-1.004,-1.032,0.94,-0.908,-0.92,-0.928,-0.924,-0.952,0.924,-0.888,-0.884,-0.88,-0.92,0.924,0.936,0.92,0.92,0.92,0.924,0.912,0.948,1.048,1.036,-1.064,1.1,1.1,1.104,-0.892,-0.936,0.932,0.94,-0.916,-0.944,-0.956,-0.944,-0.94,1.068,1.072,1.06,-1.084,-1.076,-1.072,-1.084,-1.08,1.1,1.104,1.1,1.104,1.1,-1.088,1.092,1.08,1.076,1.06,-1,1.008,1.008,1.008,0.98,-0.996,-0.976,-0.988,0.996,0.976,0.944,0.92,-0.936,-0.944,-0.94,-0.94,0.964,-0.996,-0.996,0.992,-0.984,-0.992,-0.996,-1,-0.98,-0.976,-0.98,-0.988,-0.98,-0.984,1,1.008,0.944,0.936,0.932,0.932,0.936,0.924,-0.952,0.956,0.936,0.936,0.92,0.904,0.92,0.932,0.936,0.92,0.92,-1.052,-1.036,1.052,1.04,-0.964,0.944,0.904,0.896,-0.916,-0.92,-0.9,-0.888,0.916,0.908,1.052,1.052,1.064,1.072,1.076,-1.068,1.048,1.044,-1.06,1.052,1.04,1.04,1.036,1.024,-1.024,1.016,1.028,1.036,1.072,1.068,1.068,1.064,0.988,0.996,-1.028,-1.004,0.988,-0.98,-0.972,-0.96,-0.952
0.928,0.904,0.908,0.912,0.912,0.924,0.928,-0.948,-0.944,-0.924,-0.932,-0.916,-0.924,-0.92,0.956,0.972,1.024,-1.04,-1.036,1.032,-1.088,-1.092,-1.092,1.1,1.08,1.024,-1.032,1.008,1.008,0.94,0.952,0.94,0.936,0.932,0.936,1.008,1.016,1.028,-1.044,-1.048,1.052,1.06,-1.064,-1.048,1.064,1.068,1.08,1.08,1.08,-1.08,-1.072,-1.072,-1.064,-1.04,-1.032,0.972,0.972,0.968,0.972,-0.968,0.92,-0.9,-0.904,0.92,1.12,1.108,-1.096,-1.104,-1.076,-1.072,-1.084,-1.092,-1.088,-1.08,1.08,1.04,1.052,1.048,1.044,1.068,1.056,1.052,-1,-0.996,-0.992,-0.988,-0.968,0.964,0.964,0.968,0.96,0.968,0.976,0.968,0.964,0.992,1.024,1.004,0.992,-0.976,-0.96,-0.956,-0.956,0.924,0.928,-1.064,-1.08,1.076,1.076,-1.06,1.064,-1.036,-1.04,1.024,1.004,-1.036,-1.044,-1.032,1.028,1.02,1.012,0.996,0.968,0.94,1.092,1.08,1.072,1.076,1.048,-1.076,1.112,1.116,1.12,1.08,-1.076,-1.064,-1.08,-1.08,-1.08,-1.076,-1.088,-1.052,-0.952,-0.964,0.936,-0.9,-0.9,-0.896,1.108,1.064,-1.068,0.94,-0.916,-0.944,-0.956,-0.944,-0.94,-0.932,-0.928,-0.94,0.916,0.924,0.928,0.916,0.92,-0.9,-0.896,-0.9,-0.896,-0.9,0.912,-0.908,-0.92,-0.924,-0.94,1,-0.992,-0.992,-0.992,-1.02,1.004,1.024,1.012,-1.004,-1.024,-1.056,-1.08,1.064,1.056,1.06,1.06,-1.036,-0.996,-0.996,0.992,-0.984,-0.992,-0.996,-1,-0.98,-0.976,-0.98,-0.988,-0.98,-0.984,1,1.008,-1.056,-1.064,-1.068,-1.068,-1.064,-1.076,1.048,-1.044,-1.064,-1.064,-1.08,-1.096,-1.08,-1.068,-1.064,-1.08,-1.08,-1.052,-1.036,1.052,1.04,-0.964,0.944,0.904,0.896,-0.916,-0.92,-0.9,-0.888,-1.084,-1.092,1.052,1.052,1.064,1.072,1.076,0.932,-0.952,-0.956,0.94,-0.948,-0.96,-0.96,-0.964,-0.976,0.976,-0.984,-0.972,-0.964,-0.928,-0.932,-0.932,-0.936,-1.012,-1.004,0.972,0.996,-1.012,1.02,1.028,1.04,1.048
0.928,0.904,0.908,0.912,0.912,0.924,0.928,-0.948,-0.944,-0.924,-0.932,-0.916,-0.924,1.08,-1.044,-1.028,-0.976,0.96,0.964,-0.968,0.912,0.908,0.908,-0.9,-0.92,-0.976,0.968,-0.992,-0.992,0.94,0.952,0.94,0.936,0.932,0.936,-0.992,-0.984,-0.972,0.956,0.952,-0.948,-0.94,0.936,0.952,-0.936,-0.932,-0.92,-0.92,-0.92,0.92,0.928,0.928,0.936,0.96,0.968,-1.028,-1.028,-1.032,-1.028,1.032,-1.08,1.1,1.096,-1.08,1.12,1.108,-1.096,-1.104,-1.076,-1.072,-1.084,-1.092,-1.088,-1.08,-0.92,-0.96,-0.948,-0.952,-0.956,-0.932,-0.944,-0.948,1,1.004,1.008,1.012,1.032,-1.036,-1.036,-1.032,-1.04,-1.032,-1.024,-1.032,-1.036,-1.008,-0.976,-0.996,-1.008,1.024,1.04,1.044,1.044,0.924,0.928,0.936,0.92,-0.924,-0.924,0.94,-0.936,0.964,0.96,-0.976,-0.996,0.964,0.956,0.968,-0.972,-0.98,-0.988,-1.004,-1.032,-1.06,-0.908,-0.92,-0.928,-0.924,-0.952,0.924,-0.888,-0.884,-0.88,-0.92,0.924,-1.064,-1.08,-1.08,-1.08,-1.076,-1.088,-1.052,-0.952,-0.964,0.936,-0.9,-0.9,-0.896,-0.892,-0.936,0.932,0.94,-0.916,-0.944,-0.956,-0.944,-0.94,-0.932,-0.928,-0.94,0.916,0.924,0.928,0.916,0.92,-0.9,-0.896,-0.9,-0.896,-0.9,0.912,1.092,1.08,1.076,1.06,-1,1.008,1.008,1.008,0.98,-0.996,-0.976,-0.988,0.996,0.976,0.944,0.92,-0.936,-0.944,-0.94,-0.94,0.964,-0.996,-0.996,0.992,-0.984,-0.992,-0.996,-1,-0.98,-0.976,-0.98,-0.988,-0.98,-0.984,1,1.008,0.944,0.936,0.932,0.932,0.936,0.924,-0.952,0.956,0.936,0.936,0.92,0.904,0.92,0.932,0.936,0.92,0.92,0.948,0.964,-0.948,-0.96,1.036,-1.056,-1.096,-1.104,1.084,-0.92,-0.9,-0.888,0.916,0.908,-0.948,-0.948,-0.936,-0.928,-0.924,0.932,-0.952,-0.956,0.94,-0.948,-0.96,-0.96,-0.964,-0.976,0.976,-0.984,-0.972,-0.964,-0.928,-0.932,-0.932,1.064,0.988,0.996,-1.028,-1.004,0.988,-0.98,-0.972,-0.96,-0.952
0.928,0.904,0.908,0.912,-1.088,-1.076,-1.072,1.052,1.056,1.076,1.068,1.084,1.076,1.08,-1.044,-1.028,-0.976,0.96,0.964,-0.968,0.912,0.908,0.908,-0.9,-0.92,-0.976,-1.032,1.008,1.008,0.94,0.952,0.94,0.936,0.932,0.936,-0.992,-0.984,-0.972,0.956,0.952,-0.948,-0.94,0.936,0.952,-0.936,-0.932,-0.92,-0.92,-0.92,0.92,0.928,0.928,0.936,0.96,0.968,-1.028,-1.028,-1.032,-1.028,-0.968,0.92,-0.9,-0.904,0.92,-0.88,-0.892,0.904,0.896,0.924,0.928,0.916,0.908,0.912,0.92,-0.92,-0.96,-0.948,-0.952,-0.956,-0.932,-0.944,-0.948,1,1.004,1.008,1.012,1.032,-1.036,-1.036,0.968,0.96,0.968,0.976,0.968,0.964,0.992,1.024,1.004,0.992,-0.976,-0.96,-0.956,-0.956,0.924,0.928,0.936,0.92,-0.924,-0.924,0.94,-0.936,0.964,0.96,-0.976,-0.996,0.964,0.956,0.968,1.028,1.02,1.012,0.996,0.968,0.94,-0.908,-0.92,-0.928,-0.924,-0.952,0.924,-0.888,-0.884,-0.88,-0.92,0.924,-1.064,-1.08,-1.08,-1.08,-1.076,-1.088,-1.052,-0.952,-0.964,0.936,-0.9,-0.9,-0.896,-0.892,-0.936,0.932,0.94,-0.916,-0.944,-0.956,-0.944,-0.94,-0.932,-0.928,-0.94,0.916,0.924,0.928,0.916,0.92,-0.9,-0.896,-0.9,-0.896,-0.9,0.912,-0.908,-0.92,-0.924,-0.94,1,-0.992,-0.992,-0.992,-1.02,1.004,1.024,1.012,-1.004,-1.024,0.944,0.92,-0.936,-0.944,-0.94,-0.94,0.964,-0.996,-0.996,0.992,-0.984,-0.992,-0.996,-1,-0.98,-0.976,-0.98,-0.988,-0.98,-0.984,1,-0.992,0.944,0.936,0.932,0.932,0.936,0.924,-0.952,0.956,0.936,0.936,0.92,0.904,0.92,0.932,0.936,0.92,0.92,0.948,0.964,-0.948,-0.96,-0.964,0.944,0.904,0.896,-0.916,-0.92,-0.9,-0.888,0.916,0.908,-0.948,-0.948,-0.936,-0.928,1.076,-1.068,1.048,1.044,-1.06,1.052,1.04,1.04,1.036,1.024,-1.024,1.016,1.028,1.036,1.072,1.068,1.068,1.064,0.988,0.996,-1.028,-1.004,0.988,-0.98,-0.972,-0.96,-0.952
-1.072,-1.096,-1.092,-1.088,0.912,0.924,0.928,-0.948,-0.944,-0.924,-0.932,-0.916,-0.924,-0.92,0.956,0.972,1.024,-1.04,-1.036,1.032,-1.088,-1.092,-1.092,1.1,1.08,1.024,-1.032,1.008,1.008,0.94,0.952,0.94,0.936,0.932,0.936,-0.992,-0.984,-0.972,0.956,0.952,-0.948,-0.94,0.936,0.952,-0.936,-0.932,-0.92,1.08,1.08,-1.08,-1.072,-1.072,-1.064,-1.04,-1.032,0.972,0.972,0.968,0.972,-0.968,0.92,-0.9,-0.904,0.92,-0.88,-0.892,0.904,0.896,0.924,0.928,0.916,0.908,-1.088,-1.08,1.08,1.04,1.052,1.048,1.044,1.068,1.056,1.052,-1,-0.996,-0.992,-0.988,-0.968,0.964,0.964,0.968,0.96,0.968,0.976,0.968,0.964,0.992,1.024,1.004,0.992,-0.976,-0.96,-0.956,-0.956,0.924,-1.072,-1.064,-1.08,1.076,1.076,-1.06,1.064,0.964,0.96,-0.976,-0.996,0.964,0.956,0.968,-0.972,-0.98,-0.988,-1.004,-1.032,-1.06,1.092,1.08,1.072,1.076,1.048,-1.076,1.112,1.116,1.12,1.08,-1.076,-1.064,-1.08,-1.08,-1.08,-1.076,-1.088,-1.052,1.048,1.036,-1.064,1.1,1.1,1.104,1.108,1.064,-1.068,-1.06,1.084,1.056,1.044,1.056,1.06,1.068,1.072,1.06,-1.084,-1.076,-1.072,-1.084,-1.08,1.1,1.104,1.1,1.104,1.1,-1.088,1.092,1.08,1.076,-0.94,1,-0.992,-0.992,-0.992,-1.02,1.004,1.024,1.012,-1.004,-1.024,-1.056,-1.08,1.064,1.056,1.06,1.06,0.964,-0.996,-0.996,0.992,-0.984,-0.992,-0.996,-1,-0.98,-0.976,-0.98,-0.988,-0.98,-0.984,1,1.008,-1.056,-1.064,-1.068,-1.068,-1.064,-1.076,1.048,-1.044,-1.064,-1.064,-1.08,-1.096,-1.08,-1.068,-1.064,-1.08,-1.08,-1.052,-1.036,1.052,1.04,-0.964,0.944,0.904,-1.104,1.084,1.08,1.1,1.112,-1.084,-1.092,1.052,1.052,1.064,1.072,1.076,-1.068,1.048,1.044,-1.06,1.052,1.04,1.04,1.036,1.024,-1.024,1.016,-0.972,-0.964,-0.928,-0.932,-0.932,-0.936,-1.012,-1.004,0.972,0.996,-1.012,1.02,1.028,1.04,1.048
0.928,0.904,0.908,0.912,0.912,0.924,0.928,-0.948,-0.944,-0.924,-0.932,-0.916,-0.924,-0.92,0.956,0.972,1.024,-1.04,-1.036,-0.968,0.912,0.908,0.908,-0.9,-0.92,-0.976,0.968,-0.992,-0.992,0.94,0.952,0.94,0.936,0.932,0.936,-0.992,-0.984,-0.972,0.956,0.952,-0.948,-0.94,0.936,0.952,-0.936,-0.932,-0.92,-0.92,-0.92,0.92,0.928,0.928,0.936,0.96,0.968,-1.028,-1.028,-1.032,0.972,-0.968,0.92,-0.9,-0.904,0.92,-0.88,-0.892,0.904,0.896,0.924,0.928,0.916,0.908,0.912,0.92,-0.92,-0.96,-0.948,-0.952,-0.956,-0.932,-0.944,-0.948,1,1.004,1.008,1.012,1.032,-1.036,-1.036,-1.032,-1.04,-1.032,-1.024,-1.032,-1.036,-1.008,-0.976,-0.996,-1.008,1.024,1.04,1.044,1.044,0.924,0.928,0.936,0.92,-0.924,-0.924,0.94,-0.936,0.964,0.96,-0.976,-0.996,0.964,0.956,0.968,-0.972,1.02,1.012,0.996,0.968,0.94,-0.908,-0.92,-0.928,-0.924,-0.952,0.924,-0.888,-0.884,-0.88,-0.92,0.924,0.936,0.92,0.92,0.92,0.924,0.912,0.948,1.048,1.036,-1.064,-0.9,-0.9,-0.896,-0.892,-0.936,0.932,0.94,-0.916,-0.944,-0.956,-0.944,-0.94,-0.932,-0.928,-0.94,0.916,0.924,0.928,0.916,0.92,-0.9,-0.896,-0.9,-0.896,-0.9,0.912,-0.908,-0.92,-0.924,-0.94,1,-0.992,-0.992,-0.992,-1.02,1.004,-0.976,-0.988,0.996,0.976,0.944,0.92,-0.936,-0.944,-0.94,-0.94,0.964,-0.996,-0.996,0.992,-0.984,-0.992,-0.996,-1,-0.98,-0.976,-0.98,-0.988,-0.98,-0.984,1,1.008,-1.056,-1.064,-1.068,-1.068,-1.064,0.924,-0.952,0.956,0.936,0.936,0.92,0.904,0.92,0.932,0.936,0.92,0.92,-1.052,-1.036,1.052,1.04,-0.964,0.944,0.904,0.896,-0.916,-0.92,-0.9,-0.888,0.916,0.908,1.052,1.052,1.064,1.072,1.076,-1.068,1.048,1.044,-1.06,1.052,1.04,1.04,1.036,1.024,-1.024,1.016,1.028,1.036,1.072,1.068,1.068,1.064,0.988,0.996,-1.028,-1.004,0.988,-0.98,-0.972,-0.96,-0.952
0.928,0.904,0.908,0.912,0.912,0.924,0.928,1.052,1.056,1.076,1.068,1.084,1.076,1.08,-1.044,-1.028,-0.976,0.96,0.964,-0.968,0.912,0.908,0.908,-0.9,-0.92,-0.976,0.968,-0.992,-0.992,-1.06,-1.048,-1.06,-1.064,-1.068,-1.064,1.008,-0.984,-0.972,0.956,0.952,-0.948,-0.94,0.936,0.952,-0.936,-0.932,-0.92,-0.92,-0.92,0.92,0.928,0.928,0.936,0.96,0.968,-1.028,-1.028,-1.032,-1.028,1.032,-1.08,1.1,1.096,0.92,-0.88,-0.892,0.904,0.896,0.924,0.928,0.916,0.908,0.912,0.92,-0.92,-0.96,-0.948,-0.952,-0.956,-0.932,-0.944,-0.948,1,1.004,1.008,1.012,1.032,-1.036,-1.036,-1.032,-1.04,-1.032,-1.024,-1.032,-1.036,-1.008,-0.976,-0.996,-1.008,1.024,1.04,1.044,1.044,0.924,0.928,0.936,0.92,-0.924,-0.924,0.94,-0.936,0.964,0.96,-0.976,-0.996,0.964,0.956,0.968,-0.972,-0.98,-0.988,-1.004,-1.032,-1.06,1.092,1.08,1.072,1.076,1.048,0.924,-0.888,-0.884,-0.88,-0.92,0.924,0.936,0.92,0.92,0.92,0.924,0.912,0.948,-0.952,-0.964,0.936,-0.9,-0.9,-0.896,-0.892,-0.936,0.932,0.94,-0.916,-0.944,-0.956,-0.944,-0.94,-0.932,-0.928,-0.94,0.916,-1.076,-1.072,-1.084,-1.08,1.1,1.104,1.1,1.104,1.1,-1.088,1.092,1.08,1.076,1.06,-1,1.008,1.008,1.008,0.98,-0.996,-0.976,-0.988,0.996,0.976,0.944,0.92,-0.936,-0.944,-0.94,-0.94,0.964,-0.996,-0.996,0.992,1.016,1.008,1.004,1,1.02,1.024,1.02,1.012,1.02,1.016,-1,-0.992,0.944,0.936,0.932,0.932,0.936,0.924,-0.952,0.956,0.936,0.936,0.92,0.904,0.92,0.932,0.936,0.92,0.92,-1.052,-1.036,1.052,1.04,-0.964,0.944,0.904,0.896,-0.916,-0.92,-0.9,-0.888,0.916,0.908,-0.948,-0.948,-0.936,-0.928,-0.924,0.932,-0.952,-0.956,0.94,-0.948,-0.96,-0.96,-0.964,-0.976,0.976,-0.984,-0.972,-0.964,-0.928,-0.932,-0.932,-0.936,-1.012,-1.004,0.972,0.996,-1.012,1.02,1.028,1.04,1.048
0.928,0.904,0.908,0.912,0.912,0.924,0.928,-0.948,-0.944,-0.924,-0.932,-0.916,-0.924,-0.92,0.956,0.972,1.024,-1.04,-1.036,1.032,0.912,0.908,0.908,-0.9,-0.92,-0.976,0.968,-0.992,-0.992,-1.06,-1.048,-1.06,-1.064,-1.068,-1.064,1.008,1.016,1.028,-1.044,-1.048,1.052,1.06,-1.064,-1.048,1.064,1.068,1.08,1.08,-0.92,0.92,0.928,0.928,0.936,0.96,0.968,-1.028,-1.028,-1.032,-1.028,1.032,-1.08,1.1,1.096,-1.08,-0.88,-0.892,0.904,0.896,0.924,0.928,0.916,0.908,0.912,0.92,-0.92,-0.96,-0.948,-0.952,-0.956,-0.932,-0.944,-0.948,1,1.004,1.008,1.012,1.032,-1.036,-1.036,-1.032,-1.04,-1.032,-1.024,-1.032,-1.036,0.992,1.024,1.004,0.992,-0.976,-0.96,-0.956,-0.956,0.924,0.928,0.936,0.92,-0.924,-0.924,0.94,-0.936,0.964,0.96,-0.976,-0.996,-1.036,-1.044,-1.032,1.028,1.02,1.012,0.996,0.968,0.94,-0.908,-0.92,-0.928,-0.924,-0.952,0.924,-0.888,-0.884,-0.88,-0.92,0.924,0.936,0.92,0.92,0.92,0.924,0.912,-1.052,-0.952,-0.964,0.936,-0.9,-0.9,-0.896,-0.892,-0.936,0.932,0.94,-0.916,-0.944,-0.956,-0.944,-0.94,-0.932,-0.928,-0.94,0.916,0.924,0.928,0.916,0.92,-0.9,-0.896,-0.9,-0.896,-0.9,0.912,1.092,1.08,1.076,1.06,-1,1.008,1.008,1.008,0.98,-0.996,-0.976,-0.988,0.996,0.976,0.944,0.92,-0.936,-0.944,-0.94,-0.94,0.964,1.004,1.004,-1.008,1.016,1.008,1.004,1,1.02,1.024,1.02,1.012,1.02,1.016,-1,-0.992,0.944,0.936,0.932,0.932,0.936,0.924,-0.952,0.956,0.936,0.936,0.92,0.904,0.92,0.932,0.936,0.92,0.92,0.948,0.964,-0.948,-0.96,-0.964,0.944,0.904,0.896,-0.916,-0.92,-0.9,-0.888,0.916,0.908,-0.948,-0.948,-0.936,-0.928,-0.924,0.932,-0.952,-0.956,0.94,-0.948,-0.96,-0.96,-0.964,-0.976,0.976,1.016,1.028,1.036,1.072,1.068,1.068,1.064,0.988,0.996,-1.028,-1.004,0.988,-0.98,-0.972,-0.96,-0.952
0.928,0.904,0.908,0.912,-1.088,-1.076,-1.072,1.052,1.056,1.076,1.068,1.084,1.076,1.08,-1.044,-1.028,-0.976,0.96,0.964,-0.968,0.912,0.908,0.908,-0.9,-0.92,1.024,-1.032,1.008,1.008,0.94,0.952,0.94,0.936,0.932,0.936,-0.992,-0.984,-0.972,0.956,0.952,-0.948,-0.94,0.936,0.952,-0.936,-0.932,-0.92,-0.92,-0.92,0.92,0.928,0.928,0.936,0.96,0.968,0.972,0.972,0.968,0.972,-0.968,0.92,-0.9,-0.904,0.92,-0.88,-0.892,0.904,0.896,0.924,0.928,0.916,0.908,0.912,0.92,-0.92,-0.96,-0.948,-0.952,-0.956,-0.932,-0.944,-0.948,1,1.004,1.008,1.012,1.032,-1.036,-1.036,-1.032,-1.04,-1.032,-1.024,-1.032,-1.036,-1.008,1.024,1.004,0.992,-0.976,-0.96,-0.956,-0.956,0.924,0.928,0.936,0.92,-0.924,-0.924,0.94,-0.936,0.964,0.96,-0.976,-0.996,0.964,0.956,0.968,-0.972,-0.98,-0.988,-1.004,-1.032,-1.06,1.092,1.08,1.072,1.076,1.048,-1.076,-0.888,-0.884,-0.88,-0.92,0.924,0.936,0.92,0.92,0.92,0.924,0.912,0.948,-0.952,-0.964,0.936,-0.9,-0.9,-0.896,-0.892,-0.936,0.932,0.94,-0.916,1.056,1.044,1.056,1.06,1.068,1.072,1.06,-1.084,-1.076,-1.072,-1.084,-1.08,1.1,1.104,1.1,1.104,1.1,-1.088,1.092,1.08,1.076,1.06,-1,1.008,1.008,1.008,0.98,-0.996,-0.976,-0.988,0.996,0.976,0.944,0.92,-0.936,-0.944,-0.94,-0.94,0.964,-0.996,-0.996,0.992,1.016,1.008,1.004,1,1.02,1.024,1.02,1.012,1.02,1.016,-1,-0.992,0.944,0.936,0.932,0.932,0.936,0.924,-0.952,0.956,0.936,0.936,0.92,0.904,-1.08,-1.068,-1.064,-1.08,-1.08,-1.052,-1.036,1.052,1.04,-0.964,0.944,0.904,0.896,-0.916,-0.92,-0.9,-0.888,0.916,0.908,-0.948,-0.948,-0.936,-0.928,-0.924,0.932,-0.952,-0.956,0.94,-0.948,-0.96,-0.96,-0.964,-0.976,0.976,-0.984,-0.972,-0.964,-0.928,-0.932,-0.932,-0.936,-1.012,-1.004,0.972,0.996,0.988,-0.98,-0.972,-0.96,-0.952
0.928,0.904,0.908,0.912,0.912,0.924,0.928,-0.948,-0.944,-0.924,-0.932,-0.916,-0.924,1.08,-1.044,-1.028,-0.976,0.96,0.964,-0.968,0.912,0.908,0.908,-0.9,-0.92,-0.976,0.968,-0.992,-0.992,-1.06,-1.048,0.94,0.936,0.932,0.936,-0.992,-0.984,-0.972,0.956,0.952,-0.948,-0.94,0.936,0.952,-0.936,-0.932,-0.92,-0.92,-0.92,0.92,0.928,0.928,0.936,0.96,0.968,0.972,0.972,0.968,0.972,-0.968,0.92,-0.9,-0.904,0.92,-0.88,-0.892,0.904,0.896,0.924,0.928,0.916,0.908,0.912,0.92,-0.92,-0.96,-0.948,-0.952,-0.956,-0.932,-0.944,-0.948,1,1.004,1.008,1.012,1.032,-1.036,-1.036,-1.032,-1.04,-1.032,-1.024,-1.032,-1.036,0.992,1.024,1.004,0.992,-0.976,-0.96,-0.956,-0.956,0.924,0.928,0.936,0.92,-0.924,-0.924,0.94,-0.936,0.964,-1.04,1.024,1.004,-1.036,-1.044,-1.032,1.028,1.02,1.012,0.996,0.968,0.94,-0.908,-0.92,-0.928,-0.924,-0.952,0.924,-0.888,-0.884,-0.88,-0.92,0.924,0.936,0.92,0.92,0.92,0.924,0.912,0.948,-0.952,-0.964,0.936,-0.9,-0.9,-0.896,-0.892,-0.936,0.932,0.94,-0.916,-0.944,-0.956,-0.944,-0.94,-0.932,-0.928,-0.94,0.916,0.924,0.928,0.916,0.92,-0.9,-0.896,-0.9,-0.896,-0.9,0.912,1.092,1.08,1.076,1.06,-1,1.008,1.008,1.008,0.98,-0.996,-0.976,-0.988,0.996,0.976,0.944,0.92,-0.936,-0.944,-0.94,-0.94,0.964,-0.996,-0.996,0.992,-0.984,-0.992,-0.996,-1,-0.98,-0.976,-0.98,-0.988,-0.98,-0.984,-1,-0.992,0.944,0.936,0.932,0.932,0.936,0.924,-0.952,0.956,0.936,0.936,0.92,0.904,0.92,0.932,0.936,0.92,0.92,0.948,-1.036,1.052,1.04,-0.964,0.944,0.904,0.896,-0.916,-0.92,-0.9,-0.888,0.916,0.908,-0.948,-0.948,-0.936,-0.928,-0.924,0.932,-0.952,-0.956,0.94,-0.948,-0.96,-0.96,-0.964,1.024,-1.024,1.016,1.028,1.036,1.072,1.068,1.068,1.064,0.988,0.996,-1.028,-1.004,0.988,-0.98,-0.972,-0.96,-0.952
-1.072,-1.096,-1.092,-1.088,-1.088,-1.076,-1.072,1.052,1.056,1.076,1.068,1.084,1.076,1.08,-1.044,-1.028,1.024,-1.04,-1.036,1.032,-1.088,-1.092,-1.092,1.1,1.08,1.024,-1.032,1.008,1.008,-1.06,-1.048,-1.06,-1.064,-1.068,-1.064,1.008,1.016,1.028,-1.044,-1.048,1.052,1.06,-1.064,-1.048,1.064,1.068,1.08,1.08,1.08,-1.08,-1.072,-1.072,-1.064,0.96,0.968,-1.028,-1.028,-1.032,-1.028,1.032,-1.08,1.1,1.096,-1.08,1.12,1.108,-1.096,-1.104,-1.076,-1.072,-1.084,-1.092,-1.088,-1.08,1.08,1.04,1.052,1.048,1.044,1.068,1.056,1.052,-1,-0.996,-0.992,-0.988,-0.968,0.964,0.964,0.968,0.96,0.968,0.976,0.968,0.964,-1.008,-0.976,-0.996,-1.008,1.024,1.04,1.044,1.044,-1.076,-1.072,-1.064,-1.08,1.076,1.076,-1.06,1.064,-1.036,-1.04,-0.976,-0.996,0.964,0.956,0.968,-0.972,-0.98,-0.988,-1.004,-1.032,-1.06,1.092,1.08,1.072,1.076,1.048,-1.076,1.112,1.116,1.12,1.08,-1.076,-1.064,-1.08,-1.08,-1.08,-1.076,-1.088,0.948,1.048,1.036,-1.064,1.1,1.1,1.104,1.108,1.064,-1.068,-1.06,1.084,1.056,1.044,1.056,1.06,1.068,1.072,1.06,-1.084,-1.076,-1.072,-1.084,-1.08,-0.9,-0.896,-0.9,-0.896,-0.9,0.912,-0.908,-0.92,-0.924,-0.94,1,-0.992,-0.992,-0.992,-1.02,1.004,1.024,1.012,-1.004,-1.024,-1.056,-1.08,1.064,1.056,1.06,1.06,-1.036,1.004,1.004,-1.008,1.016,1.008,-0.996,-1,-0.98,-0.976,-0.98,-0.988,-0.98,-0.984,1,1.008,-1.056,-1.064,-1.068,-1.068,-1.064,-1.076,1.048,-1.044,-1.064,-1.064,-1.08,0.904,0.92,0.932,0.936,0.92,0.92,0.948,0.964,-0.948,-0.96,1.036,-1.056,-1.096,-1.104,1.084,1.08,1.1,1.112,-1.084,-1.092,1.052,1.052,1.064,1.072,1.076,-1.068,1.048,1.044,-1.06,1.052,1.04,1.04,1.036,1.024,-1.024,1.016,1.028,1.036,1.072,1.068,1.068,1.064,-1.012,-1.004,0.972,0.996,-1.012,1.02,1.028,1.04,1.048
-1.072,-1.096,-1.092,-1.088,0.912,0.924,0.928,-0.948,-0.944,-0.924,-0.932,-0.916,-0.924,-0.92,0.956,0.972,1.024,-1.04,-1.036,1.032,-1.088,-1.092,-1.092,1.1,1.08,1.024,-1.032,1.008,1.008,0.94,0.952,0.94,-1.064,-1.068,-1.064,1.008,1.016,1.028,-1.044,-1.048,1.052,1.06,-1.064,-1.048,1.064,1.068,1.08,1.08,1.08,-1.08,-1.072,-1.072,-1.064,-1.04,-1.032,-1.028,-1.028,-1.032,-1.028,1.032,-1.08,1.1,1.096,-1.08,1.12,1.108,-1.096,-1.104,-1.076,-1.072,-1.084,-1.092,-1.088,-1.08,1.08,1.04,1.052,1.048,1.044,-0.932,-0.944,-0.948,1,1.004,1.008,1.012,1.032,-1.036,-1.036,-1.032,-1.04,-1.032,-1.024,-1.032,-1.036,-1.008,-0.976,-0.996,-1.008,1.024,1.04,1.044,1.044,-1.076,-1.072,-1.064,-1.08,1.076,1.076,-1.06,1.064,-1.036,-1.04,1.024,1.004,-1.036,-1.044,-1.032,1.028,1.02,1.012,0.996,0.968,0.94,1.092,1.08,1.072,1.076,1.048,-1.076,1.112,1.116,1.12,1.08,-1.076,-1.064,-1.08,-1.08,-1.08,-1.076,-1.088,0.948,1.048,1.036,-1.064,1.1,1.1,1.104,1.108,1.064,-1.068,-1.06,1.084,1.056,1.044,1.056,1.06,1.068,1.072,1.06,-1.084,-1.076,-1.072,-1.084,-1.08,1.1,1.104,1.1,1.104,1.1,-1.088,1.092,1.08,1.076,1.06,-1,1.008,1.008,1.008,0.98,-0.996,1.024,1.012,-1.004,-1.024,-1.056,-1.08,1.064,1.056,1.06,1.06,0.964,-0.996,-0.996,0.992,-0.984,-0.992,-0.996,-1,-0.98,-0.976,-0.98,-0.988,-0.98,-0.984,1,1.008,-1.056,-1.064,-1.068,-1.068,-1.064,-1.076,1.048,-1.044,-1.064,-1.064,-1.08,0.904,0.92,0.932,0.936,0.92,0.92,0.948,0.964,-0.948,-0.96,1.036,-1.056,-1.096,-1.104,1.084,1.08,1.1,1.112,-1.084,-1.092,1.052,1.052,-0.936,-0.928,-0.924,0.932,-0.952,-0.956,0.94,-0.948,-0.96,-0.96,-0.964,-0.976,0.976,-0.984,-0.972,-0.964,-0.928,-0.932,-0.932,-0.936,-1.012,-1.004,0.972,0.996,-1.012,1.02,1.028,1.04,1.048
0.928,0.904,0.908,0.912,0.912,0.924,0.928,-0.948,-0.944,-0.924,-0.932,-0.916,-0.924,-0.92,-1.044,-1.028,-0.976,0.96,0.964,-0.968,0.912,0.908,0.908,-0.9,-0.92,-0.976,0.968,-0.992,-0.992,-1.06,-1.048,-1.06,-1.064,-1.068,-1.064,1.008,1.016,1.028,-1.044,-1.048,1.052,1.06,-1.064,-1.048,1.064,1.068,1.08,-0.92,-0.92,-1.08,-1.072,-1.072,-1.064,-1.04,-1.032,0.972,0.972,0.968,0.972,-0.968,0.92,-0.9,-0.904,0.92,-0.88,-0.892,0.904,0.896,0.924,0.928,0.916,0.908,0.912,0.92,-0.92,-0.96,-0.948,-0.952,-0.956,-0.932,-0.944,-0.948,1,1.004,1.008,1.012,1.032,-1.036,-1.036,-1.032,-1.04,-1.032,-1.024,-1.032,-1.036,-1.008,-0.976,-0.996,-1.008,1.024,1.04,1.044,-0.956,0.924,0.928,0.936,0.92,-0.924,-0.924,0.94,-0.936,0.964,0.96,-0.976,-0.996,0.964,0.956,0.968,1.028,1.02,1.012,0.996,0.968,0.94,-0.908,-0.92,-0.928,-0.924,-0.952,0.924,-0.888,-0.884,-0.88,-0.92,-1.076,-1.064,-1.08,-1.08,-1.08,-1.076,-1.088,-1.052,-0.952,-0.964,0.936,-0.9,-0.9,-0.896,-0.892,-0.936,0.932,0.94,-0.916,-0.944,-0.956,-0.944,-0.94,-0.932,-0.928,-0.94,0.916,0.924,0.928,0.916,0.92,-0.9,-0.896,-0.9,-0.896,-0.9,0.912,-0.908,-0.92,-0.924,-0.94,1,-0.992,-0.992,-0.992,-1.02,-0.996,-0.976,-0.988,0.996,0.976,0.944,0.92,-0.936,-0.944,-0.94,-0.94,0.964,1.004,1.004,-1.008,1.016,1.008,1.004,1,1.02,1.024,1.02,1.012,1.02,1.016,-1,-0.992,0.944,0.936,0.932,0.932,0.936,0.924,-0.952,0.956,0.936,0.936,0.92,0.904,0.92,0.932,0.936,0.92,0.92,0.948,0.964,-0.948,-0.96,1.036,-1.056,0.904,0.896,-0.916,-0.92,-0.9,-0.888,0.916,0.908,-0.948,-0.948,-0.936,-0.928,-0.924,0.932,-0.952,-0.956,0.94,-0.948,-0.96,-0.96,-0.964,-0.976,0.976,-0.984,-0.972,-0.964,-0.928,-0.932,-0.932,-0.936,-1.012,-1.004,0.972,0.996,-1.012,1.02,1.028,-0.96,-0.952
0.928,0.904,0.908,0.912,0.912,0.924,0.928,-0.948,-0.944,-0.924,-0.932,-0.916,-0.924,-0.92,0.956,0.972,1.024,-1.04,-1.036,1.032,-1.088,0.908,0.908,-0.9,-0.92,-0.976,0.968,-0.992,-0.992,0.94,0.952,0.94,0.936,0.932,0.936,-0.992,-0.984,-0.972,0.956,0.952,-0.948,-0.94,0.936,0.952,-0.936,-0.932,-0.92,-0.92,-0.92,0.92,0.928,0.928,0.936,0.96,0.968,-1.028,-1.028,-1.032,-1.028,1.032,-1.08,1.1,1.096,-1.08,1.12,1.108,-1.096,-1.104,-1.076,-1.072,-1.084,-1.092,-1.088,0.92,-0.92,-0.96,-0.948,-0.952,-0.956,-0.932,-0.944,-0.948,1,1.004,1.008,1.012,1.032,-1.036,-1.036,-1.032,-1.04,-1.032,-1.024,-1.032,-1.036,0.992,1.024,1.004,0.992,-0.976,-0.96,-0.956,-0.956,0.924,0.928,0.936,0.92,-0.924,-0.924,0.94,-0.936,0.964,0.96,-0.976,-0.996,0.964,0.956,-1.032,1.028,1.02,1.012,0.996,0.968,0.94,-0.908,-0.92,-0.928,-0.924,-0.952,0.924,-0.888,-0.884,-0.88,-0.92,0.924,0.936,0.92,0.92,0.92,0.924,0.912,-1.052,-0.952,-0.964,0.936,-0.9,-0.9,-0.896,-0.892,-0.936,0.932,0.94,-0.916,-0.944,-0.956,-0.944,-0.94,-0.932,-0.928,-0.94,0.916,0.924,0.928,0.916,0.92,-0.9,-0.896,-0.9,-0.896,-0.9,0.912,-0.908,1.08,1.076,1.06,-1,1.008,1.008,1.008,0.98,-0.996,-0.976,-0.988,0.996,0.976,0.944,0.92,-0.936,-0.944,-0.94,-0.94,0.964,-0.996,-0.996,0.992,-0.984,-0.992,-0.996,-1,-0.98,-0.976,-0.98,-0.988,-0.98,-0.984,1,1.008,-1.056,-1.064,-1.068,-1.068,-1.064,-1.076,1.048,-1.044,0.936,0.936,0.92,0.904,0.92,0.932,0.936,0.92,0.92,0.948,0.964,-0.948,-0.96,-0.964,0.944,0.904,0.896,-0.916,-0.92,-0.9,-0.888,0.916,0.908,-0.948,-0.948,-0.936,-0.928,-0.924,0.932,-0.952,-0.956,0.94,-0.948,-0.96,-0.96,-0.964,-0.976,0.976,-0.984,-0.972,-0.964,1.072,1.068,1.068,1.064,0.988,0.996,-1.028,-1.004,0.988,-0.98,-0.972,-0.96,-0.952
0.928,0.904,0.908,0.912,0.912,0.924,0.928,-0.948,-0.944,-0.924,-0.932,-0.916,-0.924,-0.92,0.956,0.972,1.024,-1.04,-1.036,-0.968,0.912,0.908,0.908,-0.9,-0.92,-0.976,0.968,-0.992,-0.992,-1.06,-1.048,-1.06,0.936,0.932,0.936,-0.992,-0.984,-0.972,0.956,0.952,-0.948,-0.94,0.936,0.952,-0.936,-0.932,-0.92,-0.92,-0.92,0.92,0.928,0.928,0.936,0.96,0.968,-1.028,-1.028,-1.032,-1.028,1.032,-1.08,-0.9,-0.904,0.92,-0.88,-0.892,0.904,0.896,0.924,0.928,0.916,0.908,0.912,0.92,-0.92,-0.96,-0.948,-0.952,-0.956,-0.932,-0.944,-0.948,1,1.004,1.008,1.012,1.032,-1.036,-1.036,-1.032,-1.04,-1.032,-1.024,-1.032,-1.036,-1.008,-0.976,-0.996,-1.008,1.024,-0.96,-0.956,-0.956,0.924,0.928,0.936,0.92,-0.924,-0.924,0.94,-0.936,0.964,0.96,1.024,1.004,-1.036,-1.044,-1.032,1.028,1.02,1.012,0.996,0.968,0.94,-0.908,-0.92,-0.928,-0.924,-0.952,0.924,-0.888,-0.884,-0.88,-0.92,0.924,-1.064,-1.08,-1.08,-1.08,-1.076,-1.088,-1.052,-0.952,-0.964,0.936,-0.9,-0.9,-0.896,-0.892,-0.936,0.932,0.94,-0.916,-0.944,-0.956,-0.944,-0.94,-0.932,-0.928,-0.94,0.916,0.924,0.928,0.916,0.92,-0.9,-0.896,-0.9,-0.896,-0.9,0.912,-0.908,-0.92,-0.924,-0.94,1,-0.992,-0.992,-0.992,-1.02,-0.996,-0.976,-0.988,0.996,0.976,0.944,0.92,-0.936,-0.944,-0.94,-0.94,0.964,-0.996,-0.996,0.992,-0.984,-0.992,-0.996,-1,-0.98,-0.976,-0.98,-0.988,-0.98,1.016,-1,-0.992,0.944,0.936,0.932,0.932,0.936,0.924,-0.952,0.956,0.936,0.936,0.92,0.904,0.92,0.932,0.936,0.92,0.92,0.948,0.964,-0.948,-0.96,1.036,-1.056,-1.096,-1.104,1.084,1.08,1.1,-0.888,0.916,0.908,-0.948,-0.948,-0.936,-0.928,-0.924,0.932,-0.952,-0.956,0.94,-0.948,-0.96,-0.96,-0.964,-0.976,0.976,-0.984,-0.972,-0.964,-0.928,-0.932,-0.932,-0.936,-1.012,-1.004,0.972,0.996,-1.012,1.02,1.028,1.04,1.048
-1.072,-1.096,-1.092,-1.088,-1.088,-1.076,-1.072,1.052,1.056,1.076,1.068,1.084,1.076,1.08,-1.044,-1.028,1.024,-1.04,-1.036,1.032,-1.088,-1.092,-1.092,1.1,1.08,1.024,-1.032,1.008,1.008,0.94,0.952,0.94,0.936,0.932,0.936,1.008,1.016,1.028,-1.044,-1.048,1.052,1.06,-1.064,-1.048,1.064,1.068,1.08,1.08,1.08,-1.08,-1.072,-1.072,-1.064,-1.04,-1.032,0.972,0.972,0.968,0.972,-0.968,0.92,-0.9,-0.904,-1.08,1.12,1.108,-1.096,-1.104,-1.076,-1.072,-1.084,-1.092,-1.088,-1.08,1.08,1.04,1.052,1.048,1.044,1.068,1.056,1.052,-1,-0.996,-0.992,-0.988,-0.968,0.964,0.964,0.968,0.96,0.968,0.976,0.968,0.964,0.992,1.024,1.004,0.992,-0.976,-0.96,-0.956,-0.956,0.924,0.928,-1.064,-1.08,-0.924,-0.924,0.94,-0.936,0.964,0.96,-0.976,-0.996,0.964,0.956,0.968,-0.972,-0.98,-0.988,-1.004,-1.032,-1.06,1.092,1.08,1.072,1.076,1.048,-1.076,1.112,1.116,1.12,1.08,-1.076,-1.064,0.92,0.92,0.92,0.924,0.912,0.948,1.048,1.036,-1.064,1.1,1.1,1.104,1.108,1.064,-1.068,-1.06,1.084,1.056,1.044,1.056,1.06,1.068,1.072,1.06,0.916,0.924,0.928,0.916,0.92,-0.9,-0.896,-0.9,-0.896,-0.9,0.912,-0.908,-0.92,-0.924,-0.94,1,-0.992,-0.992,-0.992,-1.02,1.004,1.024,1.012,-1.004,-1.024,-1.056,-1.08,1.064,1.056,1.06,1.06,-1.036,1.004,1.004,-1.008,-0.984,-0.992,-0.996,-1,-0.98,-0.976,-0.98,-0.988,-0.98,-0.984,1,1.008,-1.056,-1.064,-1.068,-1.068,-1.064,-1.076,1.048,-1.044,-1.064,-1.064,-1.08,-1.096,-1.08,-1.068,-1.064,-1.08,-1.08,0.948,0.964,-0.948,-0.96,1.036,-1.056,-1.096,-1.104,1.084,1.08,1.1,1.112,-1.084,-1.092,-0.948,-0.948,-0.936,-0.928,-0.924,0.932,-0.952,-0.956,0.94,-0.948,-0.96,-0.96,-0.964,-0.976,0.976,-0.984,-0.972,-0.964,-0.928,-0.932,-0.932,-0.936,-1.012,-1.004,0.972,0.996,-1.012,1.02,1.028,1.04,1.048
0.928,0.904,0.908,0.912,0.912,0.924,0.928,-0.948,-0.944,-0.924,-0.932,-0.916,-0.924,-0.92,0.956,0.972,1.024,-1.04,-1.036,1.032,-1.088,-1.092,-1.092,1.1,-0.92,1.024,-1.032,1.008,1.008,0.94,0.952,0.94,0.936,0.932,0.936,-0.992,-0.984,-0.972,0.956,0.952,-0.948,-0.94,0.936,0.952,-0.936,-0.932,-0.92,-0.92,-0.92,0.92,0.928,0.928,0.936,0.96,0.968,-1.028,-1.028,-1.032,-1.028,1.032,-1.08,1.1,1.096,-1.08,1.12,1.108,-1.096,-1.104,-1.076,-1.072,-1.084,-1.092,-1.088,-1.08,-0.92,-0.96,-0.948,-0.952,-0.956,-0.932,-0.944,-0.948,1,1.004,1.008,1.012,1.032,-1.036,-1.036,-1.032,-1.04,-1.032,-1.024,-1.032,-1.036,-1.008,-0.976,-0.996,-1.008,-0.976,-0.96,-0.956,-0.956,0.924,0.928,0.936,0.92,-0.924,-0.924,0.94,-0.936,0.964,0.96,-0.976,-0.996,0.964,0.956,0.968,-0.972,-0.98,-0.988,-1.004,-1.032,-1.06,1.092,1.08,1.072,1.076,1.048,-1.076,-0.888,-0.884,-0.88,-0.92,0.924,-1.064,-1.08,-1.08,-1.08,-1.076,-1.088,-1.052,-0.952,-0.964,0.936,-0.9,-0.9,-0.896,-0.892,-0.936,0.932,0.94,-0.916,-0.944,-0.956,-0.944,-0.94,-0.932,-0.928,1.06,-1.084,-1.076,-1.072,-1.084,-1.08,1.1,1.104,1.1,1.104,1.1,-1.088,1.092,1.08,1.076,1.06,-1,1.008,1.008,1.008,0.98,-0.996,-0.976,-0.988,0.996,0.976,0.944,0.92,-0.936,-0.944,-0.94,-0.94,-1.036,1.004,1.004,-1.008,1.016,1.008,1.004,1,1.02,1.024,1.02,1.012,1.02,1.016,-1,-0.992,0.944,0.936,0.932,0.932,0.936,0.924,-0.952,0.956,0.936,0.936,0.92,0.904,0.92,0.932,0.936,0.92,0.92,-1.052,-1.036,1.052,1.04,-0.964,0.944,0.904,0.896,-0.916,-0.92,-0.9,-0.888,0.916,0.908,-0.948,-0.948,-0.936,-0.928,-0.924,0.932,-0.952,-0.956,0.94,-0.948,-0.96,-0.96,-0.964,-0.976,0.976,-0.984,-0.972,-0.964,-0.928,-0.932,-0.932,-0.936,-1.012,-1.004,0.972,0.996,-1.012,-0.98,-0.972,-0.96,-0.952
-1.072,-1.096,-1.092,-1.088,-1.088,-1.076,-1.072,1.052,1.056,1.076,1.068,1.084,1.076,1.08,-1.044,-1.028,-0.976,0.96,0.964,-0.968,0.912,0.908,0.908,1.1,1.08,1.024,-1.032,1.008,1.008,0.94,0.952,0.94,0.936,-1.068,-1.064,1.008,1.016,1.028,-1.044,-1.048,1.052,1.06,-1.064,-1.048,1.064,1.068,1.08,1.08,1.08,-1.08,-1.072,-1.072,-1.064,-1.04,-1.032,0.972,0.972,0.968,0.972,-0.968,0.92,1.1,1.096,-1.08,1.12,1.108,-1.096,-1.104,-1.076,-1.072,-1.084,-1.092,-1.088,-1.08,1.08,1.04,1.052,1.048,1.044,1.068,1.056,1.052,1,1.004,1.008,1.012,1.032,-1.036,-1.036,-1.032,-1.04,-1.032,-1.024,-1.032,-1.036,-1.008,-0.976,-0.996,-1.008,1.024,1.04,1.044,1.044,-1.076,-1.072,-1.064,-1.08,1.076,1.076,-1.06,-0.936,0.964,0.96,-0.976,-0.996,0.964,0.956,0.968,-0.972,-0.98,-0.988,-1.004,-1.032,-1.06,1.092,1.08,1.072,1.076,1.048,-1.076,1.112,1.116,1.12,1.08,-1.076,0.936,0.92,0.92,0.92,0.924,0.912,0.948,1.048,1.036,-1.064,1.1,1.1,1.104,1.108,1.064,-1.068,-1.06,1.084,1.056,1.044,1.056,1.06,1.068,1.072,1.06,-1.084,-1.076,-1.072,-1.084,-1.08,-0.9,-0.896,-0.9,-0.896,-0.9,0.912,-0.908,-0.92,-0.924,-0.94,1,-0.992,-0.992,-0.992,-1.02,1.004,1.024,1.012,-1.004,-1.024,-1.056,-1.08,1.064,1.056,1.06,1.06,-1.036,1.004,1.004,-1.008,1.016,1.008,1.004,1,1.02,1.024,1.02,1.012,1.02,1.016,-1,-0.992,0.944,0.936,0.932,0.932,0.936,0.924,1.048,-1.044,-1.064,-1.064,-1.08,-1.096,-1.08,-1.068,-1.064,-1.08,-1.08,-1.052,-1.036,1.052,1.04,1.036,-1.056,-1.096,-1.104,1.084,1.08,1.1,1.112,-1.084,-1.092,1.052,1.052,1.064,1.072,1.076,-1.068,1.048,1.044,-1.06,1.052,1.04,1.04,1.036,1.024,-1.024,1.016,1.028,1.036,1.072,1.068,1.068,1.064,0.988,0.996,-1.028,-1.004,0.988,-0.98,-0.972,-0.96,1.048
0.928,0.904,0.908,0.912,0.912,0.924,0.928,-0.948,-0.944,-0.924,-0.932,-0.916,-0.924,-0.92,0.956,0.972,1.024,0.96,0.964,-0.968,0.912,0.908,0.908,-0.9,-0.92,-0.976,0.968,-0.992,-0.992,0.94,0.952,0.94,0.936,0.932,0.936,-0.992,-0.984,-0.972,0.956,0.952,-0.948,-0.94,0.936,0.952,-0.936,-0.932,-0.92,-0.92,-0.92,0.92,0.928,0.928,0.936,0.96,0.968,-1.028,-1.028,-1.032,-1.028,1.032,-1.08,1.1,1.096,-1.08,-0.88,-0.892,0.904,0.896,0.924,0.928,0.916,0.908,0.912,0.92,-0.92,1.04,1.052,1.048,1.044,1.068,1.056,1.052,-1,-0.996,-0.992,-0.988,-0.968,0.964,0.964,0.968,0.96,0.968,0.976,0.968,0.964,0.992,1.024,1.004,0.992,-0.976,-0.96,-0.956,-0.956,0.924,0.928,0.936,0.92,-0.924,-0.924,0.94,-0.936,0.964,0.96,-0.976,-0.996,0.964,0.956,0.968,-0.972,-0.98,-0.988,-1.004,-1.032,-1.06,-0.908,-0.92,-0.928,-0.924,-0.952,0.924,-0.888,-0.884,-0.88,-0.92,0.924,-1.064,-1.08,-1.08,-1.08,-1.076,-1.088,-1.052,-0.952,-0.964,0.936,-0.9,-0.9,-0.896,-0.892,-0.936,0.932,0.94,-0.916,-0.944,-0.956,-0.944,-0.94,-0.932,-0.928,-0.94,-1.084,-1.076,-1.072,-1.084,-1.08,1.1,1.104,1.1,1.104,1.1,-1.088,1.092,1.08,1.076,1.06,-1,1.008,1.008,1.008,0.98,-0.996,-0.976,-0.988,0.996,0.976,0.944,0.92,-0.936,-0.944,-0.94,-0.94,0.964,-0.996,-0.996,0.992,-0.984,-0.992,-0.996,-1,-0.98,-0.976,-0.98,-0.988,-0.98,-0.984,-1,-0.992,0.944,0.936,0.932,0.932,0.936,0.924,-0.952,0.956,0.936,0.936,0.92,0.904,0.92,0.932,0.936,0.92,0.92,0.948,-1.036,1.052,1.04,-0.964,0.944,0.904,0.896,-0.916,-0.92,-0.9,-0.888,0.916,0.908,-0.948,-0.948,-0.936,-0.928,-0.924,0.932,-0.952,-0.956,0.94,-0.948,-0.96,-0.96,-0.964,-0.976,0.976,-0.984,-0.972,-0.964,-0.928,-0.932,-0.932,-0.936,-1.012,-1.004,0.972,0.996,-1.012,-0.98,-0.972,-0.96,-0.952
0.928,0.904,0.908,0.912,0.912,0.924,0.928,-0.948,-0.944,-0.924,-0.932,-0.916,-0.924,-0.92,0.956,0.972,1.024,-1.04,-1.036,1.032,0.912,0.908,0.908,-0.9,-0.92,-0.976,0.968,-0.992,-0.992,-1.06,-1.048,-1.06,-1.064,-1.068,-1.064,-0.992,-0.984,-0.972,0.956,0.952,-0.948,-0.94,0.936,0.952,-0.936,-0.932,-0.92,-0.92,-0.92,0.92,0.928,0.928,0.936,0.96,0.968,-1.028,-1.028,-1.032,-1.028,-0.968,0.92,-0.9,-0.904,0.92,-0.88,-0.892,0.904,0.896,0.924,0.928,0.916,0.908,0.912,0.92,-0.92,-0.96,-0.948,-0.952,-0.956,-0.932,-0.944,-0.948,-1,-0.996,-0.992,-0.988,-0.968,0.964,0.964,0.968,0.96,0.968,0.976,0.968,0.964,0.992,1.024,1.004,0.992,-0.976,-0.96,-0.956,-0.956,0.924,0.928,0.936,0.92,-0.924,-0.924,0.94,-0.936,0.964,0.96,-0.976,-0.996,0.964,0.956,0.968,-0.972,-0.98,-0.988,-1.004,-1.032,-1.06,1.092,1.08,1.072,1.076,1.048,0.924,-0.888,-0.884,-0.88,-0.92,0.924,0.936,0.92,0.92,0.92,0.924,0.912,0.948,1.048,1.036,-1.064,1.1,1.1,1.104,-0.892,-0.936,0.932,0.94,-0.916,1.056,1.044,1.056,1.06,1.068,1.072,1.06,-1.084,-1.076,-1.072,-1.084,-1.08,1.1,1.104,1.1,1.104,1.1,-1.088,1.092,1.08,1.076,1.06,-1,1.008,1.008,1.008,0.98,-0.996,-0.976,-0.988,0.996,0.976,0.944,0.92,-0.936,-0.944,-0.94,-0.94,0.964,-0.996,-0.996,0.992,-0.984,-0.992,-0.996,-1,-0.98,-0.976,-0.98,-0.988,-0.98,-0.984,1,1.008,-1.056,-1.064,-1.068,-1.068,-1.064,0.924,-0.952,0.956,0.936,0.936,0.92,0.904,0.92,0.932,0.936,0.92,0.92,0.948,0.964,-0.948,-0.96,1.036,-1.056,-1.096,-1.104,1.084,1.08,1.1,1.112,-1.084,-1.092,-0.948,-0.948,-0.936,-0.928,-0.924,0.932,-0.952,-0.956,0.94,-0.948,-0.96,-0.96,-0.964,-0.976,0.976,-0.984,-0.972,-0.964,-0.928,-0.932,-0.932,-0.936,0.988,0.996,-1.028,-1.004,0.988,-0.98,-0.972,-0.96,-0.952
-1.072,-1.096,-1.092,-1.088,0.912,0.924,0.928,-0.948,-0.944,-0.924,-0.932,-0.916,-0.924,-0.92,0.956,0.972,1.024,-1.04,-1.036,1.032,-1.088,-1.092,-1.092,1.1,1.08,1.024,-1.032,1.008,1.008,0.94,0.952,0.94,0.936,0.932,0.936,-0.992,-0.984,-0.972,0.956,0.952,-0.948,-0.94,0.936,-1.048,1.064,1.068,1.08,1.08,1.08,-1.08,-1.072,-1.072,-1.064,-1.04,-1.032,0.972,0.972,0.968,0.972,-0.968,0.92,-0.9,-0.904,0.92,-0.88,1.108,-1.096,-1.104,-1.076,-1.072,-1.084,-1.092,-1.088,-1.08,1.08,1.04,1.052,1.048,1.044,1.068,1.056,1.052,-1,-0.996,-0.992,-0.988,-0.968,0.964,0.964,0.968,0.96,0.968,0.976,0.968,0.964,0.992,1.024,1.004,0.992,1.024,1.04,1.044,1.044,-1.076,-1.072,-1.064,-1.08,1.076,1.076,-1.06,1.064,-1.036,-1.04,1.024,1.004,-1.036,-1.044,-1.032,1.028,1.02,1.012,0.996,0.968,0.94,-0.908,-0.92,1.072,1.076,1.048,-1.076,1.112,1.116,1.12,1.08,-1.076,0.936,0.92,0.92,0.92,0.924,0.912,0.948,1.048,1.036,-1.064,1.1,1.1,1.104,1.108,1.064,-1.068,-1.06,1.084,1.056,1.044,1.056,1.06,1.068,1.072,1.06,-1.084,-1.076,-1.072,-1.084,-1.08,1.1,1.104,1.1,1.104,1.1,-1.088,1.092,1.08,1.076,1.06,-1,1.008,1.008,1.008,0.98,-0.996,-0.976,1.012,-1.004,-1.024,-1.056,-1.08,1.064,1.056,1.06,1.06,-1.036,1.004,1.004,-1.008,1.016,1.008,1.004,1,-0.98,-0.976,-0.98,-0.988,-0.98,-0.984,1,1.008,-1.056,-1.064,-1.068,-1.068,-1.064,-1.076,1.048,-1.044,-1.064,-1.064,-1.08,-1.096,-1.08,-1.068,-1.064,-1.08,-1.08,0.948,0.964,-0.948,-0.96,1.036,-1.056,-1.096,-1.104,1.084,1.08,1.1,1.112,-1.084,-1.092,-0.948,-0.948,-0.936,-0.928,-0.924,0.932,-0.952,-0.956,0.94,-0.948,-0.96,-0.96,-0.964,-0.976,0.976,-0.984,-0.972,-0.964,-0.928,-0.932,-0.932,-0.936,-1.012,-1.004,0.972,0.996,-1.012,1.02,1.028,1.04,1.048
0.928,0.904,0.908,0.912,0.912,0.924,0.928,-0.948,-0.944,-0.924,-0.932,-0.916,-0.924,-0.92,0.956,0.972,-0.976,0.96,0.964,-0.968,0.912,0.908,0.908,-0.9,-0.92,-0.976,0.968,-0.992,-0.992,-1.06,-1.048,-1.06,-1.064,-1.068,-1.064,1.008,1.016,1.028,-1.044,-1.048,1.052,-0.94,0.936,0.952,-0.936,-0.932,-0.92,-0.92,-0.92,0.92,0.928,0.928,0.936,0.96,0.968,-1.028,-1.028,-1.032,-1.028,1.032,-1.08,1.1,1.096,-1.08,1.12,1.108,-1.096,-1.104,-1.076,-1.072,-1.084,-1.092,0.912,0.92,-0.92,-0.96,-0.948,-0.952,-0.956,-0.932,-0.944,-0.948,1,1.004,1.008,1.012,1.032,0.964,0.964,0.968,0.96,0.968,0.976,0.968,0.964,0.992,1.024,1.004,0.992,-0.976,-0.96,-0.956,-0.956,0.924,0.928,0.936,0.92,-0.924,-0.924,0.94,-0.936,0.964,0.96,-0.976,1.004,-1.036,-1.044,-1.032,1.028,1.02,1.012,0.996,0.968,0.94,-0.908,-0.92,-0.928,-0.924,-0.952,0.924,-0.888,-0.884,-0.88,-0.92,0.924,-1.064,-1.08,-1.08,-1.08,-1.076,-1.088,-1.052,-0.952,-0.964,0.936,-0.9,-0.9,-0.896,-0.892,-0.936,0.932,0.94,-0.916,-0.944,-0.956,-0.944,-0.94,-0.932,-0.928,-0.94,0.916,0.924,0.928,0.916,0.92,-0.9,-0.896,-0.9,-0.896,-0.9,0.912,-0.908,-0.92,-0.924,-0.94,1,-0.992,-0.992,-0.992,-1.02,1.004,1.024,1.012,-1.004,-1.024,0.944,0.92,-0.936,-0.944,-0.94,-0.94,0.964,-0.996,-0.996,0.992,-0.984,-0.992,-0.996,-1,-0.98,-0.976,-0.98,-0.988,1.02,1.016,-1,-0.992,0.944,0.936,0.932,0.932,0.936,0.924,-0.952,0.956,0.936,0.936,0.92,0.904,0.92,0.932,0.936,0.92,0.92,0.948,0.964,-0.948,-0.96,-0.964,0.944,0.904,0.896,-0.916,-0.92,-0.9,-0.888,0.916,0.908,-0.948,-0.948,-0.936,-0.928,-0.924,0.932,-0.952,-0.956,0.94,-0.948,-0.96,-0.96,-0.964,-0.976,0.976,-0.984,-0.972,-0.964,-0.928,-0.932,-0.932,-0.936,-1.012,-1.004,0.972,-1.004,0.988,-0.98,-0.972,-0.96,-0.952
0.928,0.904,0.908,0.912,0.912,0.924,0.928,-0.948,-0.944,-0.924,-0.932,-0.916,-0.924,-0.92,0.956,-1.028,-0.976,0.96,0.964,-0.968,0.912,0.908,0.908,-0.9,-0.92,-0.976,-1.032,1.008,1.008,0.94,0.952,0.94,0.936,0.932,0.936,-0.992,-0.984,-0.972,0.956,0.952,-0.948,-0.94,0.936,0.952,-0.936,-0.932,-0.92,-0.92,-0.92,-1.08,-1.072,-1.072,-1.064,-1.04,-1.032,0.972,0.972,0.968,0.972,-0.968,0.92,-0.9,-0.904,0.92,-0.88,-0.892,0.904,0.896,0.924,0.928,0.916,0.908,0.912,0.92,-0.92,-0.96,-0.948,-0.952,-0.956,-0.932,-0.944,-0.948,-1,-0.996,-0.992,-0.988,-0.968,0.964,0.964,0.968,0.96,0.968,0.976,0.968,0.964,0.992,1.024,1.004,0.992,-0.976,-0.96,-0.956,-0.956,0.924,0.928,0.936,0.92,-0.924,-0.924,-1.06,1.064,-1.036,-1.04,1.024,1.004,-1.036,-1.044,-1.032,1.028,1.02,1.012,0.996,0.968,0.94,-0.908,-0.92,-0.928,-0.924,-0.952,0.924,-0.888,-0.884,-0.88,-0.92,0.924,0.936,0.92,0.92,0.92,0.924,0.912,0.948,-0.952,-0.964,0.936,-0.9,-0.9,-0.896,-0.892,-0.936,0.932,0.94,-0.916,-0.944,-0.956,-0.944,-0.94,-0.932,-0.928,-0.94,0.916,0.924,0.928,0.916,0.92,-0.9,-0.896,1.1,1.104,1.1,-1.088,1.092,1.08,1.076,1.06,-1,1.008,1.008,1.008,0.98,-0.996,-0.976,-0.988,0.996,0.976,0.944,0.92,-0.936,-0.944,-0.94,-0.94,0.964,-0.996,-0.996,0.992,-0.984,-0.992,-0.996,-1,-0.98,-0.976,-0.98,-0.988,-0.98,-0.984,1,1.008,0.944,0.936,0.932,0.932,0.936,0.924,-0.952,0.956,0.936,0.936,0.92,0.904,0.92,0.932,0.936,0.92,0.92,-1.052,-1.036,1.052,1.04,-0.964,0.944,0.904,0.896,-0.916,-0.92,-0.9,-0.888,0.916,0.908,-0.948,-0.948,-0.936,-0.928,-0.924,0.932,-0.952,-0.956,-1.06,1.052,1.04,1.04,1.036,1.024,-1.024,1.016,1.028,1.036,1.072,1.068,1.068,1.064,0.988,0.996,-1.028,-1.004,0.988,-0.98,-0.972,-0.96,-0.952
-1.072,-1.096,-1.092,-1.088,-1.088,-1.076,-1.072,1.052,1.056,1.076,1.068,1.084,1.076,1.08,-1.044,-1.028,-0.976,0.96,0.964,-0.968,0.912,0.908,0.908,-0.9,-0.92,-0.976,0.968,-0.992,-0.992,-1.06,-1.048,0.94,0.936,0.932,0.936,-0.992,-0.984,-0.972,0.956,0.952,-0.948,-0.94,0.936,0.952,-0.936,-0.932,-0.92,-0.92,-0.92,0.92,0.928,0.928,0.936,0.96,0.968,-1.028,-1.028,-1.032,-1.028,1.032,0.92,-0.9,-0.904,0.92,-0.88,-0.892,0.904,0.896,0.924,0.928,0.916,0.908,0.912,0.92,-0.92,-0.96,-0.948,-0.952,-0.956,-0.932,-0.944,-0.948,1,1.004,1.008,1.012,1.032,-1.036,-1.036,-1.032,-1.04,-1.032,-1.024,-1.032,-1.036,0.992,1.024,1.004,0.992,-0.976,-0.96,-0.956,-0.956,0.924,0.928,0.936,0.92,-0.924,-0.924,0.94,-0.936,0.964,0.96,-0.976,-0.996,0.964,0.956,-1.032,1.028,1.02,1.012,0.996,0.968,0.94,-0.908,-0.92,-0.928,-0.924,-0.952,0.924,-0.888,-0.884,-0.88,-0.92,0.924,-1.064,-1.08,-1.08,-1.08,-1.076,-1.088,-1.052,-0.952,-0.964,0.936,-0.9,-0.9,-0.896,-0.892,-0.936,0.932,0.94,-0.916,-0.944,-0.956,-0.944,-0.94,-0.932,-0.928,-0.94,0.916,0.924,0.928,0.916,0.92,-0.9,-0.896,-0.9,-0.896,-0.9,0.912,-0.908,-0.92,-0.924,-0.94,1,1.008,1.008,1.008,0.98,-0.996,-0.976,-0.988,0.996,0.976,0.944,0.92,-0.936,1.056,1.06,1.06,-1.036,1.004,1.004,-1.008,1.016,1.008,1.004,1,1.02,1.024,1.02,1.012,1.02,1.016,-1,-0.992,0.944,0.936,0.932,0.932,0.936,0.924,-0.952,0.956,0.936,0.936,0.92,0.904,0.92,0.932,0.936,0.92,0.92,0.948,-1.036,1.052,1.04,-0.964,0.944,0.904,0.896,-0.916,-0.92,-0.9,-0.888,0.916,0.908,-0.948,-0.948,-0.936,-0.928,-0.924,0.932,-0.952,-0.956,0.94,-0.948,-0.96,-0.96,-0.964,-0.976,0.976,-0.984,-0.972,-0.964,-0.928,-0.932,-0.932,-0.936,-1.012,-1.004,0.972,0.996,-1.012,1.02,1.028,-0.96,-0.952
-1.072,-1.096,-1.092,-1.088,-1.088,-1.076,-1.072,1.052,1.056,-0.924,-0.932,-0.916,-0.924,-0.92,0.956,0.972,1.024,-1.04,-1.036,1.032,-1.088,-1.092,-1.092,1.1,1.08,1.024,-1.032,1.008,1.008,0.94,0.952,0.94,0.936,0.932,0.936,1.008,1.016,1.028,-1.044,-1.048,1.052,1.06,-1.064,-1.048,1.064,1.068,1.08,1.08,1.08,0.92,0.928,0.928,0.936,0.96,0.968,-1.028,-1.028,-1.032,-1.028,1.032,-1.08,1.1,1.096,-1.08,1.12,1.108,-1.096,-1.104,-1.076,-1.072,-1.084,-1.092,-1.088,-1.08,1.08,1.04,1.052,1.048,1.044,1.068,1.056,1.052,-1,-0.996,-0.992,-0.988,-0.968,0.964,0.964,0.968,0.96,0.968,0.976,0.968,0.964,0.992,1.024,1.004,0.992,-0.976,-0.96,-0.956,-0.956,-1.076,-1.072,-1.064,-1.08,1.076,1.076,-1.06,1.064,-1.036,-1.04,1.024,1.004,-1.036,-1.044,-1.032,1.028,1.02,1.012,0.996,0.968,0.94,1.092,1.08,1.072,1.076,1.048,-1.076,1.112,1.116,1.12,1.08,-1.076,-1.064,-1.08,-1.08,-1.08,-1.076,-1.088,0.948,1.048,1.036,-1.064,1.1,1.1,1.104,1.108,1.064,-1.068,-1.06,1.084,1.056,1.044,1.056,1.06,1.068,1.072,1.06,-1.084,-1.076,-1.072,-1.084,-1.08,1.1,1.104,1.1,1.104,1.1,-1.088,1.092,1.08,1.076,1.06,-1,1.008,1.008,1.008,0.98,-0.996,-0.976,1.012,-1.004,-1.024,-1.056,-1.08,1.064,1.056,1.06,1.06,-1.036,1.004,1.004,-1.008,1.016,1.008,1.004,1,1.02,1.024,1.02,1.012,1.02,-0.984,1,1.008,-1.056,-1.064,-1.068,-1.068,-1.064,-1.076,1.048,-1.044,-1.064,-1.064,-1.08,0.904,0.92,0.932,0.936,0.92,0.92,0.948,0.964,-0.948,-0.96,1.036,-1.056,-1.096,-1.104,1.084,1.08,1.1,1.112,-1.084,-1.092,1.052,1.052,1.064,1.072,1.076,-1.068,1.048,1.044,-1.06,1.052,1.04,1.04,1.036,1.024,-1.024,1.016,1.028,1.036,1.072,1.068,1.068,1.064,-1.012,-1.004,0.972,0.996,-1.012,1.02,1.028,1.04,1.048
0.928,0.904,0.908,0.912,0.912,0.924,0.928,-0.948,-0.944,-0.924,-0.932,-0.916,-0.924,-0.92,0.956,0.972,1.024,-1.04,-1.036,1.032,0.912,0.908,0.908,-0.9,-0.92,-0.976,0.968,-0.992,-0.992,-1.06,-1.048,-1.06,-1.064,-1.068,-1.064,1.008,1.016,1.028,-1.044,-1.048,1.052,1.06,-1.064,-1.048,1.064,1.068,1.08,1.08,-0.92,0.92,0.928,0.928,0.936,0.96,0.968,0.972,0.972,0.968,0.972,-0.968,0.92,-0.9,-0.904,0.92,-0.88,-0.892,0.904,0.896,0.924,0.928,0.916,0.908,0.912,0.92,-0.92,-0.96,-0.948,-0.952,-0.956,-0.932,-0.944,-0.948,1,1.004,1.008,1.012,1.032,-1.036,-1.036,-1.032,-1.04,-1.032,-1.024,-1.032,-1.036,-1.008,-0.976,-0.996,-1.008,-0.976,-0.96,-0.956,-0.956,0.924,0.928,0.936,0.92,-0.924,-0.924,0.94,-0.936,0.964,0.96,-0.976,1.004,-1.036,-1.044,-1.032,1.028,1.02,1.012,0.996,0.968,0.94,-0.908,-0.92,-0.928,-0.924,-0.952,0.924,-0.888,-0.884,-0.88,-0.92,0.924,0.936,0.92,0.92,0.92,0.924,0.912,-1.052,-0.952,-0.964,0.936,-0.9,-0.9,-0.896,-0.892,-0.936,0.932,0.94,-0.916,-0.944,-0.956,-0.944,-0.94,-0.932,-0.928,-0.94,0.916,0.924,0.928,0.916,0.92,-0.9,-0.896,-0.9,-0.896,-0.9,0.912,-0.908,-0.92,-0.924,-0.94,-1,1.008,1.008,1.008,0.98,-0.996,-0.976,-0.988,0.996,0.976,0.944,0.92,-0.936,-0.944,-0.94,-0.94,0.964,-0.996,-0.996,0.992,-0.984,-0.992,-0.996,-1,-0.98,-0.976,-0.98,-0.988,-0.98,-0.984,1,1.008,0.944,0.936,0.932,0.932,0.936,0.924,-0.952,0.956,0.936,0.936,0.92,0.904,-1.08,-1.068,-1.064,-1.08,-1.08,-1.052,-1.036,1.052,1.04,-0.964,0.944,0.904,0.896,-0.916,-0.92,-0.9,-0.888,0.916,0.908,-0.948,-0.948,-0.936,-0.928,-0.924,0.932,-0.952,-0.956,0.94,-0.948,-0.96,-0.96,-0.964,-0.976,0.976,-0.984,-0.972,-0.964,-0.928,-0.932,-0.932,-0.936,-1.012,-1.004,0.972,-1.004,0.988,-0.98,-0.972,-0.96,-0.952
0.928,0.904,0.908,0.912,0.912,0.924,0.928,-0.948,-0.944,-0.924,-0.932,-0.916,-0.924,-0.92,0.956,0.972,1.024,-1.04,-1.036,1.032,-1.088,0.908,0.908,-0.9,-0.92,-0.976,0.968,-0.992,-0.992,-1.06,-1.048,-1.06,-1.064,-1.068,-1.064,1.008,1.016,1.028,-1.044,-1.048,1.052,1.06,-1.064,-1.048,1.064,1.068,1.08,1.08,-0.92,0.92,0.928,0.928,0.936,0.96,0.968,-1.028,-1.028,-1.032,-1.028,1.032,-1.08,1.1,1.096,-1.08,-0.88,-0.892,0.904,0.896,0.924,0.928,0.916,0.908,0.912,0.92,-0.92,-0.96,-0.948,-0.952,-0.956,-0.932,-0.944,-0.948,1,1.004,1.008,1.012,1.032,-1.036,-1.036,-1.032,-1.04,-1.032,-1.024,0.968,0.964,0.992,1.024,1.004,0.992,-0.976,-0.96,-0.956,-0.956,0.924,0.928,0.936,0.92,-0.924,-0.924,0.94,-0.936,0.964,0.96,-0.976,-0.996,0.964,0.956,0.968,-0.972,-0.98,-0.988,-1.004,-1.032,-1.06,1.092,-0.92,-0.928,-0.924,-0.952,0.924,-0.888,-0.884,-0.88,-0.92,0.924,0.936,0.92,0.92,0.92,0.924,0.912,-1.052,-0.952,-0.964,0.936,-0.9,-0.9,-0.896,-0.892,-0.936,0.932,0.94,-0.916,-0.944,-0.956,-0.944,-0.94,-0.932,-0.928,-0.94,0.916,0.924,0.928,0.916,0.92,-0.9,-0.896,-0.9,-0.896,-0.9,0.912,-0.908,-0.92,-0.924,-0.94,1,-0.992,-0.992,-0.992,-1.02,1.004,1.024,1.012,0.996,0.976,0.944,0.92,-0.936,-0.944,-0.94,-0.94,0.964,-0.996,-0.996,0.992,-0.984,-0.992,-0.996,-1,-0.98,-0.976,-0.98,-0.988,-0.98,-0.984,1,1.008,-1.056,-1.064,-1.068,-1.068,-1.064,-1.076,-0.952,0.956,0.936,0.936,0.92,0.904,0.92,0.932,0.936,0.92,0.92,0.948,0.964,-0.948,-0.96,1.036,-1.056,-1.096,-1.104,1.084,1.08,1.1,-0.888,0.916,0.908,-0.948,-0.948,-0.936,-0.928,-0.924,0.932,-0.952,-0.956,0.94,-0.948,-0.96,-0.96,-0.964,-0.976,0.976,-0.984,-0.972,-0.964,-0.928,-0.932,-0.932,-0.936,-1.012,-1.004,0.972,0.996,-1.012,1.02,1.028,1.04,1.048
-1.072,-1.096,-1.092,-1.088,-1.088,-1.076,-1.072,1.052,1.056,1.076,1.068,1.084,1.076,1.08,-1.044,-1.028,-0.976,0.96,0.964,-0.968,-1.088,-1.092,-1.092,1.1,1.08,1.024,-1.032,1.008,-0.992,-1.06,-1.048,-1.06,-1.064,-1.068,-1.064,1.008,1.016,1.028,-1.044,-1.048,1.052,1.06,-1.064,-1.048,1.064,1.068,1.08,1.08,1.08,-1.08,-1.072,-1.072,-1.064,-1.04,-1.032,0.972,0.972,0.968,0.972,-0.968,0.92,-0.9,-0.904,0.92,-0.88,-0.892,0.904,0.896,0.924,0.928,0.916,0.908,0.912,-1.08,1.08,1.04,1.052,1.048,1.044,1.068,1.056,1.052,-1,-0.996,-0.992,-0.988,-0.968,0.964,0.964,0.968,0.96,0.968,0.976,0.968,0.964,-1.008,-0.976,-0.996,-1.008,1.024,1.04,1.044,1.044,-1.076,-1.072,-1.064,-1.08,1.076,1.076,-1.06,1.064,-1.036,-1.04,1.024,1.004,0.964,0.956,0.968,-0.972,-0.98,-0.988,-1.004,-1.032,-1.06,1.092,1.08,1.072,1.076,1.048,-1.076,1.112,1.116,1.12,1.08,-1.076,-1.064,-1.08,-1.08,-1.08,-1.076,-1.088,-1.052,-0.952,-0.964,0.936,-0.9,-0.9,1.104,1.108,1.064,-1.068,-1.06,1.084,1.056,1.044,1.056,1.06,1.068,1.072,1.06,-1.084,-1.076,-1.072,-1.084,-1.08,-0.9,-0.896,-0.9,-0.896,-0.9,0.912,-0.908,-0.92,-0.924,-0.94,1,-0.992,-0.992,-0.992,-1.02,1.004,1.024,1.012,-1.004,-1.024,-1.056,-1.08,1.064,1.056,1.06,1.06,0.964,-0.996,-0.996,0.992,-0.984,-0.992,-0.996,-1,-0.98,-0.976,-0.98,-0.988,-0.98,-0.984,1,1.008,-1.056,-1.064,-1.068,-1.068,-1.064,-1.076,1.048,-1.044,-1.064,-1.064,-1.08,-1.096,-1.08,-1.068,-1.064,-1.08,-1.08,-1.052,-1.036,1.052,1.04,-0.964,0.944,0.904,0.896,-0.916,1.08,1.1,1.112,-1.084,-1.092,1.052,1.052,1.064,1.072,1.076,-1.068,1.048,1.044,-1.06,1.052,1.04,1.04,1.036,1.024,-1.024,1.016,1.028,1.036,1.072,1.068,1.068,1.064,0.988,-1.004,0.972,0.996,-1.012,1.02,1.028,1.04,1.048
-1.072,-1.096,-1.092,-1.088,-1.088,-1.076,-1.072,1.052,1.056,1.076,1.068,1.084,1.076,1.08,-1.044,-1.028,-0.976,-1.04,-1.036,1.032,-1.088,-1.092,-1.092,1.1,1.08,1.024,-1.032,1.008,1.008,0.94,0.952,0.94,0.936,0.932,-1.064,1.008,1.016,1.028,-1.044,-1.048,1.052,1.06,-1.064,-1.048,1.064,1.068,1.08,1.08,1.08,-1.08,-1.072,-1.072,-1.064,-1.04,-1.032,0.972,0.972,0.968,0.972,-0.968,0.92,-0.9,-0.904,0.92,-0.88,-0.892,-1.096,-1.104,-1.076,-1.072,-1.084,-1.092,-1.088,-1.08,1.08,1.04,1.052,1.048,1.044,1.068,1.056,1.052,-1,-0.996,-0.992,-0.988,-0.968,0.964,0.964,0.968,0.96,0.968,-1.024,-1.032,-1.036,-1.008,-0.976,-0.996,-1.008,1.024,1.04,1.044,1.044,-1.076,-1.072,-1.064,-1.08,1.076,1.076,0.94,-0.936,0.964,0.96,-0.976,-0.996,0.964,0.956,0.968,-0.972,-0.98,-0.988,-1.004,-1.032,-1.06,1.092,1.08,1.072,1.076,1.048,-1.076,1.112,1.116,1.12,1.08,-1.076,-1.064,-1.08,-1.08,-1.08,-1.076,-1.088,-1.052,1.048,1.036,-1.064,1.1,1.1,1.104,1.108,1.064,-1.068,-1.06,1.084,1.056,1.044,1.056,1.06,1.068,1.072,1.06,-1.084,-1.076,-1.072,-1.084,-1.08,1.1,1.104,1.1,1.104,1.1,-1.088,1.092,1.08,1.076,-0.94,1,-0.992,-0.992,-0.992,-1.02,1.004,1.024,1.012,-1.004,-1.024,-1.056,-1.08,1.064,1.056,1.06,1.06,-1.036,1.004,1.004,-1.008,1.016,1.008,1.004,1,-0.98,-0.976,-0.98,-0.988,-0.98,-0.984,1,1.008,-1.056,-1.064,-1.068,-1.068,-1.064,-1.076,1.048,-1.044,-1.064,-1.064,-1.08,-1.096,-1.08,-1.068,-1.064,-1.08,-1.08,0.948,0.964,-0.948,-0.96,1.036,-1.056,-1.096,-1.104,1.084,1.08,1.1,1.112,-1.084,-1.092,1.052,1.052,1.064,1.072,1.076,-1.068,1.048,1.044,0.94,-0.948,-0.96,-0.96,-0.964,-0.976,0.976,-0.984,-0.972,-0.964,-0.928,-0.932,-0.932,-0.936,-1.012,-1.004,0.972,0.996,-1.012,1.02,1.028,1.04,1.048
-1.072,-1.096,-1.092,-1.088,-1.088,-1.076,-1.072,1.052,1.056,1.076,1.068,1.084,1.076,1.08,-1.044,-1.028,-0.976,0.96,0.964,-0.968,0.912,0.908,0.908,-0.9,1.08,-0.976,0.968,-0.992,-0.992,-1.06,-1.048,-1.06,-1.064,-1.068,-1.064,1.008,1.016,1.028,-1.044,-1.048,1.052,1.06,-1.064,-1.048,1.064,1.068,1.08,1.08,1.08,-1.08,-1.072,-1.072,-1.064,-1.04,-1.032,0.972,0.972,0.968,0.972,-0.968,0.92,1.1,1.096,-1.08,1.12,1.108,-1.096,-1.104,-1.076,-1.072,-1.084,-1.092,-1.088,-1.08,1.08,1.04,1.052,1.048,1.044,1.068,1.056,1.052,-1,-0.996,-0.992,-0.988,-0.968,0.964,0.964,0.968,0.96,0.968,0.976,0.968,0.964,0.992,-0.976,-0.996,-1.008,1.024,1.04,1.044,1.044,-1.076,-1.072,-1.064,-1.08,1.076,1.076,-1.06,1.064,-1.036,-1.04,1.024,1.004,-1.036,-1.044,-1.032,1.028,1.02,1.012,0.996,0.968,0.94,-0.908,-0.92,-0.928,-0.924,-0.952,-1.076,1.112,1.116,1.12,1.08,-1.076,-1.064,-1.08,-1.08,-1.08,-1.076,-1.088,-1.052,1.048,1.036,-1.064,1.1,1.1,1.104,1.108,-0.936,0.932,0.94,-0.916,-0.944,-0.956,-0.944,-0.94,-0.932,-0.928,-0.94,0.916,0.924,0.928,0.916,0.92,-0.9,-0.896,-0.9,-0.896,-0.9,0.912,-0.908,-0.92,-0.924,-0.94,1,-0.992,-0.992,-0.992,-1.02,1.004,1.024,1.012,-1.004,-1.024,-1.056,-1.08,1.064,1.056,1.06,1.06,-1.036,1.004,-0.996,0.992,-0.984,-0.992,-0.996,-1,-0.98,-0.976,-0.98,-0.988,-0.98,-0.984,1,1.008,-1.056,-1.064,-1.068,-1.068,-1.064,-1.076,1.048,-1.044,-1.064,-1.064,-1.08,-1.096,-1.08,-1.068,-1.064,-1.08,-1.08,0.948,0.964,-0.948,-0.96,1.036,-1.056,-1.096,-1.104,1.084,1.08,1.1,1.112,-1.084,-1.092,1.052,1.052,1.064,1.072,1.076,-1.068,1.048,1.044,-1.06,-0.948,-0.96,-0.96,-0.964,-0.976,0.976,-0.984,-0.972,-0.964,-0.928,-0.932,-0.932,-0.936,-1.012,-1.004,0.972,0.996,-1.012,1.02,1.028,1.04,1.048
-1.072,-1.096,-1.092,-1.088,-1.088,-1.076,-1.072,1.052,1.056,1.076,1.068,1.084,1.076,1.08,-1.044,-1.028,-0.976,-1.04,-1.036,1.032,-1.088,-1.092,-1.092,1.1,1.08,-0.976,0.968,-0.992,-0.992,-1.06,-1.048,-1.06,-1.064,-1.068,-1.064,1.008,1.016,1.028,-1.044,-1.048,1.052,1.06,-1.064,-1.048,1.064,1.068,1.08,1.08,1.08,-1.08,-1.072,-1.072,-1.064,-1.04,-1.032,0.972,0.972,0.968,0.972,-0.968,0.92,-0.9,-0.904,0.92,1.12,1.108,-1.096,-1.104,-1.076,-1.072,-1.084,-1.092,-1.088,-1.08,1.08,1.04,1.052,1.048,1.044,1.068,1.056,1.052,-1,-0.996,-0.992,-0.988,-0.968,-1.036,-1.036,-1.032,-1.04,-1.032,-1.024,-1.032,-1.036,-1.008,-0.976,-0.996,-1.008,1.024,1.04,1.044,1.044,-1.076,-1.072,-1.064,-1.08,1.076,1.076,-1.06,1.064,-1.036,-1.04,1.024,1.004,-1.036,-1.044,-1.032,-0.972,-0.98,-0.988,-1.004,-1.032,-1.06,1.092,1.08,1.072,1.076,1.048,-1.076,1.112,1.116,1.12,1.08,-1.076,0.936,0.92,0.92,0.92,0.924,0.912,0.948,1.048,1.036,-1.064,1.1,1.1,1.104,1.108,1.064,-1.068,-1.06,1.084,1.056,1.044,1.056,1.06,1.068,1.072,1.06,-1.084,-1.076,-1.072,-1.084,-1.08,1.1,1.104,1.1,1.104,1.1,-1.088,1.092,1.08,1.076,1.06,-1,1.008,1.008,1.008,0.98,-0.996,1.024,1.012,-1.004,-1.024,-1.056,-1.08,1.064,1.056,1.06,1.06,-1.036,1.004,1.004,-1.008,1.016,1.008,1.004,1,1.02,1.024,1.02,1.012,1.02,1.016,-1,-0.992,-1.056,-1.064,-1.068,-1.068,-1.064,-1.076,1.048,-1.044,-1.064,-1.064,-1.08,-1.096,-1.08,-1.068,-1.064,-1.08,-1.08,-1.052,-1.036,1.052,1.04,-0.964,0.944,0.904,0.896,-0.916,-0.92,-0.9,-0.888,0.916,0.908,1.052,1.052,1.064,1.072,1.076,-1.068,-0.952,-0.956,0.94,-0.948,-0.96,-0.96,-0.964,-0.976,0.976,-0.984,-0.972,-0.964,-0.928,-0.932,-0.932,-0.936,-1.012,-1.004,0.972,0.996,-1.012,1.02,1.028,1.04,1.048
0.928,0.904,0.908,0.912,0.912,0.924,0.928,-0.948,-0.944,1.076,1.068,1.084,1.076,1.08,-1.044,-1.028,-0.976,0.96,0.964,-0.968,0.912,0.908,0.908,-0.9,-0.92,-0.976,0.968,-0.992,-0.992,-1.06,-1.048,-1.06,-1.064,-1.068,-1.064,1.008,1.016,1.028,-1.044,-1.048,1.052,1.06,-1.064,-1.048,-0.936,-0.932,-0.92,-0.92,-0.92,0.92,0.928,0.928,0.936,-1.04,-1.032,0.972,0.972,0.968,0.972,-0.968,0.92,-0.9,-0.904,0.92,-0.88,-0.892,0.904,0.896,0.924,0.928,0.916,0.908,0.912,0.92,-0.92,-0.96,-0.948,-0.952,-0.956,-0.932,1.056,1.052,-1,-0.996,-0.992,-0.988,-0.968,0.964,0.964,0.968,0.96,0.968,0.976,0.968,0.964,0.992,1.024,1.004,0.992,-0.976,-0.96,-0.956,-0.956,0.924,0.928,0.936,0.92,-0.924,-0.924,0.94,-0.936,0.964,0.96,-0.976,-0.996,0.964,0.956,0.968,-0.972,-0.98,-0.988,-1.004,-1.032,-1.06,1.092,1.08,1.072,1.076,1.048,-1.076,1.112,1.116,1.12,-0.92,0.924,-1.064,-1.08,-1.08,-1.08,-1.076,-1.088,-1.052,-0.952,-0.964,0.936,-0.9,-0.9,-0.896,-0.892,-0.936,0.932,0.94,-0.916,-0.944,-0.956,-0.944,-0.94,-0.932,-0.928,-0.94,0.916,0.924,0.928,0.916,0.92,-0.9,-0.896,-0.9,-0.896,-0.9,0.912,-0.908,-0.92,-0.924,-0.94,1,-0.992,-0.992,-0.992,-1.02,1.004,1.024,-0.988,0.996,0.976,0.944,0.92,-0.936,-0.944,-0.94,-0.94,0.964,1.004,1.004,-1.008,1.016,1.008,1.004,1,1.02,1.024,1.02,1.012,1.02,1.016,-1,-0.992,0.944,0.936,0.932,0.932,0.936,0.924,-0.952,0.956,0.936,0.936,0.92,0.904,0.92,0.932,0.936,0.92,0.92,-1.052,-1.036,1.052,1.04,-0.964,0.944,0.904,0.896,-0.916,-0.92,-0.9,-0.888,0.916,0.908,-0.948,-0.948,-0.936,-0.928,-0.924,0.932,-0.952,-0.956,-1.06,1.052,1.04,1.04,1.036,1.024,-1.024,1.016,1.028,1.036,1.072,1.068,1.068,1.064,0.988,0.996,-1.028,-1.004,0.988,-0.98,-0.972,-0.96,-0.952
0.928,0.904,0.908,0.912,0.912,0.924,0.928,-0.948,-0.944,-0.924,-0.932,-0.916,-0.924,-0.92,0.956,0.972,1.024,-1.04,-1.036,1.032,-1.088,-1.092,-1.092,-0.9,-0.92,-0.976,0.968,-0.992,-0.992,-1.06,-1.048,-1.06,-1.064,-1.068,-1.064,1.008,1.016,1.028,-1.044,-1.048,1.052,1.06,-1.064,-1.048,-0.936,-0.932,-0.92,-0.92,-0.92,0.92,0.928,0.928,0.936,0.96,0.968,0.972,0.972,0.968,0.972,-0.968,0.92,-0.9,-0.904,0.92,-0.88,-0.892,0.904,0.896,0.924,0.928,0.916,0.908,0.912,0.92,-0.92,-0.96,-0.948,-0.952,-0.956,-0.932,1.056,1.052,-1,-0.996,-0.992,-0.988,-0.968,0.964,0.964,0.968,0.96,0.968,0.976,0.968,0.964,0.992,1.024,1.004,0.992,-0.976,-0.96,-0.956,-0.956,0.924,0.928,0.936,0.92,-0.924,-0.924,0.94,-0.936,0.964,0.96,-0.976,-0.996,-1.036,-1.044,-1.032,1.028,1.02,1.012,0.996,0.968,0.94,-0.908,-0.92,-0.928,-0.924,-0.952,0.924,-0.888,-0.884,-0.88,-0.92,0.924,0.936,0.92,0.92,0.92,0.924,0.912,-1.052,-0.952,-0.964,0.936,-0.9,-0.9,-0.896,-0.892,-0.936,0.932,0.94,-0.916,-0.944,-0.956,-0.944,-0.94,-0.932,-0.928,-0.94,0.916,0.924,0.928,0.916,0.92,-0.9,-0.896,-0.9,-0.896,-0.9,0.912,-0.908,-0.92,-0.924,-0.94,-1,1.008,1.008,1.008,0.98,-0.996,-0.976,-0.988,0.996,0.976,0.944,0.92,-0.936,-0.944,-0.94,-0.94,0.964,-0.996,-0.996,0.992,-0.984,-0.992,-0.996,-1,-0.98,-0.976,-0.98,-0.988,-0.98,-0.984,1,1.008,0.944,0.936,0.932,0.932,0.936,0.924,-0.952,0.956,0.936,0.936,0.92,0.904,0.92,0.932,0.936,0.92,0.92,0.948,0.964,-0.948,-0.96,-0.964,0.944,0.904,0.896,-0.916,-0.92,-0.9,-0.888,0.916,0.908,-0.948,-0.948,-0.936,-0.928,-0.924,0.932,-0.952,-0.956,0.94,-0.948,-0.96,-0.96,-0.964,-0.976,0.976,-0.984,-0.972,-0.964,-0.928,-0.932,-0.932,-0.936,-1.012,-1.004,0.972,0.996,-1.012,-0.98,-0.972,-0.96,-0.952
0.928,0.904,0.908,0.912,-1.088,-1.076,-1.072,1.052,1.056,1.076,1.068,1.084,1.076,1.08,-1.044,-1.028,-0.976,0.96,0.964,-0.968,0.912,0.908,0.908,-0.9,-0.92,-0.976,0.968,-0.992,-0.992,-1.06,-1.048,-1.06,-1.064,-1.068,-1.064,-0.992,-0.984,-0.972,0.956,0.952,-0.948,-0.94,0.936,0.952,-0.936,-0.932,-0.92,-0.92,-0.92,0.92,0.928,0.928,0.936,0.96,0.968,-1.028,-1.028,-1.032,-1.028,1.032,-1.08,1.1,1.096,-1.08,1.12,1.108,-1.096,-1.104,-1.076,-1.072,-1.084,0.908,0.912,0.92,-0.92,-0.96,-0.948,-0.952,-0.956,-0.932,-0.944,-0.948,1,1.004,1.008,1.012,-0.968,0.964,0.964,0.968,0.96,0.968,0.976,0.968,0.964,0.992,1.024,1.004,0.992,-0.976,-0.96,-0.956,-0.956,0.924,0.928,0.936,0.92,-0.924,-0.924,0.94,-0.936,0.964,0.96,-0.976,-0.996,0.964,0.956,0.968,-0.972,-0.98,-0.988,-1.004,-1.032,-1.06,1.092,1.08,1.072,1.076,1.048,-1.076,-0.888,-0.884,-0.88,-0.92,0.924,0.936,0.92,0.92,0.92,0.924,-1.088,-1.052,-0.952,-0.964,0.936,-0.9,-0.9,-0.896,-0.892,-0.936,0.932,0.94,-0.916,-0.944,-0.956,-0.944,-0.94,-0.932,-0.928,-0.94,0.916,0.924,0.928,0.916,0.92,-0.9,-0.896,-0.9,-0.896,-0.9,0.912,-0.908,-0.92,1.076,1.06,-1,1.008,1.008,1.008,0.98,-0.996,-0.976,-0.988,0.996,0.976,0.944,0.92,-0.936,-0.944,-0.94,-0.94,0.964,-0.996,-0.996,0.992,-0.984,-0.992,-0.996,-1,-0.98,-0.976,-0.98,-0.988,-0.98,-0.984,1,1.008,-1.056,-1.064,-1.068,0.932,0.936,0.924,-0.952,0.956,0.936,0.936,0.92,0.904,0.92,0.932,0.936,0.92,0.92,0.948,0.964,-0.948,-0.96,1.036,-1.056,-1.096,-1.104,1.084,1.08,1.1,1.112,-1.084,0.908,1.052,1.052,1.064,1.072,1.076,-1.068,1.048,1.044,-1.06,1.052,1.04,1.04,1.036,1.024,-1.024,1.016,1.028,1.036,1.072,1.068,1.068,1.064,0.988,0.996,-1.028,-1.004,0.988,-0.98,-0.972,-0.96,-0.952
-1.072,-1.096,-1.092,-1.088,-1.088,-1.076,-1.072,1.052,1.056,1.076,1.068,1.084,1.076,1.08,-1.044,-1.028,-0.976,0.96,0.964,-0.968,-1.088,-1.092,-1.092,1.1,1.08,-0.976,0.968,-0.992,-0.992,-1.06,-1.048,-1.06,-1.064,-1.068,-1.064,1.008,1.016,1.028,-1.044,-1.048,1.052,1.06,-1.064,-1.048,1.064,1.068,1.08,1.08,1.08,-1.08,-1.072,-1.072,-1.064,-1.04,-1.032,0.972,0.972,0.968,0.972,-0.968,0.92,-0.9,-0.904,-1.08,1.12,1.108,-1.096,-1.104,-1.076,-1.072,-1.084,-1.092,-1.088,-1.08,1.08,1.04,1.052,1.048,1.044,1.068,1.056,1.052,-1,-0.996,-0.992,-0.988,-0.968,0.964,0.964,0.968,0.96,0.968,0.976,0.968,0.964,0.992,-0.976,-0.996,-1.008,1.024,1.04,1.044,1.044,-1.076,-1.072,-1.064,-1.08,1.076,1.076,-1.06,1.064,-1.036,-1.04,1.024,1.004,-1.036,-1.044,-1.032,1.028,1.02,-0.988,-1.004,-1.032,-1.06,1.092,1.08,1.072,1.076,1.048,-1.076,1.112,1.116,1.12,1.08,-1.076,0.936,0.92,0.92,0.92,0.924,0.912,0.948,1.048,1.036,-1.064,1.1,1.1,1.104,1.108,1.064,-1.068,-1.06,1.084,1.056,1.044,1.056,1.06,1.068,1.072,1.06,0.916,0.924,0.928,0.916,0.92,-0.9,-0.896,-0.9,-0.896,-0.9,0.912,-0.908,-0.92,-0.924,-0.94,1,-0.992,-0.992,-0.992,-1.02,1.004,1.024,1.012,-1.004,-1.024,-1.056,-1.08,1.064,1.056,1.06,1.06,-1.036,1.004,1.004,-1.008,1.016,1.008,1.004,1,1.02,1.024,1.02,1.012,1.02,1.016,-1,-0.992,0.944,0.936,0.932,0.932,-1.064,-1.076,1.048,-1.044,-1.064,-1.064,-1.08,-1.096,-1.08,-1.068,-1.064,-1.08,-1.08,-1.052,-1.036,1.052,1.04,-0.964,0.944,0.904,0.896,1.084,1.08,1.1,1.112,-1.084,-1.092,1.052,1.052,1.064,1.072,1.076,-1.068,1.048,1.044,-1.06,1.052,1.04,1.04,1.036,1.024,-1.024,1.016,1.028,1.036,1.072,1.068,1.068,1.064,0.988,0.996,-1.028,-1.004,0.988,1.02,1.028,1.04,1.048
0.928,0.904,0.908,-1.088,-1.088,-1.076,-1.072,1.052,1.056,1.076,1.068,1.084,1.076,1.08,-1.044,-1.028,-0.976,0.96,0.964,-0.968,0.912,0.908,0.908,-0.9,-0.92,-0.976,0.968,1.008,1.008,0.94,0.952,0.94,0.936,0.932,0.936,-0.992,-0.984,-0.972,0.956,0.952,-0.948,-0.94,0.936,0.952,-0.936,-0.932,-0.92,-0.92,-0.92,0.92,0.928,0.928,0.936,0.96,0.968,-1.028,-1.028,-1.032,-1.028,1.032,-1.08,1.1,1.096,-1.08,1.12,-0.892,0.904,0.896,0.924,0.928,0.916,0.908,0.912,0.92,-0.92,-0.96,-0.948,-0.952,-0.956,-0.932,-0.944,-0.948,1,1.004,1.008,1.012,1.032,-1.036,-1.036,-1.032,-1.04,-1.032,-1.024,-1.032,-1.036,0.992,1.024,1.004,0.992,-0.976,-0.96,-0.956,-0.956,0.924,0.928,0.936,0.92,-0.924,-0.924,0.94,-0.936,0.964,0.96,-0.976,-0.996,0.964,0.956,0.968,-0.972,-0.98,-0.988,-1.004,-1.032,-1.06,1.092,1.08,1.072,1.076,1.048,-1.076,1.112,1.116,1.12,-0.92,0.924,-1.064,-1.08,-1.08,-1.08,-1.076,-1.088,-1.052,-0.952,-0.964,0.936,-0.9,-0.9,-0.896,-0.892,1.064,-1.068,-1.06,1.084,1.056,1.044,1.056,1.06,1.068,1.072,1.06,-1.084,-1.076,-1.072,-1.084,-1.08,1.1,1.104,1.1,1.104,1.1,-1.088,1.092,1.08,1.076,1.06,-1,1.008,1.008,1.008,0.98,-0.996,-0.976,-0.988,0.996,0.976,0.944,0.92,-0.936,-0.944,-0.94,-0.94,0.964,1.004,1.004,-1.008,1.016,1.008,1.004,1,1.02,1.024,1.02,1.012,1.02,1.016,-1,-0.992,0.944,0.936,0.932,0.932,0.936,0.924,-0.952,0.956,0.936,0.936,0.92,0.904,0.92,0.932,0.936,0.92,0.92,0.948,0.964,-0.948,-0.96,-0.964,0.944,0.904,0.896,-0.916,-0.92,-0.9,-0.888,0.916,0.908,-0.948,-0.948,-0.936,-0.928,-0.924,0.932,-0.952,-0.956,0.94,-0.948,-0.96,-0.96,-0.964,-0.976,0.976,-0.984,-0.972,-0.964,-0.928,-0.932,-0.932,-0.936,-1.012,-1.004,0.972,0.996,-1.012,-0.98,-0.972,-0.96,-0.952
-1.072,-1.096,-1.092,-1.088,-1.088,-1.076,-1.072,1.052,1.056,-0.924,-0.932,-0.916,-0.924,-0.92,0.956,0.972,1.024,-1.04,-1.036,1.032,-1.088,-1.092,-1.092,1.1,1.08,1.024,-1.032,1.008,-0.992,-1.06,-1.048,-1.06,-1.064,-1.068,-1.064,1.008,1.016,1.028,-1.044,-1.048,1.052,1.06,-1.064,-1.048,1.064,1.068,1.08,1.08,1.08,-1.08,-1.072,-1.072,-1.064,-1.04,-1.032,0.972,0.972,0.968,0.972,-0.968,0.92,-0.9,-0.904,0.92,-0.88,1.108,-1.096,-1.104,-1.076,-1.072,-1.084,-1.092,-1.088,-1.08,1.08,1.04,1.052,1.048,1.044,1.068,1.056,1.052,-1,-0.996,-0.992,-0.988,-0.968,0.964,0.964,0.968,0.96,0.968,0.976,0.968,0.964,0.992,1.024,1.004,0.992,-0.976,-0.96,-0.956,-0.956,-1.076,-1.072,-1.064,-1.08,1.076,1.076,-1.06,1.064,-1.036,-1.04,1.024,1.004,0.964,0.956,0.968,-0.972,-0.98,-0.988,-1.004,-1.032,-1.06,1.092,1.08,1.072,1.076,1.048,-1.076,1.112,1.116,1.12,1.08,-1.076,-1.064,-1.08,-1.08,-1.08,-1.076,-1.088,0.948,1.048,1.036,-1.064,1.1,1.1,1.104,1.108,1.064,-1.068,-1.06,1.084,1.056,1.044,1.056,1.06,1.068,1.072,1.06,-1.084,-1.076,-1.072,-1.084,-1.08,1.1,1.104,1.1,1.104,1.1,-1.088,1.092,1.08,1.076,1.06,-1,1.008,1.008,1.008,0.98,1.004,1.024,1.012,-1.004,-1.024,-1.056,-1.08,1.064,1.056,1.06,1.06,-1.036,1.004,1.004,-1.008,1.016,1.008,1.004,1,1.02,1.024,1.02,1.012,1.02,1.016,-1,-0.992,0.944,0.936,0.932,0.932,0.936,0.924,-0.952,-1.044,-1.064,-1.064,-1.08,-1.096,0.92,0.932,0.936,0.92,0.92,0.948,0.964,-0.948,-0.96,1.036,-1.056,-1.096,-1.104,1.084,1.08,1.1,1.112,-1.084,-1.092,1.052,1.052,1.064,1.072,-0.924,0.932,-0.952,-0.956,0.94,-0.948,-0.96,-0.96,-0.964,-0.976,0.976,-0.984,-0.972,-0.964,-0.928,-0.932,-0.932,-0.936,-1.012,-1.004,0.972,0.996,-1.012,1.02,1.028,1.04,1.048
-1.072,-1.096,-1.092,-1.088,0.912,0.924,0.928,-0.948,-0.944,-0.924,-0.932,-0.916,-0.924,-0.92,0.956,0.972,1.024,-1.04,-1.036,1.032,-1.088,-1.092,-1.092,1.1,1.08,1.024,-1.032,1.008,1.008,0.94,0.952,0.94,0.936,0.932,0.936,-0.992,-0.984,-0.972,0.956,0.952,-0.948,1.06,-1.064,-1.048,1.064,1.068,1.08,1.08,1.08,-1.08,-1.072,-1.072,-1.064,-1.04,0.968,-1.028,-1.028,-1.032,-1.028,1.032,-1.08,1.1,1.096,-1.08,1.12,1.108,-1.096,-1.104,-1.076,-1.072,-1.084,-1.092,-1.088,-1.08,1.08,1.04,1.052,1.048,1.044,1.068,1.056,1.052,-1,-0.996,-0.992,-0.988,-0.968,0.964,0.964,0.968,0.96,0.968,0.976,0.968,0.964,-1.008,-0.976,-0.996,-1.008,1.024,1.04,1.044,1.044,-1.076,-1.072,-1.064,-1.08,1.076,1.076,-1.06,1.064,-1.036,-1.04,1.024,1.004,-1.036,-1.044,-1.032,1.028,1.02,1.012,0.996,0.968,0.94,-0.908,-0.92,-0.928,-0.924,1.048,-1.076,1.112,1.116,1.12,1.08,-1.076,0.936,0.92,0.92,0.92,0.924,0.912,0.948,1.048,1.036,-1.064,1.1,1.1,1.104,1.108,1.064,-1.068,-1.06,1.084,1.056,1.044,1.056,1.06,1.068,1.072,1.06,-1.084,-1.076,-1.072,-1.084,-1.08,1.1,1.104,1.1,1.104,1.1,-1.088,1.092,1.08,1.076,1.06,1,-0.992,-0.992,-0.992,-1.02,1.004,1.024,1.012,-1.004,-1.024,-1.056,-1.08,1.064,1.056,1.06,1.06,-1.036,1.004,1.004,-1.008,1.016,1.008,1.004,1,1.02,1.024,1.02,1.012,1.02,1.016,-1,-0.992,-1.056,-1.064,-1.068,-1.068,-1.064,-1.076,1.048,-1.044,-1.064,-1.064,-1.08,-1.096,0.92,0.932,0.936,0.92,0.92,0.948,0.964,-0.948,-0.96,1.036,-1.056,-1.096,-1.104,1.084,1.08,1.1,1.112,-1.084,-1.092,1.052,1.052,1.064,1.072,1.076,0.932,-0.952,-0.956,0.94,-0.948,-0.96,-0.96,-0.964,-0.976,0.976,-0.984,-0.972,-0.964,-0.928,-0.932,-0.932,-0.936,-1.012,-1.004,0.972,0.996,-1.012,1.02,1.028,1.04,1.048
0.928,0.904,0.908,0.912,0.912,0.924,0.928,-0.948,-0.944,-0.924,-0.932,-0.916,-0.924,-0.92,0.956,0.972,1.024,0.96,0.964,-0.968,0.912,0.908,0.908,-0.9,-0.92,1.024,-1.032,1.008,1.008,0.94,0.952,0.94,0.936,0.932,0.936,-0.992,-0.984,-0.972,0.956,0.952,-0.948,-0.94,0.936,0.952,-0.936,-0.932,-0.92,-0.92,-0.92,0.92,0.928,0.928,-1.064,-1.04,-1.032,0.972,0.972,0.968,0.972,-0.968,0.92,-0.9,-0.904,0.92,-0.88,-0.892,0.904,0.896,0.924,0.928,0.916,0.908,0.912,0.92,-0.92,-0.96,-0.948,-0.952,-0.956,-0.932,-0.944,-0.948,1,1.004,1.008,1.012,1.032,-1.036,-1.036,-1.032,-1.04,-1.032,-1.024,-1.032,-1.036,-1.008,-0.976,-0.996,-1.008,1.024,1.04,1.044,1.044,-1.076,-1.072,-1.064,0.92,-0.924,-0.924,-1.06,1.064,-1.036,-1.04,1.024,1.004,-1.036,-1.044,-1.032,1.028,1.02,1.012,0.996,0.968,0.94,-0.908,-0.92,-0.928,-0.924,-0.952,0.924,-0.888,-0.884,-0.88,-0.92,0.924,0.936,0.92,-1.08,-1.08,-1.076,-1.088,-1.052,-0.952,-0.964,0.936,-0.9,-0.9,-0.896,-0.892,-0.936,0.932,0.94,-0.916,-0.944,-0.956,-0.944,-0.94,-0.932,-0.928,-0.94,0.916,0.924,0.928,0.916,0.92,-0.9,-0.896,-0.9,-0.896,-0.9,0.912,-0.908,-0.92,-0.924,1.06,-1,1.008,1.008,1.008,0.98,-0.996,-0.976,-0.988,0.996,0.976,0.944,0.92,-0.936,-0.944,-0.94,-0.94,0.964,1.004,1.004,-1.008,1.016,1.008,1.004,1,1.02,1.024,1.02,1.012,1.02,1.016,-1,-0.992,0.944,0.936,0.932,0.932,0.936,0.924,-0.952,0.956,0.936,0.936,0.92,0.904,0.92,0.932,0.936,0.92,0.92,0.948,0.964,-0.948,-0.96,-0.964,0.944,0.904,0.896,-0.916,-0.92,-0.9,-0.888,0.916,0.908,1.052,1.052,1.064,1.072,1.076,-1.068,1.048,1.044,-1.06,1.052,1.04,1.04,1.036,1.024,-1.024,1.016,1.028,1.036,1.072,1.068,1.068,1.064,0.988,0.996,-1.028,-1.004,0.988,-0.98,-0.972,-0.96,-0.952
0.928,0.904,0.908,0.912,0.912,0.924,0.928,-0.948,-0.944,-0.924,-0.932,-0.916,-0.924,-0.92,0.956,0.972,1.024,0.96,0.964,-0.968,0.912,0.908,0.908,-0.9,-0.92,-0.976,0.968,-0.992,-0.992,0.94,0.952,0.94,0.936,0.932,0.936,-0.992,-0.984,-0.972,0.956,0.952,-0.948,-0.94,0.936,0.952,-0.936,-0.932,-0.92,-0.92,-0.92,0.92,0.928,0.928,0.936,0.96,0.968,0.972,0.972,0.968,0.972,-0.968,0.92,-0.9,-0.904,0.92,-0.88,-0.892,0.904,0.896,0.924,0.928,0.916,0.908,0.912,0.92,-0.92,-0.96,-0.948,-0.952,-0.956,-0.932,-0.944,-0.948,1,1.004,1.008,1.012,1.032,-1.036,-1.036,-1.032,-1.04,-1.032,-1.024,-1.032,-1.036,0.992,1.024,1.004,0.992,-0.976,-0.96,-0.956,-0.956,0.924,0.928,0.936,0.92,-0.924,-0.924,0.94,-0.936,0.964,0.96,-0.976,-0.996,0.964,0.956,0.968,-0.972,-0.98,-0.988,-1.004,-1.032,-1.06,1.092,1.08,1.072,1.076,1.048,-1.076,1.112,1.116,1.12,-0.92,0.924,0.936,0.92,0.92,0.92,0.924,0.912,-1.052,-0.952,-0.964,0.936,-0.9,-0.9,-0.896,-0.892,-0.936,0.932,0.94,-0.916,-0.944,-0.956,-0.944,-0.94,-0.932,-0.928,-0.94,0.916,0.924,0.928,0.916,0.92,-0.9,-0.896,-0.9,-0.896,-0.9,0.912,-0.908,-0.92,-0.924,1.06,-1,1.008,1.008,1.008,0.98,-0.996,-0.976,-0.988,0.996,0.976,0.944,0.92,-0.936,-0.944,-0.94,-0.94,0.964,-0.996,-0.996,0.992,-0.984,-0.992,1.004,1,1.02,1.024,1.02,1.012,1.02,1.016,-1,-0.992,0.944,0.936,0.932,0.932,0.936,0.924,-0.952,0.956,0.936,0.936,0.92,0.904,0.92,0.932,0.936,0.92,0.92,0.948,-1.036,1.052,1.04,-0.964,0.944,0.904,0.896,-0.916,-0.92,-0.9,-0.888,0.916,0.908,-0.948,-0.948,-0.936,-0.928,-0.924,0.932,-0.952,-0.956,0.94,-0.948,-0.96,-0.96,-0.964,-0.976,0.976,-0.984,-0.972,-0.964,-0.928,-0.932,-0.932,-0.936,-1.012,-1.004,0.972,0.996,-1.012,-0.98,-0.972,-0.96,-0.952
0.928,0.904,0.908,0.912,0.912,0.924,0.928,-0.948,-0.944,-0.924,-0.932,-0.916,-0.924,-0.92,0.956,0.972,1.024,-1.04,-1.036,1.032,0.912,0.908,0.908,-0.9,-0.92,1.024,-1.032,1.008,1.008,0.94,0.952,0.94,0.936,0.932,0.936,-0.992,-0.984,-0.972,0.956,0.952,-0.948,-0.94,0.936,0.952,-0.936,-0.932,-0.92,-0.92,-0.92,0.92,0.928,0.928,0.936,0.96,0.968,-1.028,0.972,0.968,0.972,-0.968,0.92,-0.9,-0.904,0.92,-0.88,-0.892,0.904,0.896,0.924,0.928,0.916,0.908,0.912,0.92,-0.92,-0.96,-0.948,-0.952,-0.956,-0.932,-0.944,-0.948,1,1.004,1.008,1.012,1.032,-1.036,-1.036,-1.032,-1.04,-1.032,-1.024,-1.032,-1.036,-1.008,-0.976,1.004,0.992,-0.976,-0.96,-0.956,-0.956,0.924,0.928,0.936,0.92,-0.924,-0.924,0.94,-0.936,0.964,0.96,-0.976,-0.996,0.964,0.956,0.968,-0.972,-0.98,-0.988,-1.004,-1.032,-1.06,-0.908,-0.92,-0.928,-0.924,-0.952,0.924,-0.888,-0.884,-0.88,-0.92,0.924,0.936,0.92,0.92,0.92,0.924,0.912,0.948,1.048,1.036,-1.064,1.1,1.1,1.104,-0.892,-0.936,0.932,0.94,-0.916,-0.944,-0.956,-0.944,-0.94,-0.932,-0.928,1.06,-1.084,-1.076,-1.072,-1.084,-1.08,1.1,1.104,1.1,1.104,1.1,-1.088,1.092,1.08,1.076,1.06,-1,1.008,1.008,1.008,0.98,-0.996,-0.976,-0.988,0.996,0.976,0.944,0.92,-0.936,-0.944,-0.94,-0.94,-1.036,1.004,1.004,-1.008,1.016,1.008,1.004,1,1.02,1.024,1.02,1.012,1.02,1.016,-1,-0.992,0.944,0.936,0.932,0.932,0.936,0.924,-0.952,0.956,0.936,0.936,0.92,0.904,0.92,0.932,0.936,0.92,0.92,-1.052,-1.036,1.052,1.04,-0.964,0.944,0.904,0.896,-0.916,-0.92,-0.9,-0.888,0.916,0.908,-0.948,-0.948,-0.936,-0.928,-0.924,0.932,1.048,1.044,-1.06,1.052,1.04,1.04,1.036,1.024,-1.024,1.016,1.028,1.036,1.072,1.068,1.068,1.064,0.988,0.996,-1.028,-1.004,0.988,-0.98,-0.972,-0.96,-0.952
0.928,0.904,0.908,0.912,0.912,0.924,0.928,-0.948,-0.944,-0.924,-0.932,-0.916,-0.924,-0.92,0.956,0.972,1.024,-1.04,-1.036,1.032,-1.088,-1.092,-1.092,-0.9,-0.92,-0.976,0.968,1.008,1.008,0.94,0.952,0.94,0.936,0.932,0.936,-0.992,-0.984,-0.972,0.956,0.952,-0.948,-0.94,0.936,0.952,-0.936,-0.932,-0.92,-0.92,-0.92,0.92,0.928,0.928,0.936,0.96,0.968,-1.028,0.972,0.968,0.972,-0.968,0.92,-0.9,-0.904,0.92,-0.88,-0.892,0.904,0.896,0.924,0.928,0.916,0.908,0.912,0.92,-0.92,-0.96,-0.948,-0.952,-0.956,-0.932,-0.944,-0.948,1,1.004,1.008,1.012,1.032,0.964,0.964,0.968,0.96,0.968,0.976,0.968,0.964,0.992,1.024,1.004,0.992,-0.976,-0.96,-0.956,-0.956,0.924,0.928,0.936,0.92,-0.924,-0.924,0.94,-0.936,0.964,0.96,-0.976,-0.996,0.964,0.956,0.968,-0.972,-0.98,-0.988,-1.004,-1.032,-1.06,-0.908,-0.92,-0.928,-0.924,-0.952,0.924,-0.888,-0.884,-0.88,-0.92,0.924,0.936,0.92,0.92,0.92,0.924,0.912,0.948,1.048,1.036,-1.064,1.1,1.1,1.104,-0.892,-0.936,0.932,0.94,-0.916,-0.944,-0.956,-0.944,-0.94,-0.932,-0.928,-0.94,0.916,0.924,-1.072,-1.084,-1.08,1.1,1.104,1.1,1.104,1.1,-1.088,1.092,1.08,1.076,1.06,-1,1.008,1.008,1.008,0.98,-0.996,-0.976,-0.988,0.996,0.976,0.944,0.92,-0.936,-0.944,-0.94,-0.94,0.964,-0.996,-0.996,0.992,-0.984,1.008,1.004,1,1.02,1.024,1.02,1.012,1.02,1.016,-1,-0.992,0.944,0.936,0.932,0.932,0.936,0.924,-0.952,0.956,0.936,0.936,0.92,0.904,0.92,0.932,0.936,0.92,0.92,0.948,0.964,1.052,1.04,-0.964,0.944,0.904,0.896,-0.916,-0.92,-0.9,-0.888,0.916,0.908,-0.948,-0.948,-0.936,-0.928,-0.924,0.932,-0.952,-0.956,0.94,-0.948,-0.96,-0.96,-0.964,-0.976,0.976,-0.984,-0.972,-0.964,-0.928,-0.932,-0.932,-0.936,-1.012,-1.004,0.972,0.996,-1.012,-0.98,-0.972,-0.96,-0.952
-1.072,-1.096,-1.092,-1.088,-1.088,-1.076,-1.072,1.052,1.056,1.076,1.068,1.084,1.076,1.08,-1.044,-1.028,-0.976,0.96,-1.036,1.032,-1.088,-1.092,-1.092,1.1,1.08,1.024,-1.032,1.008,1.008,0.94,-1.048,-1.06,-1.064,-1.068,-1.064,1.008,1.016,1.028,-1.044,-1.048,1.052,1.06,-1.064,-1.048,1.064,1.068,1.08,1.08,1.08,-1.08,-1.072,-1.072,-1.064,-1.04,-1.032,0.972,0.972,0.968,0.972,-0.968,0.92,-0.9,-0.904,0.92,-0.88,1.108,-1.096,-1.104,-1.076,-1.072,-1.084,-1.092,-1.088,-1.08,1.08,1.04,1.052,1.048,1.044,1.068,1.056,1.052,-1,-0.996,-0.992,-0.988,-0.968,0.964,0.964,0.968,0.96,0.968,0.976,0.968,0.964,0.992,-0.976,-0.996,-1.008,1.024,1.04,1.044,1.044,-1.076,-1.072,-1.064,-1.08,1.076,1.076,-1.06,1.064,-1.036,-1.04,1.024,1.004,-1.036,-1.044,-1.032,1.028,1.02,1.012,0.996,-1.032,-1.06,1.092,1.08,1.072,1.076,1.048,-1.076,1.112,1.116,1.12,1.08,-1.076,-1.064,-1.08,-1.08,-1.08,-1.076,0.912,0.948,1.048,1.036,-1.064,1.1,1.1,1.104,1.108,1.064,-1.068,-1.06,1.084,1.056,1.044,1.056,1.06,1.068,1.072,1.06,-1.084,-1.076,-1.072,-1.084,-1.08,1.1,1.104,1.1,1.104,1.1,-1.088,1.092,1.08,1.076,1.06,1,-0.992,-0.992,-0.992,-1.02,1.004,1.024,1.012,-1.004,-1.024,-1.056,-1.08,1.064,1.056,1.06,1.06,-1.036,1.004,1.004,-1.008,1.016,1.008,1.004,1,1.02,1.024,1.02,1.012,1.02,1.016,-1,-0.992,0.944,0.936,0.932,-1.068,-1.064,-1.076,1.048,-1.044,-1.064,-1.064,-1.08,-1.096,-1.08,-1.068,-1.064,-1.08,-1.08,-1.052,0.964,-0.948,-0.96,1.036,-1.056,-1.096,-1.104,1.084,1.08,1.1,1.112,-1.084,-1.092,1.052,1.052,1.064,1.072,1.076,-1.068,1.048,1.044,-1.06,1.052,1.04,1.04,1.036,1.024,-1.024,1.016,1.028,1.036,1.072,1.068,1.068,1.064,0.988,0.996,0.972,0.996,-1.012,1.02,1.028,1.04,1.048
0.928,0.904,0.908,0.912,0.912,0.924,0.928,-0.948,-0.944,-0.924,-0.932,-0.916,-0.924,-0.92,0.956,0.972,-0.976,0.96,0.964,-0.968,0.912,0.908,0.908,-0.9,-0.92,-0.976,0.968,-0.992,-0.992,0.94,0.952,0.94,0.936,0.932,0.936,-0.992,-0.984,-0.972,0.956,0.952,-0.948,-0.94,0.936,0.952,-0.936,-0.932,-0.92,-0.92,-0.92,0.92,0.928,0.928,0.936,0.96,0.968,-1.028,-1.028,-1.032,-1.028,1.032,-1.08,-0.9,-0.904,0.92,-0.88,-0.892,0.904,0.896,0.924,0.928,0.916,0.908,0.912,0.92,-0.92,-0.96,-0.948,-0.952,-0.956,-0.932,-0.944,-0.948,1,1.004,1.008,1.012,1.032,-1.036,-1.036,-1.032,-1.04,-1.032,-1.024,-1.032,-1.036,0.992,1.024,1.004,0.992,-0.976,-0.96,-0.956,-0.956,0.924,0.928,0.936,0.92,-0.924,-0.924,0.94,-0.936,0.964,0.96,-0.976,-0.996,0.964,0.956,0.968,-0.972,-0.98,-0.988,-1.004,-1.032,-1.06,-0.908,-0.92,-0.928,-0.924,-0.952,0.924,-0.888,-0.884,-0.88,-0.92,0.924,-1.064,-1.08,-1.08,-1.08,-1.076,-1.088,-1.052,-0.952,-0.964,0.936,-0.9,-0.9,-0.896,-0.892,-0.936,0.932,0.94,-0.916,-0.944,-0.956,-0.944,-0.94,-0.932,-0.928,-0.94,0.916,0.924,0.928,0.916,0.92,-0.9,-0.896,-0.9,-0.896,-0.9,0.912,-0.908,-0.92,-0.924,-0.94,-1,1.008,1.008,1.008,0.98,-0.996,-0.976,-0.988,0.996,0.976,0.944,0.92,-0.936,-0.944,-0.94,-0.94,0.964,1.004,1.004,-1.008,1.016,1.008,1.004,1,1.02,1.024,1.02,1.012,1.02,1.016,-1,-0.992,0.944,0.936,0.932,0.932,0.936,0.924,-0.952,0.956,0.936,0.936,0.92,0.904,0.92,0.932,0.936,0.92,0.92,0.948,0.964,-0.948,-0.96,1.036,-1.056,-1.096,-1.104,-0.916,-0.92,-0.9,-0.888,0.916,0.908,-0.948,-0.948,-0.936,-0.928,-0.924,0.932,-0.952,-0.956,0.94,-0.948,-0.96,-0.96,-0.964,-0.976,0.976,-0.984,-0.972,-0.964,-0.928,-0.932,-0.932,-0.936,-1.012,-1.004,0.972,0.996,-1.012,-0.98,-0.972,-0.96,-0.952
-1.072,-1.096,-1.092,-1.088,-1.088,-1.076,-1.072,1.052,1.056,1.076,1.068,1.084,1.076,1.08,-1.044,-1.028,-0.976,-1.04,-1.036,1.032,-1.088,-1.092,-1.092,1.1,1.08,1.024,-1.032,1.008,1.008,0.94,0.952,0.94,0.936,0.932,0.936,-0.992,-0.984,-0.972,-1.044,-1.048,1.052,1.06,-1.064,-1.048,1.064,1.068,1.08,1.08,1.08,-1.08,-1.072,-1.072,-1.064,-1.04,-1.032,-1.028,-1.028,-1.032,-1.028,1.032,-1.08,1.1,1.096,-1.08,1.12,1.108,-1.096,-1.104,-1.076,-1.072,-1.084,-1.092,-1.088,-1.08,1.08,1.04,1.052,1.048,1.044,1.068,1.056,1.052,-1,-0.996,-0.992,-0.988,-0.968,0.964,0.964,0.968,0.96,0.968,0.976,0.968,0.964,0.992,1.024,1.004,0.992,1.024,1.04,1.044,1.044,-1.076,-1.072,-1.064,-1.08,1.076,1.076,-1.06,1.064,-1.036,-1.04,1.024,1.004,0.964,0.956,0.968,-0.972,-0.98,-0.988,-1.004,-1.032,-1.06,1.092,1.08,1.072,1.076,1.048,-1.076,1.112,1.116,1.12,1.08,-1.076,-1.064,-1.08,-1.08,-1.08,-1.076,-1.088,0.948,1.048,1.036,-1.064,1.1,1.1,1.104,1.108,1.064,-1.068,-1.06,1.084,1.056,1.044,1.056,1.06,1.068,1.072,1.06,0.916,0.924,0.928,0.916,0.92,-0.9,-0.896,-0.9,-0.896,-0.9,0.912,-0.908,-0.92,-0.924,-0.94,1,-0.992,-0.992,-0.992,-1.02,1.004,1.024,1.012,-1.004,-1.024,-1.056,-1.08,1.064,1.056,1.06,1.06,0.964,-0.996,-0.996,0.992,-0.984,-0.992,-0.996,-1,-0.98,-0.976,-0.98,-0.988,-0.98,-0.984,1,1.008,-1.056,-1.064,-1.068,-1.068,-1.064,-1.076,1.048,-1.044,-1.064,-1.064,-1.08,-1.096,-1.08,-1.068,-1.064,-1.08,-1.08,0.948,0.964,-0.948,-0.96,1.036,-1.056,-1.096,-1.104,1.084,1.08,1.1,1.112,-1.084,-1.092,-0.948,-0.948,-0.936,-0.928,-0.924,0.932,-0.952,-0.956,0.94,-0.948,-0.96,-0.96,-0.964,-0.976,0.976,-0.984,-0.972,-0.964,-0.928,-0.932,-0.932,-0.936,-1.012,-1.004,0.972,0.996,-1.012,1.02,1.028,1.04,1.048
-1.072,-1.096,-1.092,-1.088,-1.088,-1.076,-1.072,1.052,1.056,1.076,1.068,1.084,1.076,1.08,-1.044,-1.028,-0.976,0.96,0.964,-0.968,0.912,0.908,0.908,-0.9,1.08,-0.976,0.968,-0.992,-0.992,-1.06,-1.048,-1.06,-1.064,-1.068,-1.064,1.008,1.016,1.028,-1.044,-1.048,1.052,1.06,-1.064,-1.048,1.064,1.068,1.08,1.08,1.08,-1.08,-1.072,-1.072,-1.064,-1.04,-1.032,0.972,0.972,0.968,0.972,-0.968,-1.08,1.1,1.096,-1.08,1.12,1.108,-1.096,-1.104,-1.076,-1.072,-1.084,-1.092,-1.088,-1.08,1.08,1.04,1.052,1.048,1.044,1.068,1.056,1.052,-1,-0.996,-0.992,1.012,1.032,-1.036,-1.036,-1.032,-1.04,-1.032,-1.024,-1.032,-1.036,-1.008,-0.976,-0.996,-1.008,1.024,1.04,1.044,1.044,-1.076,-1.072,-1.064,-1.08,1.076,1.076,-1.06,1.064,-1.036,-1.04,1.024,1.004,-1.036,-1.044,-1.032,1.028,1.02,1.012,0.996,-1.032,-1.06,1.092,1.08,1.072,1.076,1.048,-1.076,1.112,1.116,1.12,1.08,-1.076,-1.064,-1.08,-1.08,-1.08,-1.076,-1.088,-1.052,-0.952,-0.964,0.936,-0.9,-0.9,-0.896,1.108,1.064,-1.068,-1.06,1.084,1.056,1.044,1.056,1.06,-0.932,-0.928,-0.94,0.916,0.924,0.928,0.916,0.92,-0.9,-0.896,-0.9,-0.896,-0.9,0.912,-0.908,-0.92,-0.924,-0.94,1,-0.992,-0.992,-0.992,-1.02,1.004,1.024,1.012,-1.004,-1.024,-1.056,-1.08,1.064,1.056,1.06,1.06,-1.036,1.004,1.004,-1.008,1.016,1.008,1.004,1,-0.98,-0.976,-0.98,-0.988,-0.98,-0.984,1,1.008,-1.056,-1.064,-1.068,-1.068,-1.064,-1.076,1.048,-1.044,-1.064,-1.064,-1.08,-1.096,0.92,0.932,0.936,0.92,0.92,0.948,0.964,-0.948,-0.96,1.036,-1.056,-1.096,-1.104,1.084,1.08,1.1,1.112,-1.084,-1.092,1.052,1.052,1.064,1.072,1.076,-1.068,1.048,1.044,-1.06,1.052,1.04,1.04,1.036,1.024,-1.024,1.016,1.028,1.036,1.072,1.068,1.068,1.064,-1.012,-1.004,0.972,0.996,-1.012,1.02,1.028,1.04,1.048
0.928,0.904,0.908,0.912,0.912,0.924,0.928,-0.948,-0.944,-0.924,-0.932,-0.916,-0.924,-0.92,0.956,0.972,1.024,-1.04,-1.036,1.032,0.912,0.908,0.908,-0.9,-0.92,-0.976,0.968,-0.992,-0.992,-1.06,-1.048,-1.06,-1.064,-1.068,-1.064,-0.992,-0.984,-0.972,0.956,0.952,-0.948,-0.94,0.936,0.952,-0.936,-0.932,-0.92,-0.92,-0.92,0.92,0.928,0.928,0.936,0.96,0.968,-1.028,-1.028,-1.032,0.972,-0.968,0.92,-0.9,-0.904,0.92,-0.88,-0.892,0.904,0.896,0.924,0.928,0.916,0.908,0.912,0.92,-0.92,-0.96,-0.948,-0.952,-0.956,-0.932,-0.944,-0.948,1,1.004,1.008,1.012,1.032,-1.036,-1.036,-1.032,-1.04,-1.032,-1.024,-1.032,-1.036,0.992,1.024,1.004,0.992,-0.976,-0.96,-0.956,-0.956,0.924,0.928,0.936,0.92,-0.924,-0.924,0.94,-0.936,0.964,0.96,-0.976,-0.996,0.964,0.956,0.968,-0.972,-0.98,-0.988,-1.004,-1.032,-1.06,1.092,1.08,1.072,1.076,1.048,0.924,-0.888,-0.884,-0.88,-0.92,0.924,-1.064,-1.08,-1.08,-1.08,-1.076,-1.088,-1.052,-0.952,-0.964,0.936,-0.9,-0.9,-0.896,-0.892,-0.936,0.932,0.94,-0.916,-0.944,-0.956,-0.944,-0.94,-0.932,-0.928,-0.94,0.916,0.924,0.928,0.916,0.92,-0.9,-0.896,-0.9,-0.896,-0.9,0.912,-0.908,-0.92,-0.924,-0.94,-1,1.008,1.008,1.008,0.98,-0.996,-0.976,-0.988,0.996,0.976,0.944,0.92,-0.936,-0.944,-0.94,-0.94,0.964,-0.996,-0.996,0.992,-0.984,-0.992,-0.996,-1,-0.98,-0.976,1.02,1.012,1.02,1.016,-1,-0.992,0.944,0.936,0.932,0.932,0.936,0.924,-0.952,0.956,0.936,0.936,0.92,0.904,0.92,0.932,0.936,0.92,0.92,-1.052,-1.036,1.052,1.04,-0.964,0.944,0.904,0.896,-0.916,-0.92,-0.9,-0.888,0.916,0.908,-0.948,-0.948,-0.936,-0.928,-0.924,0.932,-0.952,-0.956,0.94,-0.948,-0.96,-0.96,-0.964,-0.976,0.976,-0.984,-0.972,-0.964,-0.928,-0.932,-0.932,-0.936,-1.012,-1.004,0.972,0.996,-1.012,-0.98,-0.972,-0.96,-0.952
0.928,0.904,0.908,0.912,0.912,0.924,0.928,-0.948,-0.944,-0.924,-0.932,-0.916,-0.924,-0.92,0.956,0.972,-0.976,0.96,0.964,-0.968,0.912,0.908,0.908,-0.9,-0.92,-0.976,0.968,-0.992,-0.992,-1.06,-1.048,-1.06,-1.064,-1.068,-1.064,1.008,1.016,1.028,-1.044,-1.048,1.052,1.06,-1.064,-1.048,1.064,1.068,-0.92,-0.92,-0.92,0.92,0.928,0.928,0.936,0.96,0.968,-1.028,-1.028,-1.032,-1.028,1.032,-1.08,1.1,1.096,-1.08,-0.88,-0.892,0.904,0.896,0.924,0.928,0.916,0.908,0.912,0.92,-0.92,-0.96,-0.948,-0.952,-0.956,-0.932,-0.944,-0.948,1,1.004,1.008,1.012,1.032,-1.036,-1.036,-1.032,-1.04,-1.032,-1.024,-1.032,-1.036,-1.008,-0.976,-0.996,-1.008,-0.976,-0.96,-0.956,-0.956,0.924,0.928,0.936,0.92,-0.924,-0.924,-1.06,1.064,-1.036,-1.04,1.024,1.004,-1.036,-1.044,-1.032,1.028,1.02,1.012,0.996,0.968,0.94,-0.908,-0.92,-0.928,-0.924,-0.952,0.924,-0.888,-0.884,-0.88,-0.92,0.924,0.936,0.92,0.92,0.92,0.924,0.912,0.948,-0.952,-0.964,0.936,-0.9,-0.9,-0.896,-0.892,-0.936,0.932,0.94,-0.916,1.056,1.044,1.056,1.06,1.068,1.072,1.06,-1.084,-1.076,-1.072,-1.084,-1.08,1.1,1.104,1.1,1.104,1.1,-1.088,1.092,1.08,1.076,1.06,-1,1.008,1.008,1.008,0.98,-0.996,-0.976,-0.988,0.996,0.976,0.944,0.92,-0.936,-0.944,-0.94,-0.94,0.964,-0.996,-0.996,0.992,1.016,1.008,1.004,1,1.02,1.024,1.02,1.012,1.02,1.016,-1,-0.992,0.944,0.936,0.932,0.932,0.936,0.924,-0.952,0.956,0.936,0.936,0.92,0.904,0.92,0.932,0.936,0.92,0.92,-1.052,-1.036,1.052,1.04,-0.964,0.944,0.904,0.896,-0.916,-0.92,-0.9,-0.888,0.916,0.908,-0.948,-0.948,-0.936,-0.928,-0.924,0.932,-0.952,-0.956,0.94,-0.948,-0.96,-0.96,-0.964,-0.976,0.976,-0.984,-0.972,-0.964,-0.928,-0.932,-0.932,-0.936,0.988,0.996,-1.028,-1.004,0.988,-0.98,-0.972,-0.96,-0.952
0.928,0.904,0.908,0.912,0.912,-1.076,-1.072,1.052,1.056,1.076,1.068,1.084,1.076,1.08,-1.044,-1.028,-0.976,0.96,0.964,-0.968,0.912,0.908,0.908,-0.9,-0.92,-0.976,-1.032,1.008,1.008,0.94,0.952,0.94,0.936,0.932,0.936,-0.992,-0.984,-0.972,0.956,0.952,-0.948,-0.94,0.936,0.952,-0.936,-0.932,-0.92,-0.92,-0.92,0.92,0.928,0.928,0.936,0.96,0.968,0.972,0.972,0.968,0.972,-0.968,0.92,-0.9,-0.904,0.92,-0.88,-0.892,0.904,0.896,0.924,0.928,0.916,0.908,0.912,0.92,-0.92,-0.96,-0.948,-0.952,-0.956,-0.932,-0.944,-0.948,1,1.004,1.008,1.012,1.032,-1.036,-1.036,-1.032,-1.04,-1.032,-1.024,-1.032,-1.036,-1.008,1.024,1.004,0.992,-0.976,-0.96,-0.956,-0.956,0.924,0.928,0.936,0.92,-0.924,-0.924,0.94,-0.936,0.964,0.96,-0.976,-0.996,0.964,0.956,0.968,-0.972,-0.98,-0.988,-1.004,-1.032,0.94,-0.908,-0.92,-0.928,-0.924,-0.952,0.924,-0.888,-0.884,-0.88,-0.92,0.924,-1.064,-1.08,-1.08,-1.08,-1.076,-1.088,-1.052,-0.952,-0.964,0.936,-0.9,-0.9,-0.896,-0.892,-0.936,-1.068,-1.06,1.084,1.056,1.044,1.056,1.06,1.068,1.072,1.06,-1.084,-1.076,-1.072,-1.084,-1.08,1.1,1.104,1.1,1.104,1.1,-1.088,1.092,1.08,1.076,1.06,-1,1.008,1.008,1.008,0.98,-0.996,-0.976,-0.988,0.996,0.976,0.944,0.92,-0.936,-0.944,-0.94,-0.94,0.964,1.004,1.004,-1.008,1.016,1.008,1.004,1,1.02,1.024,1.02,1.012,1.02,1.016,-1,-0.992,0.944,0.936,0.932,0.932,0.936,0.924,-0.952,0.956,0.936,0.936,0.92,0.904,0.92,0.932,0.936,0.92,0.92,0.948,0.964,-0.948,-0.96,-0.964,0.944,0.904,0.896,-0.916,-0.92,-0.9,-0.888,0.916,0.908,-0.948,-0.948,-0.936,-0.928,-0.924,0.932,-0.952,-0.956,0.94,-0.948,-0.96,-0.96,-0.964,-0.976,0.976,-0.984,-0.972,-0.964,-0.928,-0.932,-0.932,-0.936,-1.012,-1.004,0.972,0.996,0.988,-0.98,-0.972,-0.96,-0.952
-1.072,-1.096,-1.092,-1.088,-1.088,-1.076,-1.072,1.052,1.056,1.076,1.068,1.084,1.076,1.08,-1.044,-1.028,-0.976,0.96,0.964,-0.968,-1.088,-1.092,-1.092,1.1,1.08,1.024,-1.032,-0.992,-0.992,-1.06,-1.048,-1.06,-1.064,-1.068,-1.064,1.008,1.016,1.028,-1.044,-1.048,1.052,1.06,-1.064,-1.048,1.064,1.068,1.08,1.08,1.08,-1.08,-1.072,-1.072,-1.064,-1.04,-1.032,0.972,0.972,0.968,0.972,-0.968,0.92,-0.9,-0.904,0.92,-0.88,-0.892,0.904,0.896,-1.076,-1.072,-1.084,-1.092,-1.088,-1.08,1.08,1.04,1.052,1.048,1.044,1.068,1.056,1.052,-1,-0.996,-0.992,-0.988,-0.968,0.964,0.964,0.968,0.96,0.968,0.976,0.968,0.964,0.992,1.024,1.004,0.992,-0.976,-0.96,-0.956,-0.956,0.924,-1.072,-1.064,-1.08,1.076,1.076,-1.06,1.064,-1.036,-1.04,1.024,1.004,-1.036,-1.044,-1.032,1.028,1.02,1.012,0.996,0.968,0.94,-0.908,-0.92,-0.928,-0.924,1.048,-1.076,1.112,1.116,1.12,1.08,-1.076,-1.064,-1.08,-1.08,-1.08,-1.076,-1.088,0.948,1.048,1.036,-1.064,1.1,1.1,1.104,1.108,1.064,-1.068,-1.06,1.084,1.056,1.044,1.056,-0.94,-0.932,-0.928,-0.94,0.916,0.924,0.928,0.916,0.92,-0.9,-0.896,-0.9,-0.896,-0.9,0.912,-0.908,-0.92,-0.924,-0.94,1,-0.992,-0.992,-0.992,-1.02,1.004,1.024,1.012,-1.004,-1.024,-1.056,-1.08,1.064,1.056,1.06,1.06,-1.036,-0.996,-0.996,0.992,-0.984,-0.992,-0.996,-1,-0.98,-0.976,-0.98,-0.988,-0.98,-0.984,1,1.008,-1.056,-1.064,-1.068,-1.068,-1.064,-1.076,1.048,-1.044,-1.064,-1.064,-1.08,-1.096,-1.08,-1.068,-1.064,-1.08,-1.08,0.948,0.964,-0.948,-0.96,1.036,-1.056,-1.096,-1.104,1.084,1.08,1.1,1.112,-1.084,-1.092,1.052,1.052,1.064,1.072,1.076,-1.068,1.048,1.044,-1.06,1.052,1.04,1.04,1.036,1.024,0.976,-0.984,-0.972,-0.964,-0.928,-0.932,-0.932,-0.936,-1.012,-1.004,0.972,0.996,-1.012,1.02,1.028,1.04,1.048
0.928,0.904,0.908,0.912,0.912,0.924,0.928,-0.948,-0.944,-0.924,-0.932,-0.916,-0.924,-0.92,0.956,0.972,1.024,-1.04,-1.036,1.032,0.912,0.908,0.908,-0.9,-0.92,-0.976,0.968,-0.992,-0.992,-1.06,-1.048,-1.06,-1.064,-1.068,-1.064,-0.992,-0.984,-0.972,0.956,0.952,-0.948,-0.94,0.936,0.952,-0.936,-0.932,-0.92,-0.92,-0.92,0.92,0.928,0.928,0.936,0.96,0.968,-1.028,-1.028,-1.032,-1.028,1.032,-1.08,1.1,1.096,-1.08,1.12,-0.892,0.904,0.896,0.924,0.928,0.916,0.908,0.912,0.92,-0.92,-0.96,-0.948,-0.952,-0.956,-0.932,-0.944,-0.948,1,1.004,1.008,1.012,1.032,-1.036,-1.036,-1.032,-1.04,-1.032,-1.024,-1.032,-1.036,-1.008,-0.976,-0.996,-1.008,-0.976,-0.96,-0.956,-0.956,0.924,0.928,0.936,0.92,-0.924,-0.924,0.94,-0.936,0.964,0.96,-0.976,-0.996,-1.036,-1.044,-1.032,1.028,1.02,1.012,0.996,0.968,0.94,-0.908,-0.92,-0.928,-0.924,-0.952,0.924,-0.888,-0.884,-0.88,-0.92,0.924,0.936,0.92,0.92,0.92,0.924,0.912,-1.052,-0.952,-0.964,0.936,-0.9,-0.9,-0.896,-0.892,-0.936,0.932,0.94,-0.916,-0.944,-0.956,-0.944,-0.94,-0.932,-0.928,-0.94,0.916,0.924,0.928,0.916,0.92,-0.9,-0.896,-0.9,-0.896,-0.9,0.912,-0.908,-0.92,-0.924,-0.94,1,-0.992,-0.992,-0.992,-1.02,1.004,1.024,-0.988,0.996,0.976,0.944,0.92,-0.936,-0.944,-0.94,-0.94,-1.036,1.004,1.004,-1.008,1.016,1.008,1.004,1,1.02,1.024,1.02,1.012,1.02,1.016,-1,-0.992,0.944,0.936,0.932,0.932,0.936,0.924,-0.952,0.956,0.936,0.936,0.92,0.904,0.92,0.932,0.936,0.92,-1.08,-1.052,-1.036,1.052,1.04,-0.964,0.944,0.904,0.896,-0.916,-0.92,-0.9,-0.888,0.916,0.908,-0.948,-0.948,-0.936,-0.928,-0.924,0.932,-0.952,-0.956,0.94,-0.948,-0.96,-0.96,-0.964,-0.976,0.976,-0.984,-0.972,-0.964,-0.928,-0.932,-0.932,-0.936,-1.012,-1.004,0.972,-1.004,0.988,-0.98,-0.972,-0.96,-0.952
-1.072,-1.096,-1.092,-1.088,-1.088,-1.076,-1.072,1.052,1.056,1.076,1.068,1.084,1.076,1.08,-1.044,-1.028,-0.976,0.96,0.964,-0.968,0.912,0.908,0.908,-0.9,-0.92,-0.976,0.968,-0.992,-0.992,-1.06,-1.048,-1.06,-1.064,-1.068,-1.064,1.008,1.016,1.028,-1.044,-1.048,1.052,-0.94,0.936,0.952,-0.936,-0.932,-0.92,-0.92,-0.92,0.92,0.928,0.928,0.936,0.96,0.968,-1.028,-1.028,-1.032,-1.028,1.032,-1.08,1.1,1.096,-1.08,-0.88,-0.892,0.904,0.896,0.924,0.928,0.916,0.908,0.912,0.92,-0.92,-0.96,-0.948,-0.952,-0.956,-0.932,-0.944,-0.948,1,1.004,-0.992,-0.988,-0.968,0.964,0.964,0.968,0.96,0.968,0.976,0.968,0.964,0.992,1.024,1.004,0.992,-0.976,-0.96,-0.956,-0.956,0.924,0.928,0.936,0.92,-0.924,-0.924,0.94,-0.936,0.964,0.96,-0.976,-0.996,0.964,0.956,0.968,-0.972,-0.98,-0.988,-1.004,0.968,0.94,-0.908,-0.92,-0.928,-0.924,-0.952,0.924,-0.888,-0.884,-0.88,-0.92,0.924,0.936,0.92,0.92,0.92,0.924,0.912,0.948,1.048,1.036,0.936,-0.9,-0.9,-0.896,-0.892,-0.936,0.932,-1.06,1.084,1.056,1.044,1.056,1.06,1.068,1.072,1.06,-1.084,-1.076,-1.072,-1.084,-1.08,1.1,1.104,1.1,1.104,1.1,-1.088,1.092,1.08,1.076,1.06,-1,1.008,1.008,1.008,0.98,-0.996,-0.976,-0.988,0.996,0.976,0.944,0.92,-0.936,-0.944,-0.94,-0.94,0.964,-0.996,-0.996,0.992,-0.984,-0.992,-0.996,-1,-0.98,-0.976,-0.98,-0.988,-0.98,-0.984,1,1.008,-1.056,-1.064,-1.068,-1.068,-1.064,-1.076,1.048,-1.044,0.936,0.936,0.92,0.904,0.92,0.932,0.936,0.92,0.92,0.948,0.964,-0.948,-0.96,1.036,-1.056,-1.096,-1.104,1.084,1.08,1.1,1.112,-1.084,0.908,-0.948,-0.948,-0.936,-0.928,-0.924,0.932,1.048,1.044,-1.06,1.052,1.04,1.04,1.036,1.024,-1.024,1.016,1.028,1.036,1.072,1.068,1.068,1.064,0.988,0.996,-1.028,-1.004,0.988,-0.98,-0.972,-0.96,-0.952
0.928,0.904,0.908,0.912,-1.088,-1.076,-1.072,1.052,1.056,1.076,1.068,1.084,1.076,1.08,-1.044,-1.028,-0.976,0.96,0.964,-0.968,0.912,0.908,0.908,-0.9,-0.92,-0.976,0.968,-0.992,-0.992,-1.06,-1.048,0.94,0.936,0.932,0.936,-0.992,-0.984,-0.972,0.956,0.952,-0.948,-0.94,0.936,0.952,-0.936,-0.932,-0.92,-0.92,-0.92,0.92,0.928,0.928,0.936,0.96,0.968,0.972,0.972,0.968,0.972,-0.968,0.92,-0.9,-0.904,0.92,-0.88,-0.892,0.904,0.896,0.924,0.928,0.916,0.908,0.912,0.92,-0.92,-0.96,-0.948,-0.952,-0.956,-0.932,-0.944,-0.948,1,1.004,1.008,1.012,1.032,-1.036,-1.036,-1.032,-1.04,-1.032,-1.024,-1.032,-1.036,-1.008,1.024,1.004,0.992,-0.976,-0.96,-0.956,-0.956,0.924,0.928,0.936,0.92,-0.924,-0.924,0.94,-0.936,0.964,-1.04,1.024,1.004,-1.036,-1.044,-1.032,1.028,1.02,1.012,0.996,0.968,0.94,-0.908,-0.92,-0.928,-0.924,-0.952,0.924,-0.888,-0.884,-0.88,-0.92,0.924,0.936,0.92,0.92,0.92,-1.076,-1.088,-1.052,-0.952,-0.964,0.936,-0.9,-0.9,-0.896,-0.892,-0.936,0.932,0.94,-0.916,-0.944,-0.956,-0.944,-0.94,-0.932,-0.928,-0.94,0.916,0.924,0.928,0.916,0.92,-0.9,-0.896,1.1,1.104,1.1,-1.088,1.092,1.08,1.076,1.06,-1,1.008,1.008,1.008,0.98,-0.996,-0.976,-0.988,0.996,0.976,0.944,0.92,-0.936,-0.944,-0.94,-0.94,0.964,-0.996,-0.996,0.992,-0.984,-0.992,-0.996,-1,1.02,1.024,1.02,1.012,1.02,1.016,-1,-0.992,0.944,0.936,0.932,0.932,0.936,0.924,-0.952,0.956,0.936,0.936,0.92,0.904,0.92,0.932,0.936,0.92,0.92,-1.052,-1.036,1.052,1.04,-0.964,0.944,0.904,0.896,-0.916,-0.92,-0.9,-0.888,0.916,0.908,-0.948,-0.948,-0.936,-0.928,-0.924,0.932,-0.952,-0.956,0.94,-0.948,-0.96,-0.96,-0.964,-0.976,0.976,-0.984,-0.972,-0.964,-0.928,-0.932,-0.932,-0.936,-1.012,-1.004,0.972,0.996,-1.012,-0.98,-0.972,-0.96,-0.952
-1.072,-1.096,-1.092,-1.088,-1.088,-1.076,-1.072,1.052,1.056,1.076,1.068,1.084,1.076,1.08,-1.044,-1.028,-0.976,0.96,0.964,-0.968,0.912,0.908,0.908,-0.9,1.08,1.024,-1.032,1.008,1.008,0.94,0.952,0.94,0.936,0.932,0.936,-0.992,-0.984,-0.972,0.956,0.952,-0.948,-0.94,0.936,0.952,-0.936,1.068,1.08,1.08,1.08,0.92,0.928,0.928,0.936,0.96,0.968,-1.028,-1.028,-1.032,-1.028,1.032,-1.08,1.1,1.096,-1.08,1.12,1.108,-1.096,-1.104,-1.076,-1.072,-1.084,-1.092,-1.088,-1.08,1.08,1.04,1.052,1.048,1.044,1.068,1.056,1.052,-1,-0.996,-0.992,-0.988,-0.968,0.964,0.964,0.968,0.96,0.968,0.976,0.968,0.964,-1.008,-0.976,-0.996,-1.008,1.024,1.04,1.044,1.044,-1.076,-1.072,-1.064,-1.08,1.076,1.076,-1.06,1.064,-1.036,-1.04,1.024,1.004,-1.036,-1.044,-1.032,1.028,1.02,1.012,0.996,0.968,0.94,-0.908,-0.92,-0.928,-0.924,-0.952,0.924,-0.888,-0.884,-0.88,1.08,-1.076,-1.064,-1.08,-1.08,-1.08,-1.076,-1.088,0.948,1.048,1.036,-1.064,1.1,1.1,1.104,1.108,-0.936,0.932,0.94,-0.916,-0.944,-0.956,-0.944,-0.94,-0.932,-0.928,-0.94,0.916,0.924,0.928,0.916,0.92,-0.9,-0.896,-0.9,-0.896,-0.9,0.912,-0.908,-0.92,-0.924,-0.94,1,-0.992,-0.992,-0.992,-1.02,1.004,1.024,1.012,-1.004,-1.024,-1.056,-1.08,1.064,1.056,1.06,1.06,-1.036,1.004,1.004,-1.008,1.016,1.008,1.004,1,1.02,1.024,1.02,1.012,1.02,1.016,-1,-0.992,0.944,0.936,0.932,0.932,0.936,0.924,-0.952,0.956,-1.064,-1.064,-1.08,-1.096,0.92,0.932,0.936,0.92,0.92,0.948,0.964,-0.948,-0.96,1.036,-1.056,-1.096,-1.104,1.084,1.08,1.1,1.112,-1.084,-1.092,1.052,1.052,1.064,1.072,1.076,-1.068,1.048,1.044,-1.06,1.052,1.04,1.04,1.036,1.024,-1.024,1.016,1.028,1.036,1.072,1.068,1.068,1.064,0.988,0.996,-1.028,0.996,-1.012,1.02,1.028,1.04,1.048
-1.072,-1.096,-1.092,-1.088,0.912,0.924,0.928,-0.948,-0.944,-0.924,-0.932,-0.916,-0.924,-0.92,0.956,0.972,1.024,-1.04,-1.036,1.032,-1.088,-1.092,-1.092,1.1,1.08,1.024,-1.032,-0.992,-0.992,-1.06,-1.048,-1.06,-1.064,-1.068,-1.064,1.008,1.016,1.028,-1.044,-1.048,1.052,1.06,-1.064,-1.048,1.064,1.068,1.08,1.08,1.08,-1.08,-1.072,-1.072,-1.064,-1.04,-1.032,0.972,0.972,0.968,0.972,-0.968,0.92,-0.9,-0.904,-1.08,1.12,1.108,-1.096,-1.104,-1.076,-1.072,-1.084,-1.092,-1.088,-1.08,1.08,1.04,1.052,1.048,1.044,1.068,1.056,1.052,-1,-0.996,-0.992,-0.988,-0.968,0.964,0.964,0.968,0.96,0.968,0.976,0.968,0.964,0.992,-0.976,-0.996,-1.008,1.024,1.04,1.044,1.044,-1.076,-1.072,-1.064,-1.08,1.076,1.076,-1.06,1.064,-1.036,-1.04,1.024,1.004,-1.036,-1.044,-1.032,1.028,1.02,1.012,0.996,0.968,0.94,1.092,1.08,1.072,1.076,1.048,-1.076,1.112,1.116,1.12,1.08,-1.076,-1.064,-1.08,-1.08,-1.08,-1.076,-1.088,-1.052,-0.952,-0.964,0.936,-0.9,-0.9,-0.896,1.108,1.064,-1.068,-1.06,1.084,1.056,1.044,1.056,1.06,1.068,1.072,1.06,-1.084,-1.076,-1.072,-1.084,-1.08,1.1,1.104,1.1,1.104,1.1,-1.088,1.092,1.08,1.076,1.06,-1,1.008,1.008,1.008,0.98,1.004,1.024,1.012,-1.004,-1.024,-1.056,-1.08,1.064,1.056,1.06,1.06,-1.036,1.004,1.004,0.992,-0.984,-0.992,-0.996,-1,-0.98,-0.976,-0.98,-0.988,-0.98,-0.984,1,1.008,-1.056,-1.064,-1.068,-1.068,-1.064,-1.076,1.048,-1.044,-1.064,-1.064,-1.08,-1.096,-1.08,-1.068,-1.064,-1.08,-1.08,-1.052,0.964,-0.948,-0.96,1.036,-1.056,-1.096,-1.104,1.084,1.08,1.1,1.112,-1.084,-1.092,1.052,1.052,1.064,1.072,1.076,-1.068,1.048,1.044,-1.06,1.052,1.04,1.04,1.036,1.024,-1.024,1.016,1.028,1.036,1.072,1.068,1.068,1.064,0.988,0.996,-1.028,-1.004,0.988,1.02,1.028,1.04,1.048
-1.072,-1.096,-1.092,-1.088,-1.088,-1.076,-1.072,1.052,1.056,1.076,1.068,1.084,1.076,1.08,-1.044,-1.028,-0.976,0.96,0.964,-0.968,0.912,0.908,0.908,-0.9,-0.92,-0.976,0.968,-0.992,-0.992,0.94,0.952,0.94,0.936,0.932,0.936,-0.992,-0.984,-0.972,0.956,0.952,-0.948,-0.94,0.936,0.952,-0.936,-0.932,-0.92,-0.92,-0.92,0.92,0.928,0.928,0.936,0.96,0.968,-1.028,-1.028,-1.032,-1.028,1.032,-1.08,1.1,1.096,-1.08,1.12,-0.892,0.904,0.896,0.924,0.928,0.916,0.908,0.912,0.92,-0.92,-0.96,-0.948,-0.952,1.044,1.068,1.056,1.052,-1,-0.996,-0.992,-0.988,-0.968,0.964,0.964,0.968,0.96,0.968,0.976,0.968,0.964,0.992,1.024,1.004,0.992,-0.976,-0.96,-0.956,-0.956,0.924,0.928,0.936,0.92,-0.924,-0.924,0.94,-0.936,0.964,0.96,-0.976,-0.996,0.964,0.956,0.968,-0.972,-0.98,-0.988,-1.004,-1.032,-1.06,1.092,1.08,1.072,1.076,1.048,-1.076,-0.888,-0.884,-0.88,-0.92,0.924,0.936,0.92,0.92,0.92,0.924,0.912,-1.052,-0.952,-0.964,0.936,-0.9,-0.9,-0.896,-0.892,-0.936,0.932,0.94,-0.916,-0.944,-0.956,-0.944,-0.94,-0.932,-0.928,-0.94,0.916,0.924,0.928,0.916,0.92,-0.9,-0.896,-0.9,-0.896,-0.9,0.912,-0.908,-0.92,-0.924,-0.94,-1,1.008,1.008,1.008,0.98,-0.996,-0.976,-0.988,0.996,0.976,0.944,0.92,-0.936,-0.944,-0.94,-0.94,0.964,-0.996,-0.996,0.992,-0.984,-0.992,-0.996,-1,-0.98,-0.976,-0.98,-0.988,-0.98,-0.984,1,1.008,0.944,0.936,0.932,0.932,0.936,0.924,-0.952,0.956,0.936,0.936,0.92,0.904,0.92,0.932,0.936,0.92,0.92,0.948,0.964,-0.948,-0.96,1.036,-1.056,-1.096,-1.104,1.084,1.08,1.1,1.112,-1.084,-1.092,-0.948,-0.948,-0.936,-0.928,-0.924,0.932,-0.952,-0.956,0.94,-0.948,-0.96,-0.96,-0.964,-0.976,0.976,-0.984,-0.972,-0.964,-0.928,-0.932,-0.932,-0.936,-1.012,-1.004,0.972,0.996,-1.012,1.02,1.028,-0.96,-0.952
-1.072,-1.096,-1.092,-1.088,-1.088,-1.076,-1.072,-0.948,-0.944,-0.924,-0.932,-0.916,-0.924,-0.92,0.956,0.972,1.024,-1.04,-1.036,1.032,-1.088,-1.092,-1.092,1.1,1.08,1.024,-1.032,1.008,1.008,0.94,0.952,0.94,0.936,0.932,0.936,-0.992,-0.984,-0.972,0.956,0.952,-0.948,-0.94,-1.064,-1.048,1.064,1.068,1.08,1.08,1.08,-1.08,-1.072,-1.072,-1.064,-1.04,-1.032,0.972,0.972,0.968,0.972,-0.968,0.92,-0.9,1.096,-1.08,1.12,1.108,-1.096,-1.104,-1.076,-1.072,-1.084,-1.092,-1.088,-1.08,1.08,1.04,1.052,1.048,1.044,1.068,1.056,1.052,-1,-0.996,-0.992,-0.988,-0.968,0.964,0.964,0.968,0.96,0.968,0.976,0.968,0.964,0.992,1.024,1.004,0.992,1.024,1.04,1.044,1.044,-1.076,-1.072,-1.064,-1.08,1.076,1.076,-1.06,1.064,-1.036,-1.04,1.024,1.004,-1.036,-1.044,0.968,-0.972,-0.98,-0.988,-1.004,-1.032,-1.06,1.092,1.08,1.072,1.076,1.048,-1.076,1.112,1.116,1.12,1.08,-1.076,-1.064,-1.08,-1.08,-1.08,-1.076,-1.088,0.948,1.048,1.036,-1.064,1.1,1.1,1.104,1.108,1.064,-1.068,-1.06,1.084,1.056,1.044,1.056,1.06,1.068,1.072,1.06,-1.084,-1.076,-1.072,-1.084,-1.08,1.1,1.104,1.1,1.104,1.1,-1.088,1.092,1.08,1.076,1.06,-1,1.008,1.008,1.008,0.98,-0.996,-0.976,1.012,-1.004,-1.024,-1.056,-1.08,1.064,1.056,1.06,1.06,-1.036,1.004,1.004,-1.008,1.016,1.008,1.004,1,1.02,1.024,1.02,1.012,1.02,1.016,-1,-0.992,0.944,0.936,0.932,0.932,0.936,0.924,-0.952,0.956,0.936,-1.064,-1.08,-1.096,-1.08,-1.068,-1.064,-1.08,-1.08,-1.052,-1.036,1.052,1.04,1.036,-1.056,-1.096,-1.104,1.084,1.08,1.1,1.112,-1.084,-1.092,1.052,1.052,1.064,1.072,1.076,-1.068,1.048,1.044,-1.06,1.052,1.04,1.04,1.036,1.024,-1.024,1.016,1.028,1.036,1.072,1.068,1.068,1.064,-1.012,-1.004,0.972,0.996,-1.012,1.02,1.028,1.04,1.048
-1.072,-1.096,-1.092,-1.088,-1.088,-1.076,-1.072,1.052,1.056,1.076,1.068,1.084,1.076,1.08,-1.044,-1.028,-0.976,0.96,0.964,-0.968,-1.088,-1.092,-1.092,1.1,1.08,1.024,-1.032,1.008,1.008,-1.06,-1.048,-1.06,-1.064,-1.068,-1.064,1.008,1.016,1.028,-1.044,-1.048,1.052,1.06,-1.064,-1.048,1.064,1.068,1.08,1.08,1.08,-1.08,-1.072,-1.072,-1.064,-1.04,-1.032,0.972,0.972,0.968,0.972,-0.968,0.92,-0.9,-0.904,0.92,-0.88,-0.892,0.904,-1.104,-1.076,-1.072,-1.084,-1.092,-1.088,-1.08,1.08,1.04,1.052,1.048,1.044,1.068,1.056,1.052,1,1.004,1.008,1.012,1.032,-1.036,-1.036,-1.032,-1.04,-1.032,-1.024,-1.032,-1.036,-1.008,-0.976,-0.996,-1.008,1.024,1.04,1.044,1.044,-1.076,-1.072,-1.064,-1.08,1.076,1.076,-1.06,1.064,-1.036,-1.04,1.024,1.004,-1.036,-1.044,-1.032,1.028,1.02,1.012,0.996,0.968,0.94,-0.908,-0.92,-0.928,-0.924,1.048,-1.076,1.112,1.116,1.12,1.08,-1.076,0.936,0.92,0.92,0.92,0.924,0.912,0.948,1.048,1.036,-1.064,1.1,1.1,1.104,1.108,1.064,-1.068,-1.06,1.084,1.056,1.044,1.056,1.06,1.068,1.072,1.06,-1.084,-1.076,-1.072,-1.084,-1.08,1.1,1.104,1.1,1.104,1.1,0.912,-0.908,-0.92,-0.924,-0.94,1,-0.992,-0.992,-0.992,-1.02,1.004,1.024,1.012,-1.004,-1.024,-1.056,-1.08,1.064,1.056,1.06,1.06,-1.036,1.004,1.004,-1.008,1.016,1.008,1.004,1,1.02,1.024,1.02,1.012,1.02,1.016,-1,-0.992,0.944,0.936,0.932,0.932,0.936,-1.076,1.048,-1.044,-1.064,-1.064,-1.08,-1.096,0.92,0.932,0.936,0.92,0.92,0.948,0.964,-0.948,-0.96,1.036,-1.056,-1.096,-1.104,1.084,1.08,1.1,1.112,-1.084,-1.092,1.052,1.052,1.064,1.072,1.076,-1.068,1.048,1.044,-1.06,1.052,1.04,1.04,1.036,1.024,-1.024,1.016,1.028,1.036,1.072,-0.932,-0.932,-0.936,-1.012,-1.004,0.972,0.996,-1.012,1.02,1.028,1.04,1.048
0.928,0.904,0.908,0.912,0.912,0.924,0.928,-0.948,-0.944,-0.924,-0.932,-0.916,-0.924,-0.92,0.956,0.972,-0.976,0.96,0.964,-0.968,0.912,0.908,0.908,-0.9,-0.92,1.024,-1.032,1.008,1.008,0.94,0.952,0.94,0.936,0.932,0.936,-0.992,-0.984,-0.972,0.956,0.952,-0.948,-0.94,0.936,0.952,-0.936,-0.932,-0.92,-0.92,-0.92,0.92,0.928,0.928,0.936,0.96,0.968,-1.028,-1.028,-1.032,-1.028,1.032,-1.08,-0.9,-0.904,0.92,-0.88,-0.892,0.904,0.896,0.924,0.928,0.916,0.908,0.912,0.92,-0.92,-0.96,-0.948,-0.952,-0.956,-0.932,-0.944,-0.948,1,1.004,1.008,1.012,1.032,-1.036,-1.036,-1.032,-1.04,-1.032,-1.024,-1.032,-1.036,-1.008,1.024,1.004,0.992,-0.976,-0.96,-0.956,-0.956,0.924,0.928,0.936,0.92,-0.924,-0.924,0.94,-0.936,0.964,0.96,-0.976,-0.996,0.964,0.956,0.968,-0.972,-0.98,-0.988,-1.004,-1.032,-1.06,-0.908,-0.92,-0.928,-0.924,-0.952,0.924,-0.888,-0.884,-0.88,-0.92,0.924,-1.064,-1.08,-1.08,-1.08,-1.076,-1.088,-1.052,-0.952,-0.964,0.936,-0.9,-0.9,-0.896,-0.892,-0.936,0.932,0.94,-0.916,-0.944,-0.956,-0.944,1.06,1.068,1.072,1.06,-1.084,-1.076,-1.072,-1.084,-1.08,1.1,1.104,1.1,1.104,1.1,-1.088,1.092,1.08,1.076,1.06,-1,1.008,1.008,1.008,0.98,-0.996,-0.976,-0.988,0.996,0.976,0.944,0.92,-0.936,-0.944,-0.94,-0.94,0.964,-0.996,-0.996,0.992,-0.984,-0.992,-0.996,-1,-0.98,-0.976,-0.98,-0.988,-0.98,-0.984,1,-0.992,0.944,0.936,0.932,0.932,0.936,0.924,-0.952,0.956,0.936,0.936,0.92,0.904,0.92,0.932,0.936,0.92,0.92,0.948,0.964,-0.948,-0.96,1.036,-1.056,0.904,0.896,-0.916,-0.92,-0.9,-0.888,0.916,0.908,-0.948,-0.948,-0.936,-0.928,-0.924,0.932,-0.952,-0.956,0.94,1.052,1.04,1.04,1.036,1.024,-1.024,1.016,1.028,1.036,1.072,1.068,1.068,1.064,0.988,0.996,-1.028,-1.004,0.988,-0.98,-0.972,-0.96,-0.952
-1.072,-1.096,-1.092,-1.088,-1.088,-1.076,-1.072,1.052,1.056,1.076,1.068,1.084,1.076,1.08,-1.044,-1.028,-0.976,0.96,0.964,-0.968,0.912,0.908,-1.092,1.1,1.08,1.024,-1.032,1.008,1.008,0.94,0.952,0.94,0.936,0.932,-1.064,1.008,1.016,1.028,-1.044,-1.048,1.052,1.06,-1.064,-1.048,1.064,1.068,1.08,1.08,1.08,-1.08,-1.072,-1.072,-1.064,-1.04,-1.032,-1.028,-1.028,-1.032,-1.028,1.032,-1.08,1.1,1.096,-1.08,1.12,1.108,-1.096,-1.104,-1.076,-1.072,-1.084,-1.092,-1.088,-1.08,1.08,1.04,1.052,1.048,1.044,1.068,1.056,1.052,-1,-0.996,-0.992,-0.988,-0.968,0.964,0.964,0.968,0.96,0.968,0.976,0.968,0.964,0.992,-0.976,-0.996,-1.008,1.024,1.04,1.044,1.044,-1.076,-1.072,-1.064,-1.08,-0.924,-0.924,0.94,-0.936,0.964,0.96,-0.976,-0.996,0.964,0.956,0.968,-0.972,-0.98,-0.988,-1.004,-1.032,-1.06,1.092,1.08,1.072,1.076,1.048,-1.076,1.112,1.116,1.12,1.08,-1.076,-1.064,-1.08,-1.08,-1.08,-1.076,-1.088,-1.052,-0.952,-0.964,0.936,-0.9,-0.9,1.104,1.108,1.064,0.932,0.94,-0.916,-0.944,-0.956,-0.944,-0.94,-0.932,-0.928,-0.94,0.916,0.924,0.928,0.916,0.92,-0.9,-0.896,-0.9,-0.896,-0.9,0.912,-0.908,-0.92,-0.924,-0.94,1,-0.992,-0.992,-0.992,-1.02,1.004,1.024,1.012,-1.004,-1.024,-1.056,-1.08,1.064,1.056,1.06,1.06,-1.036,1.004,1.004,-1.008,1.016,1.008,1.004,1,1.02,1.024,1.02,1.012,1.02,1.016,-1,-0.992,0.944,0.936,0.932,-1.068,-1.064,-1.076,1.048,-1.044,-1.064,-1.064,-1.08,-1.096,-1.08,-1.068,-1.064,-1.08,-1.08,-1.052,-1.036,1.052,1.04,-0.964,0.944,0.904,0.896,-0.916,-0.92,1.1,1.112,-1.084,-1.092,1.052,1.052,1.064,1.072,-0.924,0.932,-0.952,-0.956,0.94,-0.948,-0.96,-0.96,-0.964,-0.976,0.976,-0.984,-0.972,-0.964,-0.928,-0.932,-0.932,-0.936,-1.012,-1.004,0.972,0.996,-1.012,1.02,1.028,1.04,1.048
0.928,0.904,0.908,0.912,0.912,0.924,0.928,-0.948,-0.944,-0.924,-0.932,-0.916,-0.924,-0.92,-1.044,-1.028,-0.976,0.96,0.964,-0.968,0.912,0.908,0.908,-0.9,-0.92,-0.976,0.968,-0.992,-0.992,-1.06,-1.048,-1.06,-1.064,-1.068,-1.064,1.008,1.016,1.028,-1.044,-1.048,1.052,1.06,0.936,0.952,-0.936,-0.932,-0.92,-0.92,-0.92,0.92,0.928,0.928,0.936,0.96,0.968,-1.028,-1.028,-1.032,-1.028,1.032,-1.08,1.1,1.096,0.92,-0.88,-0.892,0.904,0.896,0.924,0.928,0.916,0.908,0.912,0.92,-0.92,-0.96,-0.948,-0.952,-0.956,-0.932,-0.944,-0.948,1,1.004,1.008,1.012,1.032,-1.036,-1.036,-1.032,-1.04,-1.032,-1.024,-1.032,-1.036,-1.008,1.024,1.004,0.992,-0.976,-0.96,-0.956,-0.956,0.924,0.928,0.936,0.92,-0.924,-0.924,0.94,-0.936,0.964,0.96,-0.976,-0.996,0.964,0.956,0.968,-0.972,-0.98,-0.988,-1.004,-1.032,-1.06,-0.908,-0.92,-0.928,-0.924,-0.952,0.924,-0.888,-0.884,-0.88,-0.92,0.924,0.936,0.92,0.92,0.92,0.924,0.912,0.948,1.048,1.036,-1.064,1.1,1.1,1.104,-0.892,-0.936,0.932,0.94,-0.916,-0.944,-0.956,-0.944,-0.94,-0.932,-0.928,-0.94,0.916,0.924,0.928,0.916,0.92,-0.9,-0.896,-0.9,-0.896,-0.9,0.912,-0.908,-0.92,-0.924,-0.94,1,-0.992,-0.992,-0.992,-1.02,1.004,1.024,1.012,-1.004,0.976,0.944,0.92,-0.936,-0.944,-0.94,-0.94,0.964,-0.996,-0.996,0.992,-0.984,-0.992,-0.996,-1,-0.98,-0.976,-0.98,-0.988,-0.98,-0.984,1,1.008,-1.056,-1.064,-1.068,-1.068,-1.064,-1.076,1.048,-1.044,0.936,0.936,0.92,0.904,0.92,0.932,0.936,0.92,0.92,0.948,0.964,-0.948,-0.96,1.036,-1.056,-1.096,-1.104,1.084,1.08,-0.9,-0.888,0.916,0.908,1.052,1.052,1.064,1.072,1.076,-1.068,1.048,1.044,-1.06,1.052,1.04,1.04,1.036,1.024,-1.024,1.016,1.028,1.036,1.072,1.068,1.068,1.064,0.988,0.996,-1.028,-1.004,0.988,-0.98,-0.972,-0.96,-0.952
-1.072,-1.096,-1.092,-1.088,-1.088,-1.076,-1.072,1.052,1.056,1.076,1.068,1.084,1.076,1.08,-1.044,-1.028,1.024,-1.04,-1.036,1.032,-1.088,-1.092,-1.092,1.1,1.08,1.024,-1.032,-0.992,-0.992,-1.06,-1.048,-1.06,-1.064,-1.068,-1.064,1.008,1.016,1.028,-1.044,-1.048,1.052,1.06,-1.064,-1.048,1.064,1.068,1.08,1.08,1.08,-1.08,-1.072,-1.072,-1.064,0.96,0.968,-1.028,-1.028,-1.032,-1.028,1.032,-1.08,1.1,1.096,-1.08,1.12,1.108,-1.096,-1.104,-1.076,-1.072,-1.084,-1.092,-1.088,-1.08,1.08,1.04,1.052,1.048,1.044,1.068,1.056,1.052,-1,-0.996,-0.992,-0.988,-0.968,0.964,0.964,0.968,0.96,0.968,0.976,0.968,-1.036,-1.008,-0.976,-0.996,-1.008,1.024,1.04,1.044,1.044,-1.076,-1.072,-1.064,-1.08,1.076,1.076,-1.06,1.064,-1.036,-1.04,1.024,1.004,-1.036,-1.044,-1.032,-0.972,-0.98,-0.988,-1.004,-1.032,-1.06,1.092,1.08,1.072,1.076,1.048,-1.076,1.112,1.116,1.12,1.08,-1.076,-1.064,-1.08,-1.08,-1.08,-1.076,-1.088,-1.052,-0.952,-0.964,0.936,-0.9,-0.9,1.104,1.108,1.064,-1.068,-1.06,1.084,1.056,1.044,-0.944,-0.94,-0.932,-0.928,-0.94,0.916,0.924,0.928,0.916,0.92,-0.9,-0.896,-0.9,-0.896,-0.9,0.912,-0.908,-0.92,-0.924,-0.94,1,-0.992,-0.992,-0.992,-1.02,1.004,1.024,1.012,-1.004,-1.024,-1.056,-1.08,1.064,1.056,1.06,1.06,-1.036,1.004,1.004,-1.008,1.016,1.008,1.004,1,1.02,1.024,1.02,1.012,1.02,1.016,-1,-0.992,0.944,0.936,0.932,0.932,0.936,-1.076,1.048,-1.044,-1.064,-1.064,-1.08,-1.096,-1.08,-1.068,-1.064,-1.08,-1.08,0.948,0.964,-0.948,-0.96,1.036,-1.056,-1.096,-1.104,1.084,1.08,1.1,1.112,-1.084,-1.092,1.052,1.052,1.064,1.072,1.076,-1.068,1.048,1.044,-1.06,1.052,1.04,1.04,1.036,1.024,-1.024,1.016,1.028,1.036,1.072,1.068,1.068,1.064,0.988,0.996,-1.028,-1.004,0.988,1.02,1.028,1.04,1.048
-1.072,-1.096,-1.092,-1.088,0.912,0.924,0.928,-0.948,-0.944,-0.924,-0.932,-0.916,-0.924,-0.92,0.956,0.972,1.024,-1.04,-1.036,1.032,-1.088,-1.092,-1.092,1.1,1.08,1.024,-1.032,1.008,1.008,0.94,0.952,-1.06,-1.064,-1.068,-1.064,1.008,1.016,1.028,-1.044,-1.048,1.052,1.06,-1.064,-1.048,1.064,1.068,1.08,1.08,1.08,-1.08,-1.072,-1.072,-1.064,-1.04,-1.032,0.972,0.972,0.968,0.972,1.032,-1.08,1.1,1.096,-1.08,1.12,1.108,-1.096,-1.104,-1.076,-1.072,-1.084,-1.092,-1.088,-1.08,1.08,1.04,1.052,1.048,1.044,1.068,1.056,1.052,1,1.004,1.008,1.012,1.032,-1.036,-1.036,-1.032,-1.04,-1.032,-1.024,-1.032,-1.036,-1.008,-0.976,-0.996,-1.008,1.024,1.04,1.044,1.044,-1.076,-1.072,-1.064,-1.08,1.076,1.076,-1.06,1.064,-1.036,-1.04,1.024,1.004,-1.036,-1.044,-1.032,1.028,1.02,1.012,0.996,0.968,0.94,-0.908,-0.92,-0.928,-0.924,-0.952,0.924,-0.888,-0.884,-0.88,1.08,-1.076,-1.064,-1.08,-1.08,-1.08,-1.076,-1.088,-1.052,-0.952,-0.964,0.936,-0.9,-0.9,1.104,1.108,1.064,-1.068,-1.06,-0.916,-0.944,-0.956,-0.944,-0.94,-0.932,-0.928,-0.94,0.916,0.924,0.928,0.916,0.92,-0.9,-0.896,-0.9,-0.896,-0.9,0.912,-0.908,-0.92,-0.924,-0.94,1,-0.992,-0.992,-0.992,-1.02,1.004,1.024,1.012,-1.004,-1.024,-1.056,-1.08,1.064,1.056,1.06,1.06,0.964,-0.996,-0.996,0.992,-0.984,-0.992,-0.996,-1,-0.98,-0.976,-0.98,-0.988,-0.98,-0.984,1,1.008,-1.056,-1.064,-1.068,-1.068,-1.064,-1.076,1.048,-1.044,-1.064,-1.064,-1.08,-1.096,0.92,0.932,0.936,0.92,0.92,0.948,0.964,-0.948,-0.96,1.036,-1.056,-1.096,-1.104,1.084,1.08,1.1,1.112,-1.084,-1.092,1.052,1.052,1.064,1.072,1.076,-1.068,1.048,1.044,-1.06,1.052,1.04,1.04,1.036,1.024,-1.024,1.016,1.028,1.036,1.072,1.068,1.068,1.064,0.988,0.996,-1.028,-1.004,0.988,1.02,1.028,1.04,1.048
0.928,0.904,0.908,0.912,0.912,0.924,0.928,-0.948,-0.944,-0.924,-0.932,-0.916,-0.924,-0.92,0.956,0.972,1.024,-1.04,-1.036,1.032,0.912,0.908,0.908,-0.9,-0.92,-0.976,0.968,-0.992,-0.992,-1.06,-1.048,-1.06,-1.064,-1.068,-1.064,1.008,1.016,1.028,-1.044,-1.048,1.052,1.06,-1.064,-1.048,1.064,1.068,1.08,-0.92,-0.92,0.92,0.928,-1.072,-1.064,-1.04,-1.032,0.972,0.972,0.968,0.972,-0.968,0.92,-0.9,-0.904,0.92,-0.88,-0.892,0.904,0.896,0.924,0.928,0.916,0.908,0.912,0.92,-0.92,1.04,1.052,1.048,1.044,1.068,1.056,1.052,-1,-0.996,-0.992,-0.988,-0.968,0.964,0.964,0.968,0.96,0.968,0.976,0.968,0.964,0.992,1.024,1.004,0.992,-0.976,-0.96,-0.956,-0.956,0.924,0.928,0.936,0.92,-0.924,-0.924,0.94,1.064,-1.036,-1.04,1.024,1.004,-1.036,-1.044,-1.032,1.028,1.02,1.012,0.996,0.968,0.94,-0.908,-0.92,-0.928,-0.924,-0.952,0.924,-0.888,-0.884,-0.88,-0.92,0.924,0.936,0.92,0.92,0.92,0.924,0.912,0.948,1.048,1.036,-1.064,1.1,1.1,-0.896,-0.892,-0.936,0.932,0.94,-0.916,-0.944,-0.956,-0.944,-0.94,-0.932,-0.928,-0.94,0.916,0.924,0.928,0.916,0.92,-0.9,-0.896,-0.9,-0.896,-0.9,0.912,-0.908,-0.92,-0.924,-0.94,1,-0.992,-0.992,-0.992,-1.02,1.004,1.024,1.012,-1.004,0.976,0.944,0.92,-0.936,-0.944,-0.94,-0.94,0.964,-0.996,-0.996,0.992,-0.984,1.008,1.004,1,1.02,1.024,1.02,1.012,1.02,1.016,-1,-0.992,0.944,0.936,0.932,0.932,0.936,0.924,-0.952,0.956,0.936,0.936,0.92,0.904,-1.08,-1.068,-1.064,-1.08,-1.08,-1.052,-1.036,1.052,1.04,-0.964,0.944,0.904,0.896,-0.916,-0.92,-0.9,-0.888,0.916,0.908,-0.948,-0.948,-0.936,-0.928,-0.924,0.932,-0.952,-0.956,0.94,-0.948,-0.96,-0.96,-0.964,-0.976,0.976,-0.984,-0.972,-0.964,-0.928,-0.932,-0.932,-0.936,-1.012,-1.004,0.972,0.996,0.988,-0.98,-0.972,-0.96,-0.952
0.928,0.904,0.908,0.912,0.912,0.924,0.928,-0.948,-0.944,-0.924,-0.932,-0.916,-0.924,-0.92,0.956,0.972,1.024,0.96,0.964,-0.968,0.912,0.908,0.908,-0.9,-0.92,1.024,-1.032,1.008,1.008,0.94,0.952,0.94,0.936,0.932,0.936,-0.992,-0.984,-0.972,0.956,0.952,-0.948,-0.94,0.936,0.952,-0.936,-0.932,-0.92,-0.92,-0.92,0.92,0.928,0.928,0.936,0.96,0.968,-1.028,-1.028,-1.032,-1.028,1.032,-1.08,1.1,1.096,-1.08,1.12,-0.892,0.904,0.896,0.924,0.928,0.916,0.908,0.912,0.92,-0.92,-0.96,-0.948,-0.952,-0.956,-0.932,-0.944,-0.948,1,1.004,1.008,1.012,1.032,-1.036,-1.036,-1.032,-1.04,-1.032,-1.024,-1.032,-1.036,-1.008,-0.976,-0.996,-1.008,1.024,1.04,1.044,-0.956,0.924,0.928,0.936,0.92,-0.924,-0.924,0.94,-0.936,0.964,0.96,-0.976,-0.996,-1.036,-1.044,-1.032,1.028,1.02,1.012,0.996,0.968,0.94,-0.908,-0.92,-0.928,-0.924,-0.952,0.924,-0.888,-0.884,-0.88,-0.92,0.924,0.936,0.92,0.92,0.92,0.924,0.912,0.948,1.048,1.036,-1.064,1.1,1.1,1.104,-0.892,-0.936,0.932,0.94,-0.916,-0.944,-0.956,-0.944,-0.94,-0.932,-0.928,1.06,-1.084,-1.076,-1.072,-1.084,-1.08,1.1,1.104,1.1,1.104,1.1,-1.088,1.092,1.08,1.076,1.06,-1,1.008,1.008,1.008,0.98,-0.996,-0.976,-0.988,0.996,0.976,0.944,0.92,-0.936,-0.944,-0.94,-0.94,0.964,-0.996,-0.996,-1.008,1.016,1.008,1.004,1,1.02,1.024,1.02,1.012,1.02,1.016,-1,-0.992,0.944,0.936,0.932,0.932,0.936,0.924,-0.952,0.956,0.936,0.936,0.92,0.904,0.92,0.932,0.936,0.92,0.92,0.948,0.964,-0.948,-0.96,1.036,-1.056,-1.096,0.896,-0.916,-0.92,-0.9,-0.888,0.916,0.908,-0.948,-0.948,-0.936,-0.928,-0.924,0.932,-0.952,-0.956,0.94,-0.948,-0.96,-0.96,-0.964,-0.976,-1.024,1.016,1.028,1.036,1.072,1.068,1.068,1.064,0.988,0.996,-1.028,-1.004,0.988,-0.98,-0.972,-0.96,-0.952
-1.072,-1.096,-1.092,-1.088,-1.088,-1.076,-1.072,1.052,1.056,1.076,1.068,1.084,1.076,1.08,-1.044,-1.028,1.024,-1.04,-1.036,1.032,-1.088,-1.092,-1.092,1.1,1.08,1.024,-1.032,1.008,1.008,-1.06,-1.048,-1.06,-1.064,-1.068,-1.064,1.008,1.016,1.028,-1.044,-1.048,1.052,1.06,-1.064,-1.048,1.064,1.068,1.08,1.08,1.08,-1.08,-1.072,-1.072,-1.064,-1.04,-1.032,0.972,0.972,0.968,0.972,-0.968,0.92,-0.9,-0.904,0.92,-0.88,1.108,-1.096,-1.104,-1.076,-1.072,-1.084,-1.092,-1.088,-1.08,1.08,1.04,1.052,1.048,1.044,1.068,1.056,1.052,-1,-0.996,-0.992,-0.988,-0.968,0.964,0.964,0.968,0.96,-1.032,-1.024,-1.032,-1.036,-1.008,-0.976,-0.996,-1.008,1.024,1.04,1.044,1.044,-1.076,-1.072,-1.064,-1.08,1.076,1.076,-1.06,1.064,-1.036,-1.04,1.024,1.004,-1.036,-1.044,-1.032,1.028,1.02,1.012,0.996,0.968,0.94,-0.908,-0.92,-0.928,-0.924,-0.952,-1.076,1.112,1.116,1.12,1.08,-1.076,0.936,0.92,0.92,0.92,0.924,0.912,0.948,1.048,1.036,-1.064,1.1,1.1,1.104,1.108,1.064,-1.068,-1.06,1.084,1.056,1.044,1.056,1.06,1.068,1.072,1.06,-1.084,-1.076,-1.072,-1.084,-1.08,-0.9,-0.896,-0.9,-0.896,-0.9,0.912,-0.908,-0.92,-0.924,-0.94,1,-0.992,-0.992,-0.992,-1.02,1.004,1.024,1.012,-1.004,-1.024,-1.056,-1.08,1.064,1.056,1.06,1.06,-1.036,1.004,1.004,-1.008,1.016,1.008,1.004,1,1.02,1.024,1.02,1.012,1.02,1.016,-1,-0.992,-1.056,-1.064,-1.068,-1.068,-1.064,-1.076,1.048,-1.044,-1.064,-1.064,-1.08,-1.096,-1.08,-1.068,-1.064,-1.08,-1.08,-1.052,-1.036,1.052,1.04,-0.964,0.944,0.904,0.896,-0.916,1.08,1.1,1.112,-1.084,-1.092,1.052,1.052,1.064,1.072,1.076,-1.068,1.048,1.044,-1.06,1.052,1.04,1.04,1.036,1.024,-1.024,1.016,1.028,1.036,-0.928,-0.932,-0.932,-0.936,-1.012,-1.004,0.972,0.996,-1.012,1.02,1.028,1.04,1.048
-1.072,-1.096,-1.092,-1.088,-1.088,-1.076,-1.072,1.052,1.056,1.076,1.068,1.084,1.076,1.08,-1.044,-1.028,-0.976,0.96,0.964,1.032,-1.088,-1.092,-1.092,1.1,1.08,1.024,-1.032,1.008,1.008,0.94,0.952,0.94,0.936,0.932,0.936,-0.992,-0.984,-0.972,0.956,0.952,-0.948,-0.94,0.936,0.952,-0.936,-0.932,-0.92,-0.92,1.08,-1.08,-1.072,-1.072,-1.064,-1.04,-1.032,-1.028,-1.028,-1.032,-1.028,1.032,-1.08,1.1,1.096,-1.08,1.12,1.108,-1.096,-1.104,-1.076,-1.072,-1.084,-1.092,-1.088,-1.08,1.08,1.04,1.052,1.048,1.044,1.068,1.056,1.052,-1,-0.996,-0.992,-0.988,-0.968,0.964,0.964,0.968,0.96,0.968,0.976,0.968,0.964,-1.008,-0.976,-0.996,-1.008,1.024,1.04,1.044,1.044,-1.076,-1.072,-1.064,-1.08,1.076,1.076,-1.06,1.064,-1.036,-1.04,1.024,1.004,-1.036,-1.044,-1.032,-0.972,-0.98,-0.988,-1.004,-1.032,-1.06,1.092,1.08,1.072,1.076,1.048,-1.076,1.112,1.116,1.12,1.08,-1.076,-1.064,-1.08,-1.08,-1.08,-1.076,-1.088,-1.052,-0.952,-0.964,0.936,-0.9,1.1,1.104,1.108,1.064,-1.068,-1.06,1.084,1.056,1.044,1.056,1.06,1.068,1.072,1.06,-1.084,-1.076,-1.072,-1.084,-1.08,1.1,1.104,-0.9,-0.896,-0.9,0.912,-0.908,-0.92,-0.924,-0.94,1,-0.992,-0.992,-0.992,-1.02,1.004,1.024,1.012,-1.004,-1.024,-1.056,-1.08,1.064,1.056,1.06,1.06,-1.036,1.004,1.004,-1.008,1.016,1.008,1.004,1,1.02,1.024,1.02,1.012,1.02,1.016,-1,-0.992,0.944,0.936,0.932,0.932,0.936,0.924,-0.952,0.956,0.936,0.936,-1.08,-1.096,-1.08,-1.068,-1.064,-1.08,-1.08,-1.052,-1.036,1.052,1.04,-0.964,0.944,0.904,0.896,-0.916,-0.92,-0.9,-0.888,-1.084,-1.092,1.052,1.052,1.064,1.072,1.076,-1.068,1.048,1.044,-1.06,1.052,1.04,1.04,1.036,1.024,-1.024,1.016,1.028,-0.964,-0.928,-0.932,-0.932,-0.936,-1.012,-1.004,0.972,0.996,-1.012,1.02,1.028,1.04,1.048
0.928,0.904,0.908,0.912,0.912,0.924,0.928,-0.948,-0.944,-0.924,-0.932,-0.916,-0.924,-0.92,0.956,0.972,1.024,-1.04,-1.036,1.032,-1.088,-1.092,-1.092,1.1,-0.92,-0.976,0.968,-0.992,-0.992,0.94,0.952,0.94,0.936,0.932,0.936,-0.992,-0.984,-0.972,0.956,0.952,-0.948,-0.94,0.936,0.952,-0.936,-0.932,-0.92,-0.92,-0.92,0.92,0.928,0.928,0.936,0.96,0.968,-1.028,-1.028,-1.032,-1.028,1.032,-1.08,1.1,1.096,0.92,-0.88,-0.892,0.904,0.896,0.924,0.928,0.916,0.908,0.912,0.92,-0.92,-0.96,-0.948,-0.952,-0.956,-0.932,-0.944,-0.948,1,1.004,1.008,1.012,1.032,-1.036,-1.036,-1.032,-1.04,-1.032,-1.024,-1.032,-1.036,0.992,1.024,1.004,0.992,-0.976,-0.96,-0.956,-0.956,0.924,0.928,0.936,0.92,-0.924,-0.924,0.94,-0.936,-1.036,-1.04,1.024,1.004,-1.036,-1.044,-1.032,1.028,1.02,1.012,0.996,0.968,0.94,-0.908,-0.92,-0.928,-0.924,-0.952,0.924,-0.888,-0.884,-0.88,-0.92,0.924,-1.064,-1.08,-1.08,-1.08,-1.076,-1.088,-1.052,-0.952,-0.964,0.936,-0.9,-0.9,-0.896,-0.892,-0.936,0.932,0.94,-0.916,1.056,1.044,1.056,1.06,1.068,1.072,1.06,-1.084,-1.076,-1.072,-1.084,-1.08,1.1,1.104,1.1,1.104,1.1,-1.088,1.092,1.08,1.076,1.06,-1,1.008,1.008,1.008,0.98,-0.996,-0.976,-0.988,0.996,0.976,0.944,0.92,-0.936,-0.944,-0.94,-0.94,0.964,-0.996,-0.996,0.992,-0.984,-0.992,-0.996,-1,-0.98,-0.976,-0.98,-0.988,-0.98,-0.984,1,1.008,-1.056,-1.064,-1.068,-1.068,-1.064,0.924,-0.952,0.956,0.936,0.936,0.92,0.904,0.92,0.932,0.936,0.92,0.92,0.948,0.964,-0.948,-0.96,1.036,-1.056,0.904,0.896,-0.916,-0.92,-0.9,-0.888,0.916,0.908,-0.948,-0.948,-0.936,-0.928,-0.924,0.932,-0.952,-0.956,0.94,-0.948,-0.96,-0.96,-0.964,-0.976,0.976,1.016,1.028,1.036,1.072,1.068,1.068,1.064,0.988,0.996,-1.028,-1.004,0.988,-0.98,-0.972,-0.96,-0.952
0.928,0.904,0.908,0.912,0.912,0.924,0.928,-0.948,-0.944,-0.924,-0.932,-0.916,1.076,1.08,-1.044,-1.028,-0.976,0.96,0.964,-0.968,0.912,0.908,0.908,-0.9,-0.92,-0.976,0.968,-0.992,-0.992,-1.06,-1.048,-1.06,-1.064,-1.068,-1.064,1.008,1.016,1.028,-1.044,-1.048,1.052,1.06,-1.064,-1.048,1.064,1.068,1.08,-0.92,-0.92,0.92,0.928,0.928,0.936,0.96,0.968,0.972,0.972,0.968,0.972,-0.968,0.92,-0.9,-0.904,0.92,-0.88,-0.892,0.904,0.896,0.924,0.928,0.916,0.908,0.912,0.92,-0.92,-0.96,-0.948,-0.952,-0.956,-0.932,-0.944,-0.948,1,1.004,1.008,1.012,1.032,-1.036,-1.036,-1.032,-1.04,-1.032,-1.024,-1.032,-1.036,-1.008,1.024,1.004,0.992,-0.976,-0.96,-0.956,-0.956,0.924,0.928,0.936,0.92,-0.924,-0.924,0.94,-0.936,0.964,0.96,-0.976,-0.996,0.964,0.956,0.968,-0.972,-0.98,-0.988,-1.004,-1.032,-1.06,1.092,1.08,1.072,1.076,-0.952,0.924,-0.888,-0.884,-0.88,-0.92,0.924,0.936,0.92,0.92,-1.08,-1.076,-1.088,-1.052,-0.952,-0.964,0.936,-0.9,-0.9,-0.896,-0.892,-0.936,0.932,0.94,-0.916,-0.944,-0.956,-0.944,-0.94,-0.932,-0.928,-0.94,0.916,0.924,0.928,0.916,0.92,-0.9,-0.896,-0.9,-0.896,-0.9,0.912,-0.908,-0.92,-0.924,-0.94,1,-0.992,-0.992,1.008,0.98,-0.996,-0.976,-0.988,0.996,0.976,0.944,0.92,-0.936,-0.944,-0.94,-0.94,0.964,-0.996,-0.996,0.992,-0.984,-0.992,-0.996,-1,-0.98,-0.976,-0.98,-0.988,-0.98,-0.984,1,1.008,-1.056,-1.064,-1.068,-1.068,-1.064,-1.076,1.048,-1.044,0.936,0.936,0.92,0.904,0.92,0.932,0.936,0.92,0.92,0.948,0.964,-0.948,-0.96,1.036,-1.056,-1.096,-1.104,1.084,1.08,-0.9,-0.888,0.916,0.908,-0.948,-0.948,-0.936,-0.928,-0.924,0.932,-0.952,-0.956,0.94,-0.948,-0.96,-0.96,-0.964,-0.976,0.976,-0.984,-0.972,-0.964,-0.928,-0.932,-0.932,-0.936,-1.012,-1.004,0.972,0.996,-1.012,1.02,1.028,1.04,1.048
-1.072,-1.096,-1.092,-1.088,-1.088,-1.076,-1.072,1.052,1.056,1.076,1.068,1.084,1.076,1.08,-1.044,-1.028,-0.976,0.96,0.964,-0.968,0.912,0.908,0.908,-0.9,-0.92,-0.976,0.968,-0.992,-0.992,-1.06,-1.048,-1.06,-1.064,-1.068,-1.064,-0.992,-0.984,-0.972,0.956,0.952,-0.948,-0.94,0.936,0.952,-0.936,-0.932,-0.92,-0.92,-0.92,0.92,0.928,0.928,0.936,0.96,0.968,0.972,0.972,0.968,0.972,-0.968,0.92,-0.9,-0.904,0.92,-0.88,-0.892,0.904,0.896,0.924,0.928,0.916,0.908,0.912,0.92,-0.92,-0.96,-0.948,-0.952,-0.956,-0.932,-0.944,-0.948,1,1.004,1.008,1.012,1.032,-1.036,-1.036,-1.032,-1.04,-1.032,-1.024,-1.032,-1.036,-1.008,-0.976,-0.996,-1.008,1.024,1.04,1.044,1.044,0.924,0.928,0.936,0.92,-0.924,-0.924,0.94,-0.936,0.964,0.96,-0.976,-0.996,0.964,0.956,0.968,-0.972,-0.98,-0.988,-1.004,0.968,0.94,-0.908,-0.92,-0.928,-0.924,-0.952,0.924,-0.888,-0.884,-0.88,-0.92,0.924,0.936,0.92,0.92,0.92,0.924,0.912,-1.052,-0.952,-0.964,0.936,-0.9,-0.9,-0.896,-0.892,-0.936,0.932,0.94,-0.916,-0.944,-0.956,-0.944,-0.94,-0.932,-0.928,-0.94,0.916,0.924,0.928,0.916,0.92,-0.9,-0.896,-0.9,-0.896,-0.9,0.912,-0.908,-0.92,-0.924,-0.94,-1,1.008,1.008,1.008,0.98,-0.996,-0.976,-0.988,0.996,0.976,0.944,0.92,-0.936,-0.944,-0.94,-0.94,0.964,-0.996,-0.996,0.992,-0.984,-0.992,-0.996,-1,-0.98,-0.976,-0.98,-0.988,-0.98,-0.984,1,1.008,0.944,0.936,0.932,0.932,0.936,0.924,-0.952,0.956,0.936,0.936,0.92,0.904,0.92,0.932,0.936,0.92,0.92,0.948,0.964,-0.948,-0.96,-0.964,0.944,0.904,0.896,-0.916,-0.92,-0.9,-0.888,0.916,0.908,-0.948,-0.948,-0.936,-0.928,-0.924,0.932,-0.952,-0.956,0.94,-0.948,-0.96,-0.96,-0.964,-0.976,0.976,-0.984,-0.972,-0.964,-0.928,-0.932,1.068,1.064,0.988,0.996,-1.028,-1.004,0.988,-0.98,-0.972,-0.96,-0.952
0.928,0.904,0.908,0.912,0.912,0.924,0.928,-0.948,-0.944,-0.924,-0.932,-0.916,-0.924,-0.92,0.956,0.972,-0.976,0.96,0.964,-0.968,0.912,0.908,0.908,-0.9,-0.92,-0.976,0.968,-0.992,-0.992,-1.06,-1.048,-1.06,-1.064,-1.068,-1.064,1.008,1.016,1.028,-1.044,-1.048,1.052,1.06,0.936,0.952,-0.936,-0.932,-0.92,-0.92,-0.92,0.92,0.928,0.928,0.936,0.96,0.968,-1.028,-1.028,-1.032,-1.028,1.032,-1.08,1.1,1.096,-1.08,1.12,-0.892,0.904,0.896,0.924,0.928,0.916,0.908,0.912,0.92,-0.92,1.04,1.052,1.048,1.044,1.068,1.056,1.052,-1,-0.996,-0.992,-0.988,-0.968,0.964,0.964,0.968,0.96,0.968,0.976,0.968,0.964,0.992,1.024,1.004,0.992,-0.976,-0.96,-0.956,-0.956,0.924,0.928,0.936,0.92,-0.924,-0.924,0.94,-0.936,0.964,-1.04,1.024,1.004,-1.036,-1.044,-1.032,1.028,1.02,1.012,0.996,0.968,0.94,-0.908,-0.92,-0.928,-0.924,-0.952,0.924,-0.888,-0.884,-0.88,-0.92,0.924,0.936,0.92,0.92,0.92,0.924,0.912,-1.052,-0.952,-0.964,0.936,-0.9,-0.9,-0.896,-0.892,-0.936,0.932,-1.06,1.084,1.056,1.044,1.056,1.06,1.068,1.072,1.06,-1.084,-1.076,-1.072,-1.084,-1.08,1.1,1.104,1.1,1.104,1.1,-1.088,1.092,1.08,1.076,1.06,-1,1.008,1.008,1.008,0.98,-0.996,-0.976,-0.988,0.996,0.976,0.944,0.92,-0.936,-0.944,-0.94,-0.94,-1.036,1.004,1.004,-1.008,1.016,1.008,1.004,1,1.02,1.024,1.02,1.012,1.02,1.016,-1,-0.992,0.944,0.936,0.932,0.932,0.936,0.924,-0.952,0.956,0.936,0.936,0.92,0.904,0.92,0.932,0.936,0.92,0.92,0.948,0.964,-0.948,-0.96,-0.964,0.944,0.904,0.896,-0.916,-0.92,-0.9,-0.888,0.916,0.908,-0.948,-0.948,-0.936,-0.928,-0.924,0.932,-0.952,-0.956,0.94,-0.948,-0.96,-0.96,-0.964,-0.976,0.976,-0.984,-0.972,-0.964,-0.928,-0.932,-0.932,-0.936,-1.012,-1.004,0.972,0.996,-1.012,-0.98,-0.972,-0.96,-0.952
-1.072,-1.096,-1.092,-1.088,-1.088,-1.076,-1.072,1.052,1.056,1.076,1.068,1.084,1.076,1.08,-1.044,-1.028,-0.976,-1.04,-1.036,1.032,-1.088,-1.092,-1.092,1.1,1.08,1.024,-1.032,1.008,1.008,0.94,0.952,0.94,0.936,0.932,0.936,-0.992,-0.984,1.028,-1.044,-1.048,1.052,1.06,-1.064,-1.048,1.064,1.068,1.08,1.08,1.08,-1.08,-1.072,-1.072,-1.064,-1.04,-1.032,0.972,0.972,0.968,0.972,-0.968,0.92,-0.9,-0.904,0.92,-0.88,1.108,-1.096,-1.104,-1.076,-1.072,-1.084,-1.092,-1.088,-1.08,1.08,1.04,1.052,1.048,1.044,1.068,1.056,1.052,-1,-0.996,-0.992,-0.988,-0.968,0.964,0.964,0.968,0.96,0.968,0.976,0.968,0.964,-1.008,-0.976,-0.996,-1.008,1.024,1.04,1.044,1.044,-1.076,-1.072,-1.064,-1.08,1.076,1.076,-1.06,1.064,-1.036,-1.04,1.024,1.004,-1.036,-1.044,-1.032,1.028,1.02,1.012,0.996,0.968,0.94,-0.908,-0.92,-0.928,-0.924,-0.952,-1.076,1.112,1.116,1.12,1.08,-1.076,0.936,0.92,0.92,0.92,0.924,0.912,0.948,1.048,1.036,-1.064,1.1,1.1,1.104,1.108,1.064,-1.068,-1.06,1.084,1.056,1.044,1.056,1.06,1.068,1.072,1.06,-1.084,-1.076,-1.072,-1.084,-1.08,1.1,1.104,1.1,1.104,1.1,-1.088,-0.908,-0.92,-0.924,-0.94,1,-0.992,-0.992,-0.992,-1.02,1.004,1.024,1.012,-1.004,-1.024,-1.056,-1.08,1.064,1.056,1.06,1.06,-1.036,1.004,1.004,-1.008,1.016,1.008,1.004,1,1.02,1.024,1.02,1.012,1.02,1.016,-1,-0.992,0.944,0.936,0.932,0.932,0.936,0.924,1.048,-1.044,-1.064,-1.064,-1.08,-1.096,-1.08,-1.068,-1.064,-1.08,-1.08,-1.052,-1.036,1.052,1.04,-0.964,0.944,0.904,0.896,-0.916,1.08,1.1,1.112,-1.084,-1.092,1.052,1.052,1.064,1.072,1.076,-1.068,1.048,1.044,-1.06,1.052,1.04,1.04,1.036,1.024,-1.024,1.016,1.028,1.036,1.072,1.068,1.068,1.064,0.988,0.996,-1.028,-1.004,0.988,-0.98,-0.972,1.04,1.048
0.928,0.904,0.908,0.912,0.912,0.924,0.928,-0.948,-0.944,-0.924,-0.932,-0.916,-0.924,-0.92,0.956,0.972,1.024,0.96,0.964,-0.968,0.912,0.908,0.908,-0.9,-0.92,-0.976,0.968,-0.992,-0.992,-1.06,-1.048,-1.06,-1.064,-1.068,0.936,-0.992,-0.984,-0.972,0.956,0.952,-0.948,-0.94,0.936,0.952,-0.936,-0.932,-0.92,-0.92,-0.92,0.92,0.928,0.928,0.936,-1.04,-1.032,0.972,0.972,0.968,0.972,-0.968,0.92,-0.9,-0.904,0.92,-0.88,-0.892,0.904,0.896,0.924,0.928,0.916,0.908,0.912,0.92,-0.92,-0.96,-0.948,-0.952,-0.956,-0.932,-0.944,-0.948,1,1.004,1.008,1.012,1.032,-1.036,-1.036,-1.032,-1.04,-1.032,-1.024,-1.032,-1.036,0.992,1.024,1.004,0.992,-0.976,-0.96,-0.956,-0.956,0.924,0.928,0.936,0.92,-0.924,-0.924,-1.06,1.064,-1.036,-1.04,1.024,1.004,-1.036,-1.044,-1.032,1.028,1.02,1.012,0.996,0.968,0.94,-0.908,-0.92,-0.928,-0.924,-0.952,0.924,-0.888,-0.884,-0.88,-0.92,0.924,0.936,0.92,0.92,0.92,0.924,0.912,0.948,-0.952,-0.964,0.936,-0.9,-0.9,-0.896,-0.892,-0.936,0.932,0.94,-0.916,-0.944,-0.956,-0.944,-0.94,-0.932,-0.928,-0.94,0.916,0.924,0.928,0.916,0.92,-0.9,-0.896,-0.9,-0.896,-0.9,0.912,-0.908,-0.92,-0.924,-0.94,1,-0.992,1.008,1.008,0.98,-0.996,-0.976,-0.988,0.996,0.976,0.944,0.92,-0.936,-0.944,-0.94,-0.94,0.964,-0.996,-0.996,0.992,-0.984,-0.992,-0.996,-1,-0.98,-0.976,-0.98,-0.988,-0.98,-0.984,1,1.008,-1.056,-1.064,-1.068,-1.068,-1.064,-1.076,1.048,-1.044,0.936,0.936,0.92,0.904,0.92,0.932,0.936,0.92,0.92,0.948,-1.036,1.052,1.04,-0.964,0.944,0.904,0.896,-0.916,-0.92,-0.9,-0.888,0.916,0.908,-0.948,-0.948,-0.936,-0.928,-0.924,0.932,-0.952,-0.956,0.94,-0.948,-0.96,-0.96,-0.964,-0.976,0.976,-0.984,-0.972,1.036,1.072,1.068,1.068,1.064,0.988,0.996,-1.028,-1.004,0.988,-0.98,-0.972,-0.96,-0.952
0.928,0.904,0.908,0.912,0.912,0.924,0.928,-0.948,-0.944,-0.924,-0.932,-0.916,-0.924,-0.92,0.956,0.972,1.024,0.96,0.964,-0.968,0.912,0.908,0.908,-0.9,-0.92,-0.976,0.968,-0.992,-0.992,0.94,0.952,0.94,0.936,0.932,0.936,-0.992,-0.984,-0.972,0.956,0.952,-0.948,-0.94,0.936,0.952,-0.936,-0.932,-0.92,-0.92,-0.92,0.92,0.928,0.928,0.936,0.96,0.968,-1.028,-1.028,0.968,0.972,-0.968,0.92,-0.9,-0.904,0.92,-0.88,-0.892,0.904,0.896,0.924,0.928,0.916,0.908,0.912,0.92,-0.92,-0.96,-0.948,-0.952,-0.956,-0.932,-0.944,-0.948,1,1.004,1.008,1.012,1.032,-1.036,-1.036,-1.032,-1.04,-1.032,-1.024,-1.032,-1.036,-1.008,-0.976,-0.996,-1.008,1.024,1.04,1.044,1.044,-1.076,0.928,0.936,0.92,-0.924,-0.924,0.94,-0.936,0.964,0.96,-0.976,-0.996,0.964,0.956,0.968,-0.972,-0.98,-0.988,-1.004,-1.032,-1.06,1.092,1.08,1.072,1.076,1.048,0.924,-0.888,-0.884,-0.88,-0.92,0.924,0.936,0.92,0.92,0.92,0.924,0.912,0.948,1.048,1.036,-1.064,1.1,1.1,1.104,-0.892,-0.936,0.932,0.94,-0.916,-0.944,-0.956,-0.944,-0.94,-0.932,-0.928,-0.94,0.916,0.924,0.928,0.916,0.92,-0.9,1.104,1.1,1.104,1.1,-1.088,1.092,1.08,1.076,1.06,-1,1.008,1.008,1.008,0.98,-0.996,-0.976,-0.988,0.996,0.976,0.944,0.92,1.064,1.056,1.06,1.06,-1.036,1.004,1.004,-1.008,1.016,1.008,1.004,1,1.02,1.024,1.02,1.012,1.02,1.016,-1,-0.992,0.944,0.936,0.932,0.932,0.936,0.924,-0.952,0.956,0.936,0.936,0.92,0.904,0.92,0.932,0.936,0.92,0.92,-1.052,-1.036,1.052,1.04,-0.964,0.944,0.904,0.896,-0.916,-0.92,-0.9,-0.888,0.916,0.908,-0.948,-0.948,-0.936,-0.928,1.076,-1.068,1.048,1.044,-1.06,1.052,1.04,1.04,1.036,1.024,-1.024,1.016,1.028,1.036,1.072,1.068,1.068,1.064,0.988,0.996,-1.028,-1.004,0.988,-0.98,-0.972,-0.96,-0.952
0.928,0.904,0.908,0.912,0.912,0.924,0.928,-0.948,-0.944,-0.924,1.068,1.084,1.076,1.08,-1.044,-1.028,-0.976,0.96,0.964,-0.968,0.912,0.908,0.908,-0.9,-0.92,-0.976,0.968,-0.992,-0.992,-1.06,-1.048,-1.06,-1.064,-1.068,-1.064,1.008,1.016,1.028,-1.044,-1.048,1.052,1.06,-1.064,0.952,-0.936,-0.932,-0.92,-0.92,-0.92,0.92,0.928,0.928,0.936,0.96,0.968,-1.028,-1.028,-1.032,-1.028,1.032,-1.08,1.1,1.096,0.92,-0.88,-0.892,0.904,0.896,0.924,0.928,0.916,0.908,0.912,0.92,-0.92,-0.96,-0.948,-0.952,-0.956,-0.932,-0.944,-0.948,1,1.004,1.008,1.012,1.032,-1.036,-1.036,-1.032,-1.04,-1.032,-1.024,-1.032,-1.036,0.992,1.024,1.004,0.992,-0.976,-0.96,-0.956,-0.956,0.924,0.928,0.936,0.92,-0.924,-0.924,0.94,-0.936,0.964,0.96,-0.976,-0.996,0.964,0.956,0.968,-0.972,-0.98,-0.988,-1.004,-1.032,-1.06,1.092,1.08,1.072,1.076,1.048,-1.076,1.112,1.116,-0.88,-0.92,0.924,0.936,0.92,0.92,0.92,0.924,0.912,0.948,1.048,1.036,-1.064,1.1,1.1,-0.896,-0.892,-0.936,0.932,0.94,-0.916,-0.944,-0.956,-0.944,-0.94,-0.932,-0.928,-0.94,-1.084,-1.076,-1.072,-1.084,-1.08,1.1,1.104,1.1,1.104,1.1,-1.088,1.092,1.08,1.076,1.06,-1,1.008,1.008,1.008,0.98,-0.996,-0.976,-0.988,0.996,0.976,0.944,0.92,-0.936,-0.944,-0.94,-0.94,0.964,-0.996,-0.996,0.992,-0.984,-0.992,-0.996,-1,1.02,1.024,1.02,1.012,1.02,1.016,-1,-0.992,0.944,0.936,0.932,0.932,0.936,0.924,-0.952,0.956,0.936,0.936,0.92,0.904,0.92,0.932,0.936,0.92,0.92,0.948,0.964,-0.948,-0.96,-0.964,0.944,0.904,0.896,-0.916,-0.92,-0.9,-0.888,0.916,0.908,-0.948,-0.948,-0.936,-0.928,-0.924,0.932,-0.952,-0.956,-1.06,1.052,1.04,1.04,1.036,1.024,-1.024,1.016,1.028,1.036,1.072,1.068,1.068,1.064,0.988,0.996,-1.028,-1.004,0.988,-0.98,-0.972,-0.96,-0.952
-1.072,-1.096,-1.092,-1.088,0.912,0.924,0.928,-0.948,-0.944,-0.924,-0.932,-0.916,-0.924,-0.92,0.956,0.972,1.024,-1.04,-1.036,1.032,-1.088,-1.092,-1.092,1.1,1.08,1.024,-1.032,1.008,1.008,-1.06,-1.048,-1.06,-1.064,-1.068,-1.064,1.008,1.016,1.028,-1.044,-1.048,1.052,1.06,-1.064,-1.048,1.064,1.068,1.08,1.08,1.08,-1.08,-1.072,-1.072,-1.064,-1.04,-1.032,-1.028,-1.028,-1.032,-1.028,1.032,-1.08,1.1,1.096,-1.08,1.12,1.108,-1.096,-1.104,-1.076,-1.072,-1.084,-1.092,-1.088,-1.08,1.08,1.04,1.052,1.048,1.044,1.068,1.056,1.052,-1,-0.996,-0.992,-0.988,-0.968,0.964,0.964,0.968,0.96,0.968,0.976,0.968,0.964,-1.008,-0.976,-0.996,-1.008,1.024,1.04,1.044,1.044,-1.076,-1.072,-1.064,-1.08,1.076,1.076,-1.06,1.064,-1.036,-1.04,1.024,1.004,-1.036,-1.044,-1.032,-0.972,-0.98,-0.988,-1.004,-1.032,-1.06,1.092,1.08,1.072,1.076,1.048,-1.076,1.112,1.116,1.12,1.08,-1.076,-1.064,-1.08,-1.08,-1.08,-1.076,-1.088,-1.052,1.048,1.036,-1.064,1.1,1.1,1.104,1.108,1.064,-1.068,-1.06,1.084,1.056,1.044,1.056,1.06,1.068,1.072,1.06,-1.084,-1.076,-1.072,-1.084,-1.08,1.1,1.104,1.1,1.104,1.1,-1.088,-0.908,-0.92,-0.924,-0.94,1,-0.992,-0.992,-0.992,-1.02,1.004,1.024,1.012,-1.004,-1.024,-1.056,-1.08,1.064,1.056,1.06,1.06,-1.036,-0.996,-0.996,0.992,-0.984,-0.992,-0.996,-1,-0.98,-0.976,-0.98,-0.988,-0.98,-0.984,1,1.008,-1.056,-1.064,-1.068,-1.068,-1.064,-1.076,1.048,-1.044,-1.064,-1.064,-1.08,-1.096,-1.08,-1.068,-1.064,-1.08,-1.08,-1.052,-1.036,1.052,1.04,1.036,-1.056,-1.096,-1.104,1.084,1.08,1.1,1.112,-1.084,-1.092,1.052,1.052,1.064,1.072,1.076,-1.068,1.048,1.044,-1.06,1.052,1.04,1.04,1.036,1.024,-1.024,1.016,1.028,1.036,-0.928,-0.932,-0.932,-0.936,-1.012,-1.004,0.972,0.996,-1.012,1.02,1.028,1.04,1.048
-1.072,0.904,0.908,0.912,0.912,0.924,0.928,-0.948,-0.944,-0.924,-0.932,-0.916,-0.924,-0.92,0.956,0.972,1.024,-1.04,-1.036,1.032,-1.088,-1.092,-1.092,1.1,1.08,1.024,-1.032,1.008,1.008,0.94,0.952,0.94,0.936,0.932,0.936,-0.992,-0.984,-0.972,0.956,0.952,-0.948,-0.94,0.936,0.952,-0.936,-0.932,-0.92,1.08,1.08,-1.08,-1.072,-1.072,-1.064,-1.04,-1.032,0.972,0.972,0.968,0.972,-0.968,-1.08,1.1,1.096,-1.08,1.12,1.108,-1.096,-1.104,-1.076,-1.072,-1.084,-1.092,-1.088,-1.08,1.08,1.04,1.052,1.048,1.044,-0.932,-0.944,-0.948,1,1.004,1.008,1.012,1.032,-1.036,-1.036,-1.032,-1.04,-1.032,-1.024,-1.032,-1.036,-1.008,-0.976,-0.996,-1.008,1.024,1.04,1.044,1.044,-1.076,-1.072,-1.064,-1.08,1.076,1.076,-1.06,1.064,-1.036,-1.04,1.024,1.004,-1.036,-1.044,0.968,-0.972,-0.98,-0.988,-1.004,-1.032,-1.06,1.092,1.08,1.072,1.076,1.048,-1.076,1.112,1.116,1.12,1.08,-1.076,-1.064,-1.08,-1.08,-1.08,-1.076,-1.088,-1.052,-0.952,-0.964,0.936,-0.9,-0.9,-0.896,1.108,1.064,-1.068,-1.06,1.084,1.056,1.044,1.056,-0.94,-0.932,-0.928,-0.94,0.916,0.924,0.928,0.916,0.92,-0.9,-0.896,-0.9,-0.896,-0.9,0.912,-0.908,-0.92,-0.924,-0.94,1,-0.992,-0.992,-0.992,-1.02,1.004,1.024,1.012,-1.004,-1.024,-1.056,-1.08,1.064,1.056,1.06,1.06,-1.036,1.004,1.004,-1.008,-0.984,-0.992,-0.996,-1,-0.98,-0.976,-0.98,-0.988,-0.98,-0.984,1,1.008,-1.056,-1.064,-1.068,-1.068,-1.064,-1.076,1.048,-1.044,-1.064,-1.064,-1.08,-1.096,0.92,0.932,0.936,0.92,0.92,0.948,0.964,-0.948,-0.96,1.036,-1.056,-1.096,-1.104,1.084,1.08,1.1,1.112,-1.084,-1.092,1.052,1.052,1.064,1.072,1.076,-1.068,1.048,1.044,-1.06,1.052,1.04,1.04,1.036,-0.976,0.976,-0.984,-0.972,-0.964,-0.928,-0.932,-0.932,-0.936,-1.012,-1.004,0.972,0.996,-1.012,1.02,1.028,1.04,1.048
0.928,0.904,0.908,0.912,0.912,0.924,0.928,-0.948,-0.944,-0.924,-0.932,-0.916,-0.924,-0.92,0.956,0.972,1.024,-1.04,-1.036,1.032,-1.088,-1.092,-1.092,1.1,-0.92,-0.976,0.968,-0.992,-0.992,-1.06,-1.048,-1.06,-1.064,-1.068,-1.064,1.008,1.016,1.028,-1.044,-1.048,1.052,1.06,0.936,0.952,-0.936,-0.932,-0.92,-0.92,-0.92,0.92,0.928,0.928,0.936,0.96,0.968,-1.028,-1.028,-1.032,-1.028,1.032,-1.08,-0.9,-0.904,0.92,-0.88,-0.892,0.904,0.896,0.924,0.928,0.916,0.908,0.912,0.92,-0.92,-0.96,-0.948,-0.952,-0.956,-0.932,-0.944,-0.948,-1,-0.996,-0.992,-0.988,-0.968,0.964,0.964,0.968,0.96,0.968,0.976,0.968,0.964,0.992,1.024,1.004,0.992,-0.976,-0.96,-0.956,-0.956,0.924,0.928,0.936,0.92,1.076,1.076,-1.06,1.064,-1.036,-1.04,1.024,1.004,-1.036,-1.044,-1.032,1.028,1.02,1.012,0.996,0.968,0.94,-0.908,-0.92,-0.928,-0.924,-0.952,0.924,-0.888,-0.884,-0.88,-0.92,0.924,0.936,0.92,0.92,0.92,0.924,0.912,-1.052,-0.952,-0.964,0.936,-0.9,-0.9,-0.896,-0.892,-0.936,0.932,0.94,-0.916,1.056,1.044,1.056,1.06,1.068,1.072,1.06,-1.084,-1.076,-1.072,-1.084,-1.08,1.1,1.104,1.1,1.104,1.1,-1.088,1.092,1.08,1.076,1.06,-1,1.008,1.008,1.008,0.98,-0.996,-0.976,-0.988,0.996,0.976,0.944,0.92,-0.936,-0.944,-0.94,-0.94,0.964,-0.996,-0.996,0.992,-0.984,-0.992,1.004,1,1.02,1.024,1.02,1.012,1.02,1.016,-1,-0.992,0.944,0.936,0.932,0.932,0.936,0.924,-0.952,0.956,0.936,0.936,0.92,0.904,0.92,0.932,0.936,0.92,0.92,0.948,-1.036,1.052,1.04,-0.964,0.944,0.904,0.896,-0.916,-0.92,-0.9,-0.888,0.916,0.908,-0.948,-0.948,-0.936,-0.928,-0.924,0.932,-0.952,-0.956,-1.06,1.052,1.04,1.04,1.036,1.024,-1.024,1.016,1.028,1.036,1.072,1.068,1.068,1.064,0.988,0.996,-1.028,-1.004,0.988,-0.98,-0.972,-0.96,-0.952
-1.072,-1.096,-1.092,-1.088,-1.088,-1.076,-1.072,1.052,1.056,1.076,1.068,1.084,1.076,1.08,-1.044,-1.028,-0.976,0.96,0.964,-0.968,-1.088,-1.092,-1.092,1.1,1.08,1.024,-1.032,1.008,1.008,0.94,0.952,0.94,0.936,0.932,-1.064,1.008,1.016,1.028,-1.044,-1.048,1.052,1.06,-1.064,-1.048,1.064,1.068,1.08,1.08,1.08,-1.08,-1.072,-1.072,-1.064,-1.04,-1.032,0.972,0.972,0.968,0.972,-0.968,0.92,1.1,1.096,-1.08,1.12,1.108,-1.096,-1.104,-1.076,-1.072,-1.084,-1.092,-1.088,-1.08,1.08,1.04,1.052,1.048,1.044,1.068,1.056,1.052,-1,-0.996,-0.992,-0.988,-0.968,0.964,0.964,0.968,0.96,0.968,0.976,0.968,0.964,-1.008,-0.976,-0.996,-1.008,1.024,1.04,1.044,1.044,-1.076,-1.072,-1.064,-1.08,1.076,-0.924,0.94,-0.936,0.964,0.96,-0.976,-0.996,0.964,0.956,0.968,-0.972,-0.98,-0.988,-1.004,-1.032,-1.06,1.092,1.08,1.072,1.076,1.048,-1.076,1.112,1.116,1.12,1.08,-1.076,-1.064,-1.08,-1.08,-1.08,-1.076,-1.088,-1.052,-0.952,-0.964,0.936,-0.9,-0.9,-0.896,1.108,1.064,-1.068,-1.06,1.084,1.056,1.044,1.056,1.06,-0.932,-0.928,-0.94,0.916,0.924,0.928,0.916,0.92,-0.9,-0.896,-0.9,-0.896,-0.9,0.912,-0.908,-0.92,-0.924,-0.94,1,-0.992,-0.992,-0.992,-1.02,1.004,1.024,1.012,-1.004,-1.024,-1.056,-1.08,1.064,1.056,1.06,1.06,-1.036,1.004,1.004,0.992,-0.984,-0.992,-0.996,-1,-0.98,-0.976,-0.98,-0.988,-0.98,-0.984,1,1.008,-1.056,-1.064,-1.068,-1.068,-1.064,-1.076,1.048,-1.044,-1.064,-1.064,-1.08,-1.096,-1.08,-1.068,-1.064,-1.08,-1.08,-1.052,-1.036,1.052,1.04,1.036,-1.056,-1.096,-1.104,1.084,1.08,1.1,1.112,-1.084,-1.092,1.052,1.052,1.064,1.072,1.076,-1.068,1.048,1.044,-1.06,1.052,1.04,1.04,1.036,1.024,-1.024,1.016,1.028,1.036,1.072,1.068,-0.932,-0.936,-1.012,-1.004,0.972,0.996,-1.012,1.02,1.028,1.04,1.048
0.928,0.904,0.908,0.912,0.912,0.924,0.928,-0.948,-0.944,-0.924,-0.932,-0.916,-0.924,-0.92,0.956,0.972,1.024,0.96,0.964,-0.968,0.912,0.908,0.908,-0.9,-0.92,1.024,-1.032,1.008,1.008,0.94,0.952,0.94,0.936,0.932,0.936,-0.992,-0.984,-0.972,0.956,0.952,-0.948,-0.94,0.936,0.952,-0.936,-0.932,-0.92,-0.92,-0.92,0.92,0.928,0.928,0.936,-1.04,-1.032,0.972,0.972,0.968,0.972,-0.968,0.92,-0.9,-0.904,0.92,-0.88,-0.892,0.904,0.896,0.924,0.928,0.916,0.908,0.912,0.92,-0.92,-0.96,-0.948,-0.952,-0.956,-0.932,-0.944,-0.948,1,1.004,1.008,1.012,1.032,-1.036,-1.036,-1.032,-1.04,-1.032,-1.024,-1.032,-1.036,-1.008,-0.976,-0.996,-1.008,1.024,1.04,1.044,1.044,-1.076,-1.072,-1.064,0.92,-0.924,-0.924,0.94,-0.936,0.964,0.96,-0.976,-0.996,0.964,0.956,0.968,-0.972,-0.98,-0.988,-1.004,-1.032,-1.06,1.092,1.08,1.072,1.076,-0.952,0.924,-0.888,-0.884,-0.88,-0.92,0.924,0.936,0.92,0.92,0.92,0.924,0.912,0.948,-0.952,-0.964,0.936,-0.9,-0.9,-0.896,-0.892,-0.936,0.932,0.94,-0.916,-0.944,-0.956,-0.944,-0.94,-0.932,-0.928,1.06,-1.084,-1.076,-1.072,-1.084,-1.08,1.1,1.104,1.1,1.104,1.1,-1.088,1.092,1.08,1.076,1.06,-1,1.008,1.008,1.008,0.98,-0.996,-0.976,-0.988,0.996,0.976,0.944,0.92,-0.936,-0.944,-0.94,-0.94,0.964,-0.996,-0.996,0.992,-0.984,-0.992,-0.996,-1,-0.98,-0.976,-0.98,-0.988,-0.98,-0.984,1,1.008,-1.056,-1.064,-1.068,-1.068,-1.064,-1.076,1.048,0.956,0.936,0.936,0.92,0.904,0.92,0.932,0.936,0.92,0.92,0.948,0.964,-0.948,-0.96,-0.964,0.944,0.904,0.896,-0.916,-0.92,-0.9,-0.888,0.916,0.908,-0.948,-0.948,-0.936,-0.928,-0.924,0.932,-0.952,-0.956,0.94,-0.948,-0.96,-0.96,-0.964,-0.976,0.976,-0.984,-0.972,-0.964,-0.928,-0.932,-0.932,-0.936,-1.012,-1.004,0.972,0.996,-1.012,1.02,1.028,1.04,1.048
-1.072,-1.096,-1.092,0.912,0.912,0.924,0.928,-0.948,-0.944,-0.924,-0.932,-0.916,-0.924,-0.92,0.956,0.972,1.024,-1.04,-1.036,1.032,-1.088,-1.092,-1.092,1.1,1.08,1.024,-1.032,1.008,1.008,0.94,0.952,0.94,0.936,0.932,0.936,-0.992,-0.984,-0.972,0.956,0.952,-0.948,-0.94,0.936,0.952,-0.936,-0.932,1.08,1.08,1.08,-1.08,-1.072,-1.072,-1.064,-1.04,-1.032,0.972,0.972,0.968,0.972,-0.968,0.92,-0.9,-0.904,0.92,1.12,1.108,-1.096,-1.104,-1.076,-1.072,-1.084,-1.092,-1.088,-1.08,1.08,1.04,1.052,1.048,1.044,1.068,1.056,1.052,-1,-0.996,1.008,1.012,1.032,-1.036,-1.036,-1.032,-1.04,-1.032,-1.024,-1.032,-1.036,-1.008,-0.976,-0.996,-1.008,1.024,1.04,1.044,1.044,-1.076,-1.072,-1.064,-1.08,1.076,1.076,-1.06,1.064,-1.036,-1.04,1.024,1.004,-1.036,-1.044,-1.032,1.028,1.02,1.012,0.996,0.968,0.94,-0.908,-0.92,-0.928,-0.924,-0.952,0.924,-0.888,-0.884,1.12,1.08,-1.076,0.936,0.92,0.92,0.92,0.924,0.912,0.948,1.048,1.036,-1.064,1.1,1.1,1.104,1.108,1.064,-1.068,-1.06,1.084,1.056,1.044,1.056,-0.94,-0.932,-0.928,-0.94,0.916,0.924,0.928,0.916,0.92,-0.9,-0.896,-0.9,-0.896,-0.9,0.912,-0.908,-0.92,-0.924,-0.94,1,-0.992,-0.992,-0.992,-1.02,1.004,1.024,1.012,-1.004,-1.024,-1.056,-1.08,1.064,1.056,1.06,1.06,-1.036,1.004,1.004,-1.008,1.016,1.008,-0.996,-1,-0.98,-0.976,-0.98,-0.988,-0.98,-0.984,1,1.008,-1.056,-1.064,-1.068,-1.068,-1.064,-1.076,1.048,-1.044,-1.064,-1.064,-1.08,-1.096,0.92,0.932,0.936,0.92,0.92,0.948,0.964,-0.948,-0.96,1.036,-1.056,-1.096,-1.104,1.084,1.08,1.1,1.112,-1.084,-1.092,1.052,1.052,1.064,1.072,1.076,-1.068,1.048,1.044,-1.06,1.052,1.04,1.04,1.036,1.024,-1.024,1.016,1.028,1.036,1.072,-0.932,-0.932,-0.936,-1.012,-1.004,0.972,0.996,-1.012,1.02,1.028,1.04,1.048
-1.072,-1.096,-1.092,-1.088,-1.088,-1.076,-1.072,1.052,1.056,-0.924,-0.932,-0.916,-0.924,-0.92,0.956,0.972,1.024,-1.04,-1.036,1.032,-1.088,-1.092,-1.092,1.1,1.08,1.024,-1.032,-0.992,-0.992,-1.06,-1.048,-1.06,-1.064,-1.068,-1.064,1.008,1.016,1.028,-1.044,-1.048,1.052,1.06,-1.064,-1.048,1.064,1.068,1.08,1.08,1.08,-1.08,-1.072,-1.072,-1.064,-1.04,-1.032,0.972,0.972,0.968,0.972,-0.968,0.92,1.1,1.096,-1.08,1.12,1.108,-1.096,-1.104,-1.076,-1.072,-1.084,-1.092,-1.088,-1.08,1.08,1.04,1.052,1.048,1.044,1.068,1.056,1.052,-1,-0.996,-0.992,-0.988,-0.968,0.964,0.964,0.968,0.96,0.968,0.976,0.968,0.964,-1.008,-0.976,-0.996,-1.008,1.024,1.04,1.044,1.044,-1.076,-1.072,-1.064,-1.08,1.076,1.076,-1.06,1.064,-1.036,-1.04,1.024,1.004,0.964,0.956,0.968,-0.972,-0.98,-0.988,-1.004,-1.032,-1.06,1.092,1.08,1.072,1.076,1.048,-1.076,1.112,1.116,1.12,1.08,-1.076,-1.064,-1.08,-1.08,-1.08,-1.076,0.912,0.948,1.048,1.036,-1.064,1.1,1.1,1.104,1.108,1.064,-1.068,-1.06,1.084,1.056,1.044,1.056,1.06,1.068,1.072,1.06,0.916,0.924,0.928,0.916,0.92,-0.9,-0.896,-0.9,-0.896,-0.9,0.912,-0.908,-0.92,-0.924,-0.94,1,-0.992,-0.992,-0.992,-1.02,1.004,1.024,1.012,-1.004,-1.024,-1.056,-1.08,1.064,1.056,-0.94,-0.94,0.964,-0.996,-0.996,0.992,-0.984,-0.992,-0.996,-1,-0.98,-0.976,-0.98,-0.988,-0.98,-0.984,1,1.008,-1.056,-1.064,-1.068,-1.068,-1.064,-1.076,1.048,-1.044,-1.064,-1.064,-1.08,-1.096,-1.08,-1.068,-1.064,-1.08,-1.08,-1.052,-1.036,1.052,1.04,1.036,-1.056,-1.096,-1.104,1.084,1.08,1.1,1.112,-1.084,-1.092,1.052,1.052,1.064,1.072,1.076,-1.068,1.048,1.044,-1.06,1.052,1.04,1.04,1.036,1.024,-1.024,1.016,1.028,1.036,1.072,1.068,1.068,1.064,0.988,0.996,-1.028,-1.004,0.988,1.02,1.028,1.04,1.048
-1.072,-1.096,-1.092,-1.088,-1.088,-1.076,-1.072,1.052,1.056,-0.924,-0.932,-0.916,-0.924,-0.92,0.956,0.972,1.024,-1.04,-1.036,1.032,-1.088,-1.092,-1.092,1.1,1.08,1.024,-1.032,1.008,1.008,0.94,0.952,0.94,0.936,0.932,0.936,1.008,1.016,1.028,-1.044,-1.048,1.052,1.06,-1.064,-1.048,1.064,1.068,1.08,1.08,1.08,-1.08,-1.072,-1.072,-1.064,-1.04,-1.032,0.972,0.972,0.968,0.972,-0.968,0.92,1.1,1.096,-1.08,1.12,1.108,-1.096,-1.104,-1.076,-1.072,-1.084,-1.092,-1.088,-1.08,1.08,1.04,1.052,1.048,1.044,1.068,1.056,1.052,-1,-0.996,-0.992,-0.988,-0.968,0.964,0.964,0.968,0.96,0.968,0.976,0.968,0.964,0.992,1.024,1.004,0.992,-0.976,-0.96,-0.956,-0.956,0.924,0.928,-1.064,-1.08,1.076,1.076,-1.06,1.064,-1.036,-1.04,1.024,1.004,-1.036,-1.044,-1.032,1.028,1.02,1.012,0.996,0.968,0.94,-0.908,-0.92,-0.928,-0.924,-0.952,0.924,1.112,1.116,1.12,1.08,-1.076,-1.064,-1.08,-1.08,-1.08,-1.076,-1.088,0.948,1.048,1.036,-1.064,1.1,1.1,1.104,1.108,1.064,-1.068,-1.06,1.084,1.056,1.044,1.056,1.06,1.068,1.072,1.06,-1.084,-1.076,-1.072,-1.084,0.92,-0.9,-0.896,-0.9,-0.896,-0.9,0.912,-0.908,-0.92,-0.924,-0.94,1,-0.992,-0.992,-0.992,-1.02,1.004,1.024,1.012,-1.004,-1.024,-1.056,-1.08,1.064,1.056,1.06,1.06,-1.036,1.004,1.004,-1.008,-0.984,-0.992,-0.996,-1,-0.98,-0.976,-0.98,-0.988,-0.98,-0.984,1,1.008,-1.056,-1.064,-1.068,-1.068,-1.064,-1.076,1.048,-1.044,-1.064,-1.064,-1.08,-1.096,-1.08,-1.068,-1.064,-1.08,-1.08,-1.052,-1.036,1.052,1.04,-0.964,0.944,0.904,0.896,-0.916,1.08,1.1,1.112,-1.084,-1.092,1.052,1.052,1.064,1.072,1.076,-1.068,1.048,1.044,-1.06,1.052,1.04,1.04,1.036,1.024,-1.024,1.016,1.028,1.036,1.072,1.068,1.068,1.064,0.988,0.996,0.972,0.996,-1.012,1.02,1.028,1.04,1.048
0.928,0.904,0.908,0.912,0.912,0.924,-1.072,1.052,1.056,1.076,1.068,1.084,1.076,1.08,-1.044,-1.028,-0.976,0.96,0.964,-0.968,0.912,0.908,0.908,-0.9,-0.92,-0.976,0.968,-0.992,-0.992,0.94,0.952,0.94,0.936,0.932,0.936,-0.992,-0.984,-0.972,0.956,0.952,-0.948,-0.94,0.936,0.952,-0.936,-0.932,-0.92,-0.92,-0.92,0.92,0.928,0.928,0.936,0.96,0.968,0.972,0.972,0.968,0.972,-0.968,0.92,-0.9,-0.904,0.92,-0.88,-0.892,0.904,0.896,0.924,0.928,0.916,0.908,0.912,0.92,-0.92,-0.96,-0.948,-0.952,-0.956,-0.932,-0.944,-0.948,1,1.004,1.008,1.012,1.032,-1.036,-1.036,-1.032,-1.04,-1.032,-1.024,-1.032,-1.036,-1.008,-0.976,-0.996,-1.008,-0.976,-0.96,-0.956,-0.956,0.924,0.928,0.936,0.92,-0.924,-0.924,0.94,-0.936,0.964,0.96,-0.976,-0.996,0.964,0.956,0.968,-0.972,-0.98,-0.988,-1.004,-1.032,-1.06,1.092,1.08,1.072,1.076,1.048,0.924,-0.888,-0.884,-0.88,-0.92,0.924,0.936,0.92,0.92,0.92,0.924,0.912,0.948,-0.952,-0.964,0.936,-0.9,-0.9,-0.896,-0.892,-0.936,0.932,0.94,-0.916,-0.944,-0.956,-0.944,-0.94,-0.932,-0.928,-0.94,0.916,0.924,0.928,0.916,0.92,-0.9,-0.896,-0.9,-0.896,-0.9,0.912,-0.908,-0.92,-0.924,-0.94,1,-0.992,-0.992,-0.992,-1.02,1.004,-0.976,-0.988,0.996,0.976,0.944,0.92,-0.936,-0.944,-0.94,-0.94,0.964,-0.996,-0.996,0.992,-0.984,-0.992,-0.996,-1,-0.98,-0.976,-0.98,-0.988,-0.98,1.016,-1,-0.992,0.944,0.936,0.932,0.932,0.936,0.924,-0.952,0.956,0.936,0.936,0.92,0.904,0.92,0.932,0.936,0.92,0.92,-1.052,-1.036,1.052,1.04,-0.964,0.944,0.904,0.896,-0.916,-0.92,-0.9,-0.888,0.916,0.908,1.052,1.052,1.064,1.072,1.076,-1.068,1.048,1.044,-1.06,1.052,1.04,1.04,1.036,1.024,-1.024,1.016,1.028,1.036,1.072,1.068,1.068,1.064,0.988,0.996,-1.028,-1.004,0.988,-0.98,-0.972,-0.96,-0.952
0.928,0.904,0.908,0.912,0.912,0.924,0.928,-0.948,-0.944,-0.924,-0.932,-0.916,-0.924,-0.92,0.956,0.972,-0.976,0.96,0.964,-0.968,0.912,0.908,0.908,-0.9,-0.92,-0.976,0.968,-0.992,-0.992,-1.06,-1.048,-1.06,-1.064,-1.068,-1.064,1.008,1.016,-0.972,0.956,0.952,-0.948,-0.94,0.936,0.952,-0.936,-0.932,-0.92,-0.92,-0.92,0.92,0.928,0.928,0.936,0.96,0.968,0.972,0.972,0.968,0.972,-0.968,0.92,-0.9,-0.904,0.92,-0.88,-0.892,0.904,0.896,0.924,0.928,0.916,0.908,0.912,0.92,-0.92,-0.96,-0.948,-0.952,-0.956,-0.932,-0.944,-0.948,1,1.004,1.008,1.012,1.032,-1.036,-1.036,-1.032,-1.04,-1.032,-1.024,-1.032,-1.036,0.992,1.024,1.004,0.992,-0.976,-0.96,-0.956,-0.956,0.924,0.928,0.936,0.92,-0.924,-0.924,0.94,-0.936,0.964,0.96,-0.976,-0.996,0.964,0.956,0.968,-0.972,-0.98,-0.988,-1.004,-1.032,-1.06,-0.908,-0.92,-0.928,-0.924,-0.952,0.924,-0.888,-0.884,-0.88,-0.92,0.924,0.936,0.92,0.92,0.92,0.924,0.912,0.948,1.048,1.036,-1.064,1.1,1.1,-0.896,-0.892,-0.936,0.932,0.94,-0.916,-0.944,-0.956,-0.944,-0.94,-0.932,-0.928,-0.94,0.916,0.924,0.928,0.916,0.92,-0.9,-0.896,-0.9,-0.896,-0.9,0.912,-0.908,-0.92,-0.924,-0.94,1,-0.992,-0.992,-0.992,-1.02,-0.996,-0.976,-0.988,0.996,0.976,0.944,0.92,-0.936,-0.944,-0.94,-0.94,0.964,-0.996,-0.996,0.992,-0.984,-0.992,-0.996,-1,-0.98,-0.976,-0.98,-0.988,-0.98,-0.984,-1,-0.992,0.944,0.936,0.932,0.932,0.936,0.924,-0.952,0.956,0.936,0.936,0.92,0.904,0.92,0.932,0.936,0.92,0.92,-1.052,-1.036,1.052,1.04,-0.964,0.944,0.904,0.896,-0.916,-0.92,-0.9,-0.888,0.916,0.908,-0.948,-0.948,-0.936,-0.928,-0.924,0.932,-0.952,-0.956,0.94,-0.948,-0.96,-0.96,-0.964,-0.976,0.976,-0.984,-0.972,-0.964,-0.928,-0.932,-0.932,-0.936,-1.012,-1.004,0.972,0.996,-1.012,1.02,1.028,1.04,-0.952
-1.072,-1.096,-1.092,-1.088,0.912,0.924,0.928,-0.948,-0.944,-0.924,-0.932,-0.916,-0.924,-0.92,0.956,0.972,1.024,-1.04,-1.036,1.032,-1.088,-1.092,-1.092,1.1,1.08,1.024,-1.032,1.008,1.008,-1.06,-1.048,-1.06,-1.064,-1.068,-1.064,1.008,1.016,1.028,-1.044,-1.048,1.052,1.06,-1.064,-1.048,1.064,1.068,1.08,1.08,1.08,-1.08,-1.072,-1.072,-1.064,-1.04,-1.032,0.972,0.972,0.968,0.972,-0.968,0.92,-0.9,-0.904,0.92,1.12,1.108,-1.096,-1.104,-1.076,-1.072,-1.084,-1.092,-1.088,-1.08,1.08,1.04,1.052,1.048,1.044,1.068,1.056,1.052,-1,-0.996,-0.992,-0.988,-0.968,0.964,0.964,0.968,0.96,0.968,0.976,0.968,0.964,-1.008,-0.976,-0.996,-1.008,1.024,1.04,1.044,1.044,-1.076,-1.072,-1.064,-1.08,1.076,1.076,-1.06,1.064,-1.036,-1.04,1.024,1.004,-1.036,-1.044,-1.032,1.028,-0.98,-0.988,-1.004,-1.032,-1.06,1.092,1.08,1.072,1.076,1.048,-1.076,1.112,1.116,1.12,1.08,-1.076,-1.064,-1.08,-1.08,-1.08,-1.076,-1.088,-1.052,-0.952,-0.964,0.936,1.1,1.1,1.104,1.108,1.064,-1.068,-1.06,1.084,1.056,1.044,1.056,1.06,1.068,1.072,1.06,-1.084,-1.076,-1.072,-1.084,-1.08,1.1,1.104,1.1,1.104,1.1,-1.088,1.092,1.08,1.076,1.06,-1,1.008,1.008,1.008,0.98,1.004,1.024,1.012,-1.004,-1.024,-1.056,-1.08,1.064,1.056,1.06,1.06,0.964,-0.996,-0.996,0.992,-0.984,-0.992,-0.996,-1,-0.98,-0.976,-0.98,-0.988,-0.98,-0.984,1,1.008,-1.056,-1.064,-1.068,-1.068,-1.064,-1.076,1.048,-1.044,-1.064,-1.064,-1.08,-1.096,-1.08,-1.068,-1.064,-1.08,-1.08,-1.052,-1.036,1.052,1.04,1.036,-1.056,-1.096,-1.104,1.084,1.08,1.1,1.112,-1.084,-1.092,1.052,1.052,1.064,1.072,1.076,-1.068,1.048,1.044,-1.06,1.052,1.04,1.04,1.036,1.024,-1.024,1.016,1.028,1.036,1.072,1.068,1.068,1.064,0.988,0.996,-1.028,-1.004,0.988,-0.98,-0.972,-0.96,-0.952
0.928,0.904,0.908,0.912,0.912,0.924,0.928,-0.948,-0.944,-0.924,-0.932,-0.916,-0.924,-0.92,0.956,0.972,1.024,-1.04,-1.036,1.032,0.912,0.908,0.908,-0.9,-0.92,-0.976,0.968,1.008,1.008,0.94,0.952,0.94,0.936,0.932,0.936,-0.992,-0.984,-0.972,0.956,0.952,-0.948,-0.94,0.936,0.952,-0.936,-0.932,-0.92,-0.92,-0.92,0.92,0.928,0.928,0.936,0.96,0.968,-1.028,-1.028,-1.032,-1.028,1.032,-1.08,1.1,1.096,-1.08,-0.88,-0.892,0.904,0.896,0.924,0.928,0.916,0.908,0.912,0.92,-0.92,-0.96,-0.948,-0.952,-0.956,-0.932,-0.944,-0.948,1,1.004,1.008,1.012,1.032,-1.036,-1.036,-1.032,-1.04,-1.032,-1.024,-1.032,-1.036,-1.008,-0.976,-0.996,-1.008,1.024,1.04,-0.956,-0.956,0.924,0.928,0.936,0.92,-0.924,-0.924,0.94,-0.936,0.964,0.96,-0.976,-0.996,0.964,0.956,0.968,1.028,1.02,1.012,0.996,0.968,0.94,-0.908,-0.92,-0.928,-0.924,-0.952,0.924,-0.888,-0.884,-0.88,-0.92,0.924,0.936,0.92,0.92,0.92,0.924,0.912,0.948,-0.952,-0.964,0.936,-0.9,-0.9,-0.896,-0.892,-0.936,0.932,0.94,-0.916,-0.944,-0.956,-0.944,-0.94,-0.932,-0.928,-0.94,0.916,0.924,0.928,0.916,0.92,1.1,1.104,1.1,1.104,1.1,-1.088,1.092,1.08,1.076,1.06,-1,1.008,1.008,1.008,0.98,-0.996,-0.976,-0.988,0.996,0.976,0.944,0.92,-0.936,-0.944,-0.94,-0.94,0.964,-0.996,-0.996,0.992,-0.984,-0.992,-0.996,-1,-0.98,-0.976,-0.98,-0.988,-0.98,-0.984,1,1.008,-1.056,-1.064,-1.068,-1.068,-1.064,-1.076,-0.952,0.956,0.936,0.936,0.92,0.904,-1.08,-1.068,-1.064,-1.08,-1.08,-1.052,-1.036,1.052,1.04,-0.964,0.944,0.904,0.896,-0.916,-0.92,-0.9,-0.888,0.916,0.908,-0.948,-0.948,-0.936,-0.928,-0.924,0.932,-0.952,-0.956,0.94,-0.948,-0.96,-0.96,-0.964,-0.976,0.976,-0.984,-0.972,-0.964,-0.928,-0.932,-0.932,-0.936,-1.012,-1.004,0.972,0.996,-1.012,-0.98,-0.972,-0.96,-0.952
0.928,0.904,0.908,0.912,-1.088,-1.076,-1.072,1.052,1.056,1.076,1.068,1.084,1.076,1.08,-1.044,-1.028,-0.976,0.96,0.964,-0.968,0.912,0.908,0.908,-0.9,-0.92,-0.976,0.968,-0.992,-0.992,-1.06,-1.048,-1.06,-1.064,-1.068,-1.064,1.008,1.016,1.028,-1.044,-1.048,1.052,1.06,-1.064,-1.048,-0.936,-0.932,-0.92,-0.92,-0.92,0.92,0.928,0.928,0.936,0.96,0.968,-1.028,-1.028,-1.032,-1.028,1.032,-1.08,1.1,1.096,-1.08,1.12,-0.892,0.904,0.896,0.924,0.928,0.916,0.908,0.912,0.92,-0.92,-0.96,-0.948,-0.952,-0.956,-0.932,1.056,1.052,-1,-0.996,-0.992,-0.988,-0.968,0.964,0.964,0.968,0.96,0.968,0.976,0.968,0.964,0.992,1.024,1.004,0.992,-0.976,-0.96,-0.956,-0.956,0.924,0.928,0.936,0.92,1.076,1.076,-1.06,1.064,-1.036,-1.04,1.024,1.004,-1.036,-1.044,-1.032,1.028,1.02,1.012,0.996,0.968,0.94,-0.908,-0.92,-0.928,-0.924,-0.952,0.924,-0.888,-0.884,-0.88,-0.92,0.924,0.936,0.92,0.92,0.92,0.924,0.912,-1.052,-0.952,-0.964,0.936,-0.9,-0.9,-0.896,-0.892,-0.936,0.932,0.94,-0.916,-0.944,-0.956,-0.944,-0.94,-0.932,-0.928,-0.94,0.916,0.924,0.928,0.916,0.92,-0.9,-0.896,-0.9,-0.896,-0.9,0.912,-0.908,-0.92,-0.924,-0.94,1,-0.992,-0.992,-0.992,0.98,-0.996,-0.976,-0.988,0.996,0.976,0.944,0.92,-0.936,-0.944,-0.94,-0.94,0.964,1.004,1.004,-1.008,1.016,1.008,1.004,1,1.02,1.024,1.02,1.012,1.02,1.016,-1,-0.992,0.944,0.936,0.932,0.932,0.936,0.924,-0.952,0.956,0.936,0.936,0.92,0.904,0.92,0.932,0.936,0.92,0.92,0.948,0.964,-0.948,-0.96,1.036,-1.056,-1.096,-1.104,1.084,-0.92,-0.9,-0.888,0.916,0.908,-0.948,-0.948,-0.936,-0.928,-0.924,0.932,-0.952,-0.956,0.94,-0.948,1.04,1.04,1.036,1.024,-1.024,1.016,1.028,1.036,1.072,1.068,1.068,1.064,0.988,0.996,-1.028,-1.004,0.988,-0.98,-0.972,-0.96,-0.952
0.928,0.904,0.908,-1.088,-1.088,-1.076,-1.072,1.052,1.056,1.076,1.068,1.084,1.076,1.08,-1.044,-1.028,-0.976,0.96,0.964,-0.968,0.912,0.908,0.908,-0.9,-0.92,-0.976,0.968,-0.992,-0.992,-1.06,-1.048,-1.06,-1.064,-1.068,-1.064,1.008,1.016,1.028,-1.044,-1.048,1.052,1.06,-1.064,-1.048,1.064,1.068,1.08,-0.92,-0.92,0.92,0.928,0.928,0.936,0.96,0.968,-1.028,-1.028,-1.032,-1.028,1.032,-1.08,-0.9,-0.904,0.92,-0.88,-0.892,0.904,0.896,0.924,0.928,0.916,0.908,0.912,0.92,-0.92,-0.96,-0.948,-0.952,-0.956,-0.932,-0.944,-0.948,1,1.004,1.008,1.012,1.032,0.964,0.964,0.968,0.96,0.968,0.976,0.968,0.964,0.992,1.024,1.004,0.992,-0.976,-0.96,-0.956,-0.956,0.924,0.928,0.936,0.92,-0.924,-0.924,0.94,-0.936,0.964,0.96,-0.976,-0.996,0.964,0.956,0.968,-0.972,-0.98,-0.988,-1.004,0.968,0.94,-0.908,-0.92,-0.928,-0.924,-0.952,0.924,-0.888,-0.884,-0.88,-0.92,0.924,0.936,0.92,0.92,0.92,0.924,0.912,-1.052,-0.952,-0.964,0.936,-0.9,-0.9,-0.896,-0.892,-0.936,0.932,0.94,-0.916,-0.944,-0.956,-0.944,-0.94,-0.932,-0.928,-0.94,0.916,0.924,0.928,0.916,0.92,1.1,1.104,1.1,1.104,1.1,-1.088,1.092,1.08,1.076,1.06,-1,1.008,1.008,1.008,0.98,-0.996,-0.976,-0.988,0.996,0.976,0.944,0.92,-0.936,-0.944,-0.94,-0.94,0.964,1.004,1.004,-1.008,1.016,1.008,1.004,1,1.02,1.024,1.02,1.012,1.02,1.016,-1,-0.992,0.944,0.936,0.932,0.932,0.936,0.924,-0.952,0.956,0.936,0.936,0.92,0.904,-1.08,-1.068,-1.064,-1.08,-1.08,-1.052,-1.036,1.052,1.04,-0.964,0.944,0.904,0.896,-0.916,-0.92,-0.9,-0.888,0.916,0.908,-0.948,-0.948,-0.936,-0.928,-0.924,0.932,-0.952,-0.956,0.94,-0.948,-0.96,-0.96,-0.964,-0.976,0.976,1.016,1.028,1.036,1.072,1.068,1.068,1.064,0.988,0.996,-1.028,-1.004,0.988,-0.98,-0.972,-0.96,-0.952
0.928,0.904,-1.092,-1.088,-1.088,-1.076,-1.072,1.052,1.056,1.076,1.068,1.084,1.076,1.08,-1.044,-1.028,-0.976,0.96,0.964,-0.968,0.912,0.908,0.908,-0.9,-0.92,-0.976,0.968,-0.992,-0.992,-1.06,-1.048,-1.06,-1.064,-1.068,-1.064,1.008,1.016,1.028,0.956,0.952,-0.948,-0.94,0.936,0.952,-0.936,-0.932,-0.92,-0.92,-0.92,0.92,0.928,0.928,0.936,0.96,0.968,-1.028,-1.028,-1.032,-1.028,1.032,-1.08,1.1,1.096,-1.08,1.12,1.108,-1.096,-1.104,-1.076,-1.072,0.916,0.908,0.912,0.92,-0.92,-0.96,-0.948,-0.952,-0.956,-0.932,-0.944,-0.948,1,1.004,1.008,1.012,1.032,0.964,0.964,0.968,0.96,0.968,0.976,0.968,0.964,0.992,1.024,1.004,0.992,-0.976,-0.96,-0.956,-0.956,0.924,0.928,0.936,0.92,-0.924,-0.924,0.94,-0.936,0.964,0.96,-0.976,1.004,-1.036,-1.044,-1.032,1.028,1.02,1.012,0.996,0.968,0.94,-0.908,-0.92,-0.928,-0.924,-0.952,0.924,-0.888,-0.884,-0.88,-0.92,0.924,0.936,0.92,0.92,0.92,0.924,0.912,0.948,1.048,1.036,-1.064,1.1,1.1,1.104,-0.892,1.064,-1.068,-1.06,1.084,1.056,1.044,1.056,1.06,1.068,1.072,1.06,-1.084,-1.076,-1.072,-1.084,-1.08,1.1,1.104,1.1,1.104,1.1,-1.088,1.092,1.08,1.076,1.06,-1,1.008,1.008,1.008,0.98,-0.996,-0.976,-0.988,0.996,0.976,0.944,0.92,-0.936,-0.944,-0.94,-0.94,0.964,1.004,1.004,-1.008,1.016,1.008,1.004,1,1.02,1.024,1.02,1.012,1.02,1.016,-1,-0.992,0.944,0.936,0.932,0.932,0.936,0.924,-0.952,0.956,0.936,0.936,0.92,0.904,0.92,0.932,0.936,0.92,0.92,0.948,0.964,-0.948,-0.96,-0.964,0.944,0.904,0.896,-0.916,-0.92,-0.9,-0.888,0.916,0.908,-0.948,-0.948,-0.936,-0.928,-0.924,0.932,-0.952,-0.956,0.94,-0.948,-0.96,-0.96,-0.964,-0.976,0.976,-0.984,-0.972,-0.964,-0.928,-0.932,-0.932,-0.936,0.988,0.996,-1.028,-1.004,0.988,-0.98,-0.972,-0.96,-0.952
0.928,0.904,0.908,0.912,0.912,0.924,0.928,-0.948,-0.944,-0.924,-0.932,-0.916,-0.924,-0.92,0.956,0.972,1.024,-1.04,-1.036,1.032,-1.088,0.908,0.908,-0.9,-0.92,-0.976,0.968,-0.992,-0.992,-1.06,-1.048,-1.06,-1.064,-1.068,-1.064,1.008,1.016,1.028,-1.044,-1.048,1.052,1.06,0.936,0.952,-0.936,-0.932,-0.92,-0.92,-0.92,0.92,0.928,0.928,0.936,0.96,0.968,-1.028,-1.028,-1.032,-1.028,1.032,-1.08,1.1,1.096,-1.08,-0.88,-0.892,0.904,0.896,0.924,0.928,0.916,0.908,0.912,0.92,-0.92,-0.96,-0.948,-0.952,-0.956,-0.932,-0.944,-0.948,1,1.004,1.008,1.012,1.032,-1.036,-1.036,-1.032,0.96,0.968,0.976,0.968,0.964,0.992,1.024,1.004,0.992,-0.976,-0.96,-0.956,-0.956,0.924,0.928,0.936,0.92,-0.924,-0.924,0.94,-0.936,-1.036,-1.04,1.024,1.004,-1.036,-1.044,-1.032,1.028,1.02,1.012,0.996,0.968,0.94,-0.908,-0.92,-0.928,-0.924,-0.952,0.924,-0.888,-0.884,-0.88,-0.92,0.924,0.936,0.92,0.92,0.92,0.924,0.912,0.948,1.048,1.036,0.936,-0.9,-0.9,-0.896,-0.892,-0.936,0.932,0.94,-0.916,-0.944,-0.956,-0.944,-0.94,-0.932,-0.928,-0.94,0.916,0.924,0.928,0.916,0.92,-0.9,-0.896,-0.9,-0.896,-0.9,0.912,-0.908,-0.92,-0.924,-0.94,1,-0.992,-0.992,-0.992,-1.02,1.004,1.024,1.012,-1.004,0.976,0.944,0.92,-0.936,-0.944,-0.94,-0.94,-1.036,1.004,1.004,-1.008,1.016,1.008,1.004,1,1.02,1.024,1.02,1.012,1.02,1.016,-1,-0.992,0.944,0.936,0.932,0.932,0.936,0.924,-0.952,0.956,0.936,0.936,0.92,0.904,0.92,0.932,0.936,0.92,0.92,-1.052,-1.036,1.052,1.04,-0.964,0.944,0.904,0.896,-0.916,-0.92,-0.9,-0.888,0.916,0.908,-0.948,-0.948,-0.936,-0.928,-0.924,0.932,1.048,1.044,-1.06,1.052,1.04,1.04,1.036,1.024,-1.024,1.016,1.028,1.036,1.072,1.068,1.068,1.064,0.988,0.996,-1.028,-1.004,0.988,-0.98,-0.972,-0.96,-0.952
-1.072,-1.096,-1.092,-1.088,-1.088,-1.076,-1.072,1.052,1.056,1.076,1.068,1.084,1.076,1.08,-1.044,-1.028,-0.976,0.96,0.964,-0.968,0.912,0.908,0.908,1.1,1.08,1.024,-1.032,1.008,1.008,-1.06,-1.048,-1.06,-1.064,-1.068,-1.064,1.008,1.016,1.028,-1.044,-1.048,1.052,1.06,-1.064,-1.048,1.064,1.068,1.08,1.08,1.08,-1.08,-1.072,-1.072,-1.064,-1.04,-1.032,-1.028,-1.028,-1.032,-1.028,1.032,-1.08,1.1,1.096,-1.08,1.12,1.108,-1.096,-1.104,-1.076,-1.072,-1.084,-1.092,-1.088,-1.08,1.08,1.04,1.052,1.048,1.044,1.068,1.056,1.052,-1,-0.996,-0.992,-0.988,-0.968,0.964,0.964,0.968,0.96,0.968,0.976,0.968,0.964,0.992,1.024,1.004,0.992,-0.976,-0.96,-0.956,-0.956,0.924,-1.072,-1.064,-1.08,-0.924,-0.924,0.94,-0.936,0.964,0.96,-0.976,-0.996,0.964,0.956,0.968,-0.972,-0.98,-0.988,-1.004,-1.032,-1.06,1.092,1.08,1.072,1.076,1.048,-1.076,1.112,1.116,1.12,1.08,-1.076,-1.064,-1.08,-1.08,-1.08,0.924,0.912,0.948,1.048,1.036,-1.064,1.1,1.1,1.104,1.108,1.064,-1.068,-1.06,1.084,1.056,1.044,1.056,1.06,1.068,1.072,1.06,-1.084,-1.076,-1.072,-1.084,-1.08,1.1,1.104,1.1,1.104,1.1,-1.088,1.092,1.08,1.076,-0.94,1,-0.992,-0.992,-0.992,-1.02,1.004,1.024,1.012,-1.004,-1.024,-1.056,-1.08,1.064,1.056,1.06,1.06,-1.036,1.004,1.004,-1.008,-0.984,-0.992,-0.996,-1,-0.98,-0.976,-0.98,-0.988,-0.98,-0.984,1,1.008,-1.056,-1.064,-1.068,-1.068,-1.064,-1.076,1.048,-1.044,-1.064,-1.064,-1.08,-1.096,-1.08,-1.068,-1.064,-1.08,-1.08,-1.052,-1.036,1.052,1.04,-0.964,0.944,0.904,0.896,1.084,1.08,1.1,1.112,-1.084,-1.092,1.052,1.052,1.064,1.072,1.076,-1.068,1.048,1.044,-1.06,1.052,1.04,1.04,1.036,1.024,-1.024,1.016,1.028,1.036,1.072,1.068,1.068,1.064,0.988,0.996,-1.028,-1.004,0.988,1.02,1.028,1.04,1.048
-1.072,-1.096,-1.092,-1.088,-1.088,-1.076,-1.072,1.052,1.056,1.076,1.068,1.084,1.076,1.08,0.956,0.972,1.024,-1.04,-1.036,1.032,-1.088,-1.092,-1.092,1.1,1.08,1.024,-1.032,-0.992,-0.992,-1.06,-1.048,-1.06,-1.064,-1.068,-1.064,1.008,1.016,1.028,-1.044,-1.048,1.052,1.06,-1.064,-1.048,1.064,1.068,1.08,1.08,1.08,-1.08,-1.072,-1.072,-1.064,-1.04,-1.032,-1.028,-1.028,-1.032,-1.028,1.032,-1.08,1.1,1.096,-1.08,1.12,1.108,-1.096,-1.104,-1.076,-1.072,-1.084,-1.092,-1.088,-1.08,1.08,1.04,1.052,1.048,1.044,1.068,1.056,1.052,-1,-0.996,-0.992,-0.988,-0.968,0.964,0.964,0.968,0.96,0.968,0.976,0.968,0.964,0.992,-0.976,-0.996,-1.008,1.024,1.04,1.044,1.044,-1.076,-1.072,-1.064,-1.08,1.076,1.076,-1.06,1.064,-1.036,-1.04,1.024,1.004,-1.036,-1.044,-1.032,1.028,1.02,1.012,0.996,0.968,0.94,1.092,1.08,1.072,1.076,1.048,-1.076,1.112,1.116,1.12,1.08,-1.076,0.936,0.92,0.92,0.92,0.924,0.912,0.948,1.048,1.036,-1.064,1.1,1.1,1.104,1.108,1.064,-1.068,-1.06,1.084,1.056,1.044,1.056,1.06,1.068,1.072,1.06,-1.084,-1.076,-1.072,-1.084,-1.08,1.1,1.104,1.1,1.104,1.1,-1.088,1.092,1.08,1.076,1.06,-1,1.008,1.008,-0.992,-1.02,1.004,1.024,1.012,-1.004,-1.024,-1.056,-1.08,1.064,1.056,1.06,1.06,-1.036,1.004,1.004,-1.008,1.016,1.008,1.004,1,-0.98,-0.976,-0.98,-0.988,-0.98,-0.984,1,1.008,-1.056,-1.064,-1.068,-1.068,-1.064,-1.076,1.048,-1.044,-1.064,-1.064,-1.08,-1.096,-1.08,-1.068,-1.064,-1.08,-1.08,-1.052,-1.036,1.052,1.04,-0.964,0.944,0.904,0.896,-0.916,-0.92,-0.9,-0.888,0.916,0.908,1.052,1.052,1.064,1.072,1.076,-1.068,1.048,1.044,-1.06,1.052,1.04,1.04,1.036,1.024,-1.024,-0.984,-0.972,-0.964,-0.928,-0.932,-0.932,-0.936,-1.012,-1.004,0.972,0.996,-1.012,1.02,1.028,1.04,1.048
0.928,0.904,0.908,0.912,0.912,0.924,0.928,-0.948,-0.944,-0.924,-0.932,-0.916,-0.924,-0.92,0.956,0.972,1.024,-1.04,-1.036,1.032,-1.088,0.908,0.908,-0.9,-0.92,-0.976,0.968,-0.992,-0.992,-1.06,-1.048,0.94,0.936,0.932,0.936,-0.992,-0.984,-0.972,0.956,0.952,-0.948,-0.94,0.936,0.952,-0.936,-0.932,-0.92,-0.92,-0.92,0.92,0.928,0.928,0.936,0.96,0.968,-1.028,-1.028,-1.032,-1.028,1.032,0.92,-0.9,-0.904,0.92,-0.88,-0.892,0.904,0.896,0.924,0.928,0.916,0.908,0.912,0.92,-0.92,-0.96,-0.948,-0.952,-0.956,-0.932,-0.944,-0.948,1,1.004,1.008,1.012,1.032,-1.036,-1.036,-1.032,-1.04,-1.032,-1.024,-1.032,-1.036,0.992,1.024,1.004,0.992,-0.976,-0.96,-0.956,-0.956,0.924,0.928,0.936,0.92,-0.924,1.076,-1.06,1.064,-1.036,-1.04,1.024,1.004,-1.036,-1.044,-1.032,1.028,1.02,1.012,0.996,0.968,0.94,-0.908,-0.92,-0.928,-0.924,-0.952,0.924,-0.888,-0.884,-0.88,-0.92,0.924,-1.064,-1.08,-1.08,-1.08,-1.076,-1.088,-1.052,-0.952,-0.964,0.936,-0.9,-0.9,-0.896,-0.892,-0.936,0.932,0.94,-0.916,-0.944,-0.956,-0.944,-0.94,-0.932,-0.928,-0.94,0.916,0.924,0.928,0.916,0.92,-0.9,-0.896,-0.9,-0.896,1.1,-1.088,1.092,1.08,1.076,1.06,-1,1.008,1.008,1.008,0.98,-0.996,-0.976,-0.988,0.996,0.976,0.944,0.92,-0.936,-0.944,-0.94,-0.94,0.964,-0.996,-0.996,0.992,-0.984,1.008,1.004,1,1.02,1.024,1.02,1.012,1.02,1.016,-1,-0.992,0.944,0.936,0.932,0.932,0.936,0.924,-0.952,0.956,0.936,0.936,0.92,0.904,0.92,0.932,0.936,0.92,0.92,0.948,0.964,-0.948,-0.96,1.036,-1.056,0.904,0.896,-0.916,-0.92,-0.9,-0.888,0.916,0.908,-0.948,-0.948,-0.936,-0.928,-0.924,0.932,-0.952,-0.956,0.94,-0.948,-0.96,-0.96,-0.964,-0.976,0.976,-0.984,-0.972,-0.964,-0.928,1.068,1.068,1.064,0.988,0.996,-1.028,-1.004,0.988,-0.98,-0.972,-0.96,-0.952
-1.072,-1.096,-1.092,-1.088,-1.088,-1.076,-1.072,1.052,1.056,1.076,1.068,1.084,1.076,1.08,-1.044,-1.028,-0.976,0.96,0.964,-0.968,0.912,0.908,0.908,-0.9,1.08,1.024,-1.032,1.008,1.008,0.94,0.952,-1.06,-1.064,-1.068,-1.064,1.008,1.016,1.028,-1.044,-1.048,1.052,1.06,-1.064,-1.048,1.064,1.068,1.08,1.08,1.08,-1.08,-1.072,-1.072,-1.064,-1.04,-1.032,0.972,0.972,0.968,0.972,-0.968,-1.08,1.1,1.096,-1.08,1.12,1.108,-1.096,-1.104,-1.076,-1.072,-1.084,-1.092,-1.088,-1.08,1.08,1.04,1.052,1.048,1.044,1.068,1.056,1.052,-1,-0.996,-0.992,-0.988,-0.968,0.964,0.964,0.968,0.96,0.968,0.976,0.968,0.964,0.992,1.024,1.004,-1.008,1.024,1.04,1.044,1.044,-1.076,-1.072,-1.064,-1.08,1.076,-0.924,0.94,-0.936,0.964,0.96,-0.976,-0.996,0.964,0.956,0.968,-0.972,-0.98,-0.988,-1.004,-1.032,-1.06,1.092,1.08,1.072,1.076,1.048,-1.076,1.112,1.116,1.12,1.08,-1.076,-1.064,-1.08,-1.08,-1.08,-1.076,-1.088,-1.052,1.048,1.036,-1.064,1.1,1.1,1.104,1.108,1.064,-1.068,-1.06,1.084,1.056,1.044,1.056,1.06,1.068,1.072,1.06,-1.084,-1.076,-1.072,-1.084,-1.08,1.1,1.104,-0.9,-0.896,-0.9,0.912,-0.908,-0.92,-0.924,-0.94,1,-0.992,-0.992,-0.992,-1.02,1.004,1.024,1.012,-1.004,-1.024,-1.056,-1.08,1.064,1.056,1.06,1.06,0.964,-0.996,-0.996,0.992,-0.984,-0.992,-0.996,-1,-0.98,-0.976,-0.98,-0.988,-0.98,-0.984,1,1.008,-1.056,-1.064,-1.068,-1.068,-1.064,-1.076,1.048,-1.044,-1.064,-1.064,-1.08,-1.096,-1.08,-1.068,-1.064,-1.08,-1.08,0.948,0.964,-0.948,-0.96,1.036,-1.056,-1.096,-1.104,1.084,1.08,1.1,1.112,-1.084,-1.092,1.052,1.052,1.064,1.072,1.076,-1.068,1.048,1.044,-1.06,1.052,1.04,1.04,1.036,1.024,-1.024,1.016,1.028,1.036,1.072,1.068,1.068,1.064,-1.012,-1.004,0.972,0.996,-1.012,1.02,1.028,1.04,1.048
-1.072,-1.096,-1.092,-1.088,-1.088,-1.076,-1.072,1.052,1.056,1.076,1.068,1.084,1.076,1.08,-1.044,-1.028,-0.976,-1.04,-1.036,1.032,-1.088,-1.092,-1.092,1.1,1.08,1.024,-1.032,1.008,1.008,0.94,0.952,-1.06,-1.064,-1.068,-1.064,1.008,1.016,1.028,-1.044,-1.048,1.052,1.06,-1.064,-1.048,1.064,1.068,1.08,1.08,1.08,-1.08,-1.072,-1.072,-1.064,-1.04,-1.032,0.972,0.972,0.968,0.972,-0.968,0.92,-0.9,1.096,-1.08,1.12,1.108,-1.096,-1.104,-1.076,-1.072,-1.084,-1.092,-1.088,-1.08,1.08,1.04,1.052,1.048,1.044,1.068,1.056,1.052,-1,-0.996,-0.992,-0.988,-0.968,0.964,0.964,0.968,0.96,0.968,0.976,0.968,0.964,0.992,-0.976,-0.996,-1.008,1.024,1.04,1.044,1.044,-1.076,-1.072,-1.064,-1.08,1.076,1.076,-1.06,1.064,-1.036,-1.04,1.024,1.004,0.964,0.956,0.968,-0.972,-0.98,-0.988,-1.004,-1.032,-1.06,1.092,1.08,1.072,1.076,1.048,-1.076,1.112,1.116,1.12,1.08,-1.076,0.936,0.92,0.92,0.92,0.924,0.912,0.948,1.048,1.036,-1.064,1.1,1.1,1.104,1.108,1.064,-1.068,-1.06,1.084,1.056,1.044,1.056,1.06,1.068,1.072,1.06,-1.084,-1.076,-1.072,-1.084,-1.08,1.1,1.104,1.1,1.104,1.1,-1.088,1.092,1.08,1.076,-0.94,1,-0.992,-0.992,-0.992,-1.02,1.004,1.024,1.012,-1.004,-1.024,-1.056,-1.08,1.064,1.056,1.06,1.06,-1.036,1.004,1.004,-1.008,-0.984,-0.992,-0.996,-1,-0.98,-0.976,-0.98,-0.988,-0.98,-0.984,1,1.008,-1.056,-1.064,-1.068,-1.068,-1.064,-1.076,1.048,-1.044,-1.064,-1.064,-1.08,-1.096,-1.08,-1.068,-1.064,-1.08,-1.08,-1.052,-1.036,1.052,1.04,1.036,-1.056,-1.096,-1.104,1.084,1.08,1.1,1.112,-1.084,-1.092,1.052,1.052,1.064,1.072,1.076,-1.068,1.048,1.044,-1.06,1.052,1.04,1.04,1.036,1.024,-1.024,1.016,1.028,1.036,1.072,1.068,1.068,1.064,-1.012,-1.004,0.972,0.996,-1.012,1.02,1.028,1.04,1.048
-1.072,-1.096,-1.092,-1.088,-1.088,-1.076,-1.072,1.052,-0.944,-0.924,-0.932,-0.916,-0.924,-0.92,0.956,0.972,1.024,-1.04,-1.036,1.032,-1.088,-1.092,-1.092,1.1,1.08,1.024,-1.032,1.008,1.008,-1.06,-1.048,-1.06,-1.064,-1.068,-1.064,1.008,1.016,1.028,-1.044,-1.048,1.052,1.06,-1.064,-1.048,1.064,1.068,1.08,1.08,1.08,-1.08,-1.072,-1.072,-1.064,-1.04,-1.032,0.972,0.972,0.968,0.972,-0.968,0.92,-0.9,-0.904,0.92,-0.88,-0.892,0.904,0.896,0.924,0.928,0.916,0.908,0.912,0.92,1.08,1.04,1.052,1.048,1.044,1.068,1.056,1.052,1,1.004,1.008,1.012,1.032,-1.036,-1.036,-1.032,-1.04,-1.032,-1.024,-1.032,-1.036,-1.008,-0.976,-0.996,-1.008,1.024,1.04,1.044,1.044,-1.076,-1.072,-1.064,-1.08,1.076,1.076,-1.06,1.064,-1.036,-1.04,1.024,-0.996,0.964,0.956,0.968,-0.972,-0.98,-0.988,-1.004,-1.032,-1.06,1.092,1.08,1.072,1.076,1.048,-1.076,1.112,1.116,1.12,1.08,-1.076,-1.064,0.92,0.92,0.92,0.924,0.912,0.948,1.048,1.036,-1.064,1.1,1.1,1.104,1.108,1.064,0.932,0.94,-0.916,-0.944,-0.956,-0.944,-0.94,-0.932,-0.928,-0.94,0.916,0.924,0.928,0.916,0.92,-0.9,-0.896,-0.9,-0.896,-0.9,0.912,-0.908,-0.92,-0.924,-0.94,1,-0.992,-0.992,-0.992,-1.02,1.004,1.024,1.012,-1.004,-1.024,-1.056,-1.08,1.064,1.056,1.06,-0.94,0.964,-0.996,-0.996,0.992,-0.984,-0.992,-0.996,-1,-0.98,-0.976,-0.98,-0.988,-0.98,-0.984,1,1.008,-1.056,-1.064,-1.068,-1.068,-1.064,-1.076,1.048,-1.044,-1.064,-1.064,-1.08,-1.096,-1.08,-1.068,-1.064,-1.08,-1.08,-1.052,-1.036,1.052,1.04,1.036,-1.056,-1.096,-1.104,1.084,1.08,1.1,1.112,-1.084,-1.092,1.052,1.052,1.064,1.072,1.076,-1.068,1.048,1.044,-1.06,1.052,1.04,1.04,1.036,1.024,-1.024,1.016,1.028,1.036,1.072,1.068,1.068,1.064,0.988,0.996,-1.028,-1.004,0.988,-0.98,-0.972,1.04,1.048
0.928,0.904,0.908,0.912,0.912,0.924,0.928,-0.948,-0.944,1.076,1.068,1.084,1.076,1.08,-1.044,-1.028,-0.976,0.96,0.964,-0.968,0.912,0.908,0.908,-0.9,-0.92,-0.976,0.968,-0.992,-0.992,0.94,0.952,0.94,0.936,0.932,0.936,-0.992,-0.984,-0.972,0.956,0.952,-0.948,-0.94,0.936,0.952,-0.936,-0.932,-0.92,-0.92,-0.92,0.92,0.928,0.928,0.936,0.96,0.968,-1.028,-1.028,-1.032,-1.028,1.032,-1.08,1.1,1.096,-1.08,-0.88,-0.892,0.904,0.896,0.924,0.928,0.916,0.908,0.912,0.92,-0.92,1.04,1.052,1.048,1.044,1.068,1.056,1.052,-1,-0.996,-0.992,-0.988,-0.968,0.964,0.964,0.968,0.96,0.968,0.976,0.968,0.964,0.992,1.024,1.004,0.992,-0.976,-0.96,-0.956,-0.956,0.924,0.928,0.936,0.92,-0.924,-0.924,0.94,-0.936,0.964,0.96,-0.976,-0.996,-1.036,-1.044,-1.032,1.028,1.02,1.012,0.996,0.968,0.94,-0.908,-0.92,-0.928,-0.924,-0.952,0.924,-0.888,-0.884,-0.88,-0.92,0.924,0.936,0.92,0.92,0.92,0.924,0.912,0.948,-0.952,-0.964,0.936,-0.9,-0.9,-0.896,-0.892,-0.936,0.932,0.94,-0.916,-0.944,-0.956,-0.944,-0.94,-0.932,-0.928,-0.94,0.916,0.924,0.928,0.916,0.92,-0.9,-0.896,-0.9,-0.896,-0.9,0.912,1.092,1.08,1.076,1.06,-1,1.008,1.008,1.008,0.98,-0.996,-0.976,-0.988,0.996,0.976,0.944,0.92,-0.936,-0.944,-0.94,-0.94,0.964,-0.996,-0.996,0.992,-0.984,-0.992,-0.996,-1,-0.98,-0.976,-0.98,-0.988,-0.98,-0.984,1,1.008,0.944,0.936,0.932,0.932,0.936,0.924,-0.952,0.956,0.936,0.936,0.92,0.904,0.92,0.932,0.936,0.92,0.92,-1.052,-1.036,1.052,1.04,-0.964,0.944,0.904,0.896,-0.916,-0.92,-0.9,-0.888,0.916,0.908,-0.948,-0.948,-0.936,-0.928,-0.924,-1.068,1.048,1.044,-1.06,1.052,1.04,1.04,1.036,1.024,-1.024,1.016,1.028,1.036,1.072,1.068,1.068,1.064,0.988,0.996,-1.028,-1.004,0.988,-0.98,-0.972,-0.96,-0.952
-1.072,-1.096,-1.092,-1.088,-1.088,-1.076,-1.072,1.052,1.056,1.076,1.068,1.084,1.076,1.08,-1.044,-1.028,-0.976,-1.04,-1.036,1.032,-1.088,-1.092,-1.092,1.1,1.08,1.024,-1.032,1.008,1.008,-1.06,-1.048,-1.06,-1.064,-1.068,-1.064,1.008,1.016,1.028,-1.044,-1.048,1.052,1.06,-1.064,-1.048,1.064,1.068,1.08,1.08,1.08,-1.08,-1.072,-1.072,-1.064,-1.04,-1.032,0.972,0.972,0.968,0.972,-0.968,0.92,-0.9,-0.904,0.92,-0.88,1.108,-1.096,-1.104,-1.076,-1.072,-1.084,-1.092,-1.088,-1.08,1.08,1.04,1.052,1.048,1.044,1.068,1.056,1.052,-1,-0.996,-0.992,-0.988,-0.968,-1.036,-1.036,-1.032,-1.04,-1.032,-1.024,-1.032,-1.036,-1.008,-0.976,-0.996,-1.008,1.024,1.04,1.044,1.044,-1.076,-1.072,-1.064,-1.08,1.076,1.076,-1.06,1.064,-1.036,-1.04,1.024,1.004,-1.036,-1.044,-1.032,1.028,1.02,1.012,0.996,0.968,0.94,-0.908,-0.92,-0.928,-0.924,-0.952,0.924,-0.888,-0.884,-0.88,1.08,-1.076,-1.064,-1.08,-1.08,-1.08,-1.076,-1.088,-1.052,-0.952,1.036,-1.064,1.1,1.1,1.104,1.108,1.064,-1.068,-1.06,1.084,1.056,1.044,1.056,1.06,1.068,1.072,1.06,-1.084,-1.076,-1.072,-1.084,-1.08,1.1,1.104,1.1,1.104,1.1,-1.088,1.092,1.08,1.076,1.06,-1,1.008,1.008,1.008,0.98,1.004,1.024,1.012,-1.004,-1.024,-1.056,-1.08,1.064,1.056,1.06,1.06,-1.036,1.004,1.004,-1.008,1.016,1.008,1.004,1,1.02,1.024,1.02,1.012,1.02,1.016,-1,-0.992,-1.056,-1.064,-1.068,-1.068,-1.064,-1.076,1.048,-1.044,-1.064,-1.064,-1.08,-1.096,-1.08,-1.068,-1.064,-1.08,-1.08,-1.052,-1.036,1.052,1.04,1.036,-1.056,-1.096,-1.104,1.084,1.08,1.1,1.112,-1.084,-1.092,1.052,1.052,1.064,1.072,1.076,-1.068,1.048,1.044,-1.06,1.052,1.04,1.04,1.036,1.024,-1.024,1.016,1.028,1.036,-0.928,-0.932,-0.932,-0.936,-1.012,-1.004,0.972,0.996,-1.012,1.02,1.028,1.04,1.048
0.928,0.904,0.908,0.912,0.912,0.924,0.928,-0.948,-0.944,-0.924,-0.932,-0.916,-0.924,-0.92,0.956,0.972,1.024,-1.04,-1.036,1.032,0.912,0.908,0.908,-0.9,-0.92,1.024,-1.032,1.008,1.008,0.94,0.952,0.94,0.936,0.932,0.936,-0.992,-0.984,-0.972,0.956,0.952,-0.948,-0.94,0.936,0.952,-0.936,-0.932,-0.92,-0.92,-0.92,0.92,0.928,0.928,0.936,0.96,0.968,-1.028,-1.028,-1.032,-1.028,1.032,-1.08,1.1,1.096,0.92,-0.88,-0.892,0.904,0.896,0.924,0.928,0.916,0.908,0.912,0.92,-0.92,-0.96,-0.948,-0.952,-0.956,-0.932,-0.944,-0.948,1,1.004,1.008,1.012,1.032,-1.036,-1.036,-1.032,-1.04,-1.032,-1.024,-1.032,-1.036,-1.008,-0.976,-0.996,-1.008,-0.976,-0.96,-0.956,-0.956,0.924,0.928,0.936,0.92,-0.924,-0.924,0.94,-0.936,0.964,0.96,-0.976,-0.996,0.964,0.956,0.968,-0.972,-0.98,-0.988,-1.004,-1.032,0.94,-0.908,-0.92,-0.928,-0.924,-0.952,0.924,-0.888,-0.884,-0.88,-0.92,0.924,0.936,0.92,0.92,0.92,0.924,0.912,-1.052,-0.952,-0.964,0.936,-0.9,-0.9,-0.896,-0.892,-0.936,0.932,0.94,-0.916,-0.944,-0.956,-0.944,-0.94,-0.932,-0.928,-0.94,0.916,0.924,0.928,0.916,0.92,-0.9,-0.896,1.1,1.104,1.1,-1.088,1.092,1.08,1.076,1.06,-1,1.008,1.008,1.008,0.98,-0.996,-0.976,-0.988,0.996,0.976,0.944,0.92,-0.936,-0.944,-0.94,-0.94,0.964,-0.996,-0.996,0.992,-0.984,-0.992,-0.996,1,1.02,1.024,1.02,1.012,1.02,1.016,-1,-0.992,0.944,0.936,0.932,0.932,0.936,0.924,-0.952,0.956,0.936,0.936,0.92,0.904,0.92,0.932,0.936,0.92,0.92,0.948,0.964,-0.948,-0.96,1.036,-1.056,0.904,0.896,-0.916,-0.92,-0.9,-0.888,0.916,0.908,-0.948,-0.948,-0.936,-0.928,-0.924,0.932,-0.952,-0.956,0.94,-0.948,-0.96,-0.96,-0.964,-0.976,0.976,-0.984,-0.972,-0.964,-0.928,-0.932,-0.932,-0.936,-1.012,-1.004,0.972,0.996,0.988,-0.98,-0.972,-0.96,-0.952
-1.072,-1.096,-1.092,-1.088,0.912,0.924,0.928,-0.948,-0.944,-0.924,-0.932,-0.916,-0.924,-0.92,0.956,0.972,1.024,-1.04,-1.036,1.032,-1.088,-1.092,-1.092,1.1,1.08,1.024,-1.032,1.008,1.008,0.94,0.952,0.94,0.936,0.932,0.936,-0.992,-0.984,-0.972,-1.044,-1.048,1.052,1.06,-1.064,-1.048,1.064,1.068,1.08,1.08,1.08,-1.08,-1.072,-1.072,-1.064,-1.04,-1.032,0.972,0.972,0.968,0.972,1.032,-1.08,1.1,1.096,-1.08,1.12,1.108,-1.096,-1.104,-1.076,-1.072,-1.084,-1.092,-1.088,-1.08,1.08,1.04,1.052,1.048,1.044,1.068,1.056,1.052,-1,-0.996,-0.992,-0.988,-0.968,0.964,0.964,-1.032,-1.04,-1.032,-1.024,-1.032,-1.036,-1.008,-0.976,-0.996,-1.008,1.024,1.04,1.044,1.044,-1.076,-1.072,-1.064,-1.08,1.076,1.076,0.94,-0.936,0.964,0.96,-0.976,-0.996,0.964,0.956,0.968,-0.972,-0.98,-0.988,-1.004,-1.032,-1.06,1.092,1.08,1.072,1.076,1.048,-1.076,1.112,1.116,1.12,1.08,-1.076,0.936,0.92,0.92,0.92,0.924,0.912,0.948,1.048,1.036,-1.064,1.1,1.1,1.104,1.108,-0.936,0.932,0.94,-0.916,-0.944,-0.956,-0.944,-0.94,-0.932,-0.928,-0.94,0.916,0.924,0.928,0.916,0.92,-0.9,-0.896,-0.9,-0.896,-0.9,0.912,-0.908,-0.92,-0.924,-0.94,1,-0.992,-0.992,-0.992,-1.02,1.004,1.024,1.012,-1.004,-1.024,-1.056,-1.08,1.064,1.056,1.06,1.06,-1.036,1.004,1.004,-1.008,1.016,1.008,1.004,1,1.02,1.024,1.02,1.012,1.02,1.016,-1,1.008,-1.056,-1.064,-1.068,-1.068,-1.064,-1.076,1.048,-1.044,-1.064,-1.064,-1.08,-1.096,-1.08,-1.068,-1.064,-1.08,-1.08,-1.052,-1.036,1.052,1.04,1.036,-1.056,-1.096,-1.104,1.084,1.08,1.1,1.112,-1.084,-1.092,1.052,1.052,1.064,1.072,1.076,-1.068,1.048,1.044,-1.06,1.052,1.04,1.04,1.036,-0.976,0.976,-0.984,-0.972,-0.964,-0.928,-0.932,-0.932,-0.936,-1.012,-1.004,0.972,0.996,-1.012,1.02,1.028,1.04,1.048
0.928,0.904,0.908,0.912,0.912,0.924,0.928,-0.948,-0.944,-0.924,-0.932,-0.916,-0.924,-0.92,0.956,0.972,1.024,0.96,0.964,-0.968,0.912,0.908,0.908,-0.9,-0.92,-0.976,0.968,-0.992,-0.992,-1.06,-1.048,-1.06,-1.064,-1.068,-1.064,-0.992,-0.984,-0.972,0.956,0.952,-0.948,-0.94,0.936,0.952,-0.936,-0.932,-0.92,-0.92,-0.92,0.92,0.928,0.928,0.936,0.96,0.968,0.972,0.972,0.968,0.972,-0.968,0.92,-0.9,-0.904,0.92,-0.88,-0.892,0.904,0.896,0.924,0.928,0.916,0.908,0.912,0.92,-0.92,-0.96,-0.948,-0.952,-0.956,-0.932,-0.944,-0.948,1,1.004,1.008,1.012,1.032,-1.036,-1.036,-1.032,-1.04,0.968,0.976,0.968,0.964,0.992,1.024,1.004,0.992,-0.976,-0.96,-0.956,-0.956,0.924,0.928,0.936,0.92,-0.924,-0.924,-1.06,1.064,-1.036,-1.04,1.024,1.004,-1.036,-1.044,-1.032,1.028,1.02,1.012,0.996,0.968,0.94,-0.908,-0.92,-0.928,-0.924,-0.952,0.924,-0.888,-0.884,-0.88,-0.92,0.924,-1.064,-1.08,-1.08,-1.08,-1.076,-1.088,-1.052,-0.952,-0.964,0.936,-0.9,-0.9,-0.896,-0.892,-0.936,0.932,0.94,1.084,1.056,1.044,1.056,1.06,1.068,1.072,1.06,-1.084,-1.076,-1.072,-1.084,-1.08,1.1,1.104,1.1,1.104,1.1,-1.088,1.092,1.08,1.076,1.06,-1,1.008,1.008,1.008,0.98,-0.996,-0.976,-0.988,0.996,0.976,0.944,0.92,-0.936,-0.944,-0.94,-0.94,-1.036,1.004,1.004,-1.008,1.016,1.008,1.004,1,1.02,1.024,1.02,1.012,1.02,1.016,-1,-0.992,0.944,0.936,0.932,0.932,0.936,0.924,-0.952,0.956,0.936,0.936,0.92,0.904,-1.08,-1.068,-1.064,-1.08,-1.08,-1.052,-1.036,1.052,1.04,-0.964,0.944,0.904,0.896,-0.916,-0.92,-0.9,-0.888,0.916,0.908,-0.948,-0.948,-0.936,-0.928,-0.924,0.932,-0.952,-0.956,0.94,-0.948,-0.96,-0.96,-0.964,-0.976,0.976,-0.984,-0.972,-0.964,-0.928,-0.932,-0.932,-0.936,0.988,0.996,-1.028,-1.004,0.988,-0.98,-0.972,-0.96,-0.952
0.928,0.904,0.908,0.912,0.912,0.924,0.928,-0.948,-0.944,-0.924,-0.932,-0.916,-0.924,-0.92,0.956,0.972,1.024,-1.04,-1.036,1.032,0.912,0.908,0.908,-0.9,-0.92,-0.976,0.968,-0.992,-0.992,0.94,0.952,0.94,0.936,0.932,0.936,-0.992,-0.984,-0.972,0.956,0.952,-0.948,-0.94,0.936,0.952,-0.936,-0.932,-0.92,-0.92,-0.92,0.92,0.928,0.928,0.936,0.96,0.968,0.972,0.972,0.968,0.972,-0.968,0.92,-0.9,-0.904,0.92,-0.88,-0.892,0.904,0.896,0.924,0.928,0.916,0.908,0.912,0.92,-0.92,-0.96,-0.948,-0.952,-0.956,-0.932,-0.944,-0.948,1,1.004,1.008,1.012,1.032,-1.036,-1.036,-1.032,-1.04,-1.032,-1.024,-1.032,-1.036,0.992,1.024,1.004,0.992,-0.976,-0.96,-0.956,-0.956,0.924,0.928,0.936,0.92,-0.924,-0.924,0.94,-0.936,0.964,0.96,-0.976,-0.996,0.964,0.956,0.968,-0.972,-0.98,-0.988,-1.004,-1.032,-1.06,1.092,1.08,1.072,1.076,1.048,-1.076,1.112,-0.884,-0.88,-0.92,0.924,0.936,0.92,0.92,0.92,0.924,0.912,-1.052,-0.952,-0.964,0.936,-0.9,-0.9,-0.896,-0.892,1.064,-1.068,-1.06,1.084,1.056,1.044,1.056,1.06,1.068,1.072,1.06,-1.084,-1.076,-1.072,-1.084,-1.08,1.1,1.104,1.1,1.104,1.1,-1.088,1.092,1.08,1.076,1.06,-1,1.008,1.008,1.008,0.98,-0.996,-0.976,-0.988,0.996,0.976,0.944,0.92,-0.936,-0.944,1.06,1.06,-1.036,1.004,1.004,-1.008,1.016,1.008,1.004,1,1.02,1.024,1.02,1.012,1.02,1.016,-1,-0.992,0.944,0.936,0.932,0.932,0.936,0.924,-0.952,0.956,0.936,0.936,0.92,0.904,0.92,0.932,0.936,0.92,0.92,0.948,0.964,-0.948,-0.96,1.036,-1.056,-1.096,-1.104,-0.916,-0.92,-0.9,-0.888,0.916,0.908,-0.948,-0.948,-0.936,-0.928,-0.924,0.932,-0.952,-0.956,0.94,-0.948,-0.96,-0.96,-0.964,-0.976,0.976,-0.984,-0.972,-0.964,-0.928,-0.932,-0.932,-0.936,-1.012,-1.004,0.972,0.996,-1.012,-0.98,-0.972,-0.96,-0.952
0.928,0.904,0.908,0.912,0.912,0.924,0.928,-0.948,-0.944,-0.924,-0.932,-0.916,-0.924,-0.92,0.956,0.972,1.024,-1.04,-1.036,1.032,0.912,0.908,0.908,-0.9,-0.92,-0.976,0.968,-0.992,-0.992,0.94,0.952,0.94,0.936,0.932,0.936,-0.992,-0.984,-0.972,0.956,0.952,-0.948,-0.94,0.936,0.952,-0.936,-0.932,-0.92,-0.92,-0.92,0.92,0.928,0.928,0.936,0.96,0.968,-1.028,-1.028,-1.032,-1.028,1.032,-1.08,1.1,1.096,-1.08,-0.88,-0.892,0.904,0.896,0.924,0.928,0.916,0.908,0.912,0.92,-0.92,-0.96,-0.948,-0.952,-0.956,-0.932,-0.944,-0.948,1,1.004,1.008,1.012,1.032,-1.036,-1.036,-1.032,-1.04,-1.032,-1.024,-1.032,-1.036,-1.008,-0.976,-0.996,-1.008,1.024,1.04,1.044,1.044,0.924,0.928,0.936,0.92,-0.924,-0.924,0.94,-0.936,0.964,0.96,-0.976,-0.996,0.964,0.956,0.968,-0.972,1.02,1.012,0.996,0.968,0.94,-0.908,-0.92,-0.928,-0.924,-0.952,0.924,-0.888,-0.884,-0.88,-0.92,0.924,0.936,0.92,0.92,0.92,0.924,0.912,0.948,1.048,1.036,-1.064,1.1,1.1,1.104,-0.892,-0.936,0.932,0.94,-0.916,-0.944,-0.956,-0.944,-0.94,-0.932,-0.928,-0.94,0.916,0.924,-1.072,-1.084,-1.08,1.1,1.104,1.1,1.104,1.1,-1.088,1.092,1.08,1.076,1.06,-1,1.008,1.008,1.008,0.98,-0.996,-0.976,-0.988,0.996,0.976,0.944,0.92,-0.936,-0.944,-0.94,-0.94,-1.036,1.004,1.004,-1.008,1.016,1.008,1.004,1,1.02,1.024,1.02,1.012,1.02,1.016,-1,-0.992,0.944,0.936,0.932,0.932,0.936,0.924,-0.952,0.956,0.936,0.936,0.92,0.904,0.92,0.932,0.936,0.92,0.92,-1.052,-1.036,1.052,1.04,-0.964,0.944,0.904,0.896,-0.916,-0.92,-0.9,-0.888,0.916,0.908,-0.948,-0.948,-0.936,-0.928,-0.924,0.932,-0.952,-0.956,0.94,-0.948,-0.96,-0.96,-0.964,-0.976,0.976,-0.984,-0.972,-0.964,-0.928,-0.932,-0.932,-0.936,-1.012,0.996,-1.028,-1.004,0.988,-0.98,-0.972,-0.96,-0.952
0.928,0.904,0.908,0.912,-1.088,-1.076,-1.072,1.052,1.056,1.076,1.068,1.084,1.076,1.08,-1.044,-1.028,-0.976,0.96,0.964,-0.968,0.912,0.908,0.908,-0.9,-0.92,-0.976,0.968,-0.992,-0.992,-1.06,-1.048,-1.06,-1.064,-1.068,-1.064,-0.992,-0.984,-0.972,0.956,0.952,-0.948,-0.94,0.936,0.952,-0.936,-0.932,-0.92,-0.92,-0.92,0.92,0.928,0.928,-1.064,-1.04,-1.032,0.972,0.972,0.968,0.972,-0.968,0.92,-0.9,-0.904,0.92,-0.88,-0.892,0.904,0.896,0.924,0.928,0.916,0.908,0.912,0.92,-0.92,-0.96,-0.948,-0.952,-0.956,-0.932,-0.944,-0.948,1,1.004,1.008,1.012,1.032,-1.036,-1.036,-1.032,-1.04,-1.032,-1.024,-1.032,-1.036,-1.008,-0.976,-0.996,-1.008,1.024,1.04,1.044,1.044,-1.076,-1.072,-1.064,0.92,-0.924,-0.924,0.94,-0.936,0.964,0.96,-0.976,-0.996,0.964,0.956,0.968,-0.972,-0.98,-0.988,-1.004,-1.032,0.94,-0.908,-0.92,-0.928,-0.924,-0.952,0.924,-0.888,-0.884,-0.88,-0.92,0.924,0.936,0.92,0.92,0.92,0.924,0.912,0.948,-0.952,-0.964,0.936,-0.9,-0.9,-0.896,-0.892,-0.936,0.932,0.94,-0.916,-0.944,-0.956,-0.944,-0.94,-0.932,-0.928,-0.94,0.916,0.924,0.928,0.916,0.92,-0.9,-0.896,-0.9,-0.896,-0.9,0.912,-0.908,-0.92,-0.924,-0.94,1,-0.992,-0.992,-0.992,-1.02,1.004,1.024,1.012,-1.004,0.976,0.944,0.92,-0.936,-0.944,-0.94,-0.94,-1.036,1.004,1.004,-1.008,1.016,1.008,1.004,1,1.02,1.024,1.02,1.012,1.02,1.016,-1,-0.992,0.944,0.936,0.932,0.932,0.936,0.924,-0.952,0.956,0.936,0.936,0.92,0.904,0.92,0.932,0.936,0.92,0.92,-1.052,-1.036,1.052,1.04,-0.964,0.944,0.904,0.896,-0.916,-0.92,-0.9,-0.888,0.916,0.908,-0.948,-0.948,-0.936,-0.928,-0.924,0.932,-0.952,-0.956,0.94,-0.948,-0.96,-0.96,-0.964,-0.976,-1.024,1.016,1.028,1.036,1.072,1.068,1.068,1.064,0.988,0.996,-1.028,-1.004,0.988,-0.98,-0.972,-0.96,-0.952
-1.072,-1.096,-1.092,-1.088,-1.088,-1.076,-1.072,1.052,1.056,1.076,1.068,1.084,1.076,1.08,-1.044,-1.028,-0.976,0.96,0.964,-0.968,0.912,0.908,-1.092,1.1,1.08,1.024,-1.032,1.008,1.008,0.94,0.952,0.94,0.936,0.932,0.936,-0.992,-0.984,-0.972,-1.044,-1.048,1.052,1.06,-1.064,-1.048,1.064,1.068,1.08,1.08,1.08,-1.08,-1.072,-1.072,-1.064,-1.04,-1.032,0.972,0.972,0.968,0.972,-0.968,0.92,-0.9,-0.904,0.92,-0.88,-0.892,-1.096,-1.104,-1.076,-1.072,-1.084,-1.092,-1.088,-1.08,1.08,1.04,1.052,1.048,1.044,1.068,1.056,1.052,-1,-0.996,-0.992,-0.988,-0.968,0.964,0.964,0.968,0.96,0.968,0.976,0.968,0.964,-1.008,-0.976,-0.996,-1.008,1.024,1.04,1.044,1.044,-1.076,-1.072,-1.064,-1.08,1.076,1.076,0.94,-0.936,0.964,0.96,-0.976,-0.996,0.964,0.956,0.968,-0.972,-0.98,-0.988,-1.004,-1.032,-1.06,1.092,1.08,1.072,1.076,1.048,-1.076,1.112,1.116,1.12,1.08,-1.076,-1.064,0.92,0.92,0.92,0.924,0.912,0.948,1.048,1.036,-1.064,1.1,1.1,1.104,1.108,1.064,-1.068,-1.06,1.084,1.056,1.044,1.056,1.06,1.068,1.072,1.06,-1.084,-1.076,-1.072,-1.084,-1.08,1.1,1.104,1.1,1.104,1.1,-1.088,1.092,1.08,1.076,1.06,-1,1.008,1.008,1.008,0.98,-0.996,-0.976,-0.988,0.996,-1.024,-1.056,-1.08,1.064,1.056,1.06,1.06,-1.036,1.004,1.004,-1.008,-0.984,-0.992,-0.996,-1,-0.98,-0.976,-0.98,-0.988,-0.98,-0.984,1,1.008,-1.056,-1.064,-1.068,-1.068,-1.064,-1.076,1.048,-1.044,-1.064,-1.064,-1.08,-1.096,-1.08,-1.068,-1.064,-1.08,-1.08,-1.052,-1.036,-0.948,-0.96,1.036,-1.056,-1.096,-1.104,1.084,1.08,1.1,1.112,-1.084,-1.092,1.052,1.052,1.064,-0.928,-0.924,0.932,-0.952,-0.956,0.94,-0.948,-0.96,-0.96,-0.964,-0.976,0.976,-0.984,-0.972,-0.964,-0.928,-0.932,-0.932,-0.936,-1.012,-1.004,0.972,0.996,-1.012,1.02,1.028,1.04,1.048
-1.072,-1.096,-1.092,-1.088,-1.088,-1.076,-1.072,1.052,1.056,1.076,1.068,1.084,1.076,1.08,-1.044,0.972,1.024,-1.04,-1.036,1.032,-1.088,-1.092,-1.092,1.1,1.08,1.024,-1.032,1.008,1.008,-1.06,-1.048,-1.06,-1.064,-1.068,-1.064,1.008,1.016,1.028,-1.044,-1.048,1.052,1.06,-1.064,-1.048,1.064,1.068,1.08,1.08,1.08,-1.08,-1.072,-1.072,-1.064,-1.04,-1.032,0.972,0.972,0.968,0.972,-0.968,0.92,-0.9,-0.904,0.92,-0.88,1.108,-1.096,-1.104,-1.076,-1.072,-1.084,-1.092,-1.088,-1.08,1.08,1.04,1.052,1.048,1.044,1.068,1.056,1.052,-1,1.004,1.008,1.012,1.032,-1.036,-1.036,-1.032,-1.04,-1.032,-1.024,-1.032,-1.036,-1.008,-0.976,-0.996,-1.008,1.024,1.04,1.044,1.044,-1.076,-1.072,-1.064,-1.08,1.076,1.076,-1.06,1.064,-1.036,-1.04,1.024,1.004,-1.036,-1.044,-1.032,-0.972,-0.98,-0.988,-1.004,-1.032,-1.06,1.092,1.08,1.072,1.076,1.048,-1.076,1.112,1.116,1.12,1.08,-1.076,-1.064,-1.08,-1.08,-1.08,-1.076,-1.088,-1.052,1.048,1.036,-1.064,1.1,1.1,1.104,1.108,-0.936,0.932,0.94,-0.916,-0.944,-0.956,-0.944,-0.94,-0.932,-0.928,-0.94,0.916,0.924,0.928,0.916,0.92,-0.9,-0.896,-0.9,-0.896,-0.9,0.912,-0.908,-0.92,-0.924,-0.94,1,-0.992,-0.992,-0.992,-1.02,1.004,1.024,1.012,-1.004,-1.024,-1.056,-1.08,1.064,1.056,1.06,1.06,-1.036,-0.996,-0.996,0.992,-0.984,-0.992,-0.996,-1,-0.98,-0.976,-0.98,-0.988,-0.98,-0.984,1,1.008,-1.056,-1.064,-1.068,-1.068,-1.064,-1.076,1.048,-1.044,-1.064,-1.064,-1.08,-1.096,-1.08,-1.068,-1.064,-1.08,-1.08,-1.052,-1.036,1.052,1.04,1.036,-1.056,-1.096,-1.104,1.084,1.08,1.1,1.112,-1.084,-1.092,1.052,1.052,1.064,1.072,1.076,-1.068,1.048,1.044,-1.06,1.052,1.04,1.04,1.036,1.024,-1.024,1.016,1.028,1.036,-0.928,-0.932,-0.932,-0.936,-1.012,-1.004,0.972,0.996,-1.012,1.02,1.028,1.04,1.048
0.928,0.904,0.908,0.912,-1.088,-1.076,-1.072,1.052,1.056,1.076,1.068,1.084,1.076,1.08,-1.044,-1.028,-0.976,0.96,0.964,-0.968,0.912,0.908,0.908,-0.9,-0.92,-0.976,0.968,-0.992,-0.992,0.94,0.952,0.94,0.936,0.932,0.936,-0.992,-0.984,-0.972,0.956,0.952,-0.948,-0.94,0.936,0.952,-0.936,-0.932,-0.92,-0.92,-0.92,0.92,0.928,0.928,0.936,0.96,0.968,0.972,0.972,0.968,0.972,-0.968,0.92,-0.9,-0.904,0.92,-0.88,-0.892,0.904,0.896,0.924,0.928,0.916,0.908,0.912,0.92,-0.92,-0.96,-0.948,-0.952,-0.956,1.068,1.056,1.052,-1,-0.996,-0.992,-0.988,-0.968,0.964,0.964,0.968,0.96,0.968,0.976,0.968,0.964,0.992,1.024,1.004,0.992,-0.976,-0.96,-0.956,-0.956,0.924,0.928,0.936,0.92,-0.924,-0.924,-1.06,1.064,-1.036,-1.04,1.024,1.004,-1.036,-1.044,-1.032,1.028,1.02,1.012,0.996,0.968,0.94,-0.908,-0.92,-0.928,-0.924,-0.952,0.924,-0.888,-0.884,-0.88,-0.92,0.924,0.936,0.92,0.92,0.92,0.924,0.912,0.948,1.048,1.036,-1.064,1.1,1.1,1.104,-0.892,-0.936,0.932,0.94,-0.916,-0.944,-0.956,-0.944,-0.94,-0.932,-0.928,-0.94,0.916,0.924,0.928,0.916,0.92,1.1,1.104,1.1,1.104,1.1,-1.088,1.092,1.08,1.076,1.06,-1,1.008,1.008,1.008,0.98,-0.996,-0.976,-0.988,0.996,0.976,0.944,0.92,-0.936,1.056,1.06,1.06,-1.036,1.004,1.004,-1.008,1.016,1.008,1.004,1,1.02,1.024,1.02,1.012,1.02,1.016,-1,-0.992,0.944,0.936,0.932,0.932,0.936,0.924,-0.952,0.956,0.936,0.936,0.92,0.904,0.92,0.932,0.936,0.92,0.92,0.948,0.964,-0.948,-0.96,-0.964,0.944,0.904,0.896,-0.916,-0.92,-0.9,-0.888,0.916,0.908,-0.948,-0.948,-0.936,-0.928,-0.924,0.932,-0.952,-0.956,0.94,-0.948,-0.96,-0.96,-0.964,-0.976,0.976,-0.984,-0.972,-0.964,-0.928,-0.932,-0.932,-0.936,-1.012,-1.004,0.972,-1.004,0.988,-0.98,-0.972,-0.96,-0.952
0.928,0.904,0.908,0.912,0.912,0.924,0.928,-0.948,-0.944,-0.924,-0.932,-0.916,-0.924,-0.92,0.956,0.972,1.024,-1.04,-1.036,1.032,0.912,0.908,0.908,-0.9,-0.92,-0.976,0.968,-0.992,-0.992,-1.06,-1.048,-1.06,-1.064,-1.068,-1.064,1.008,1.016,1.028,-1.044,-1.048,-0.948,-0.94,0.936,0.952,-0.936,-0.932,-0.92,-0.92,-0.92,0.92,0.928,0.928,0.936,0.96,0.968,-1.028,-1.028,-1.032,-1.028,1.032,0.92,-0.9,-0.904,0.92,-0.88,-0.892,0.904,0.896,0.924,0.928,0.916,0.908,0.912,0.92,-0.92,-0.96,-0.948,-0.952,-0.956,-0.932,-0.944,-0.948,1,1.004,1.008,1.012,1.032,-1.036,-1.036,-1.032,-1.04,-1.032,-1.024,-1.032,0.964,0.992,1.024,1.004,0.992,-0.976,-0.96,-0.956,-0.956,0.924,0.928,0.936,0.92,-0.924,-0.924,0.94,-0.936,0.964,0.96,-0.976,-0.996,0.964,0.956,0.968,-0.972,-0.98,1.012,0.996,0.968,0.94,-0.908,-0.92,-0.928,-0.924,-0.952,0.924,-0.888,-0.884,-0.88,-0.92,0.924,0.936,0.92,0.92,0.92,0.924,0.912,0.948,1.048,1.036,0.936,-0.9,-0.9,-0.896,-0.892,-0.936,0.932,0.94,-0.916,-0.944,-0.956,-0.944,-0.94,-0.932,-0.928,-0.94,0.916,0.924,0.928,0.916,0.92,-0.9,-0.896,-0.9,-0.896,-0.9,0.912,-0.908,-0.92,-0.924,-0.94,1,-0.992,-0.992,-0.992,-1.02,-0.996,-0.976,-0.988,0.996,0.976,0.944,0.92,-0.936,-0.944,-0.94,-0.94,0.964,-0.996,-0.996,0.992,1.016,1.008,1.004,1,1.02,1.024,1.02,1.012,1.02,1.016,-1,-0.992,0.944,0.936,0.932,0.932,0.936,0.924,-0.952,0.956,0.936,0.936,0.92,0.904,0.92,0.932,0.936,0.92,0.92,0.948,0.964,1.052,1.04,-0.964,0.944,0.904,0.896,-0.916,-0.92,-0.9,-0.888,0.916,0.908,-0.948,-0.948,-0.936,-0.928,-0.924,0.932,-0.952,-0.956,0.94,-0.948,-0.96,-0.96,-0.964,-0.976,0.976,-0.984,-0.972,-0.964,-0.928,-0.932,-0.932,-0.936,-1.012,-1.004,0.972,-1.004,0.988,-0.98,-0.972,-0.96,-0.952
-1.072,-1.096,-1.092,-1.088,-1.088,-1.076,-1.072,1.052,1.056,1.076,1.068,1.084,1.076,1.08,0.956,0.972,1.024,-1.04,-1.036,1.032,-1.088,-1.092,-1.092,1.1,1.08,1.024,-1.032,1.008,1.008,0.94,-1.048,-1.06,-1.064,-1.068,-1.064,1.008,1.016,1.028,-1.044,-1.048,1.052,1.06,-1.064,-1.048,1.064,1.068,1.08,1.08,1.08,-1.08,-1.072,-1.072,-1.064,-1.04,-1.032,0.972,0.972,0.968,-1.028,1.032,-1.08,1.1,1.096,-1.08,1.12,1.108,-1.096,-1.104,-1.076,-1.072,-1.084,-1.092,-1.088,-1.08,1.08,-0.96,-0.948,-0.952,-0.956,-0.932,-0.944,-0.948,1,1.004,1.008,1.012,1.032,-1.036,-1.036,-1.032,-1.04,-1.032,-1.024,-1.032,-1.036,-1.008,-0.976,-0.996,-1.008,1.024,1.04,1.044,1.044,-1.076,-1.072,-1.064,-1.08,1.076,1.076,-1.06,1.064,-1.036,-1.04,1.024,1.004,-1.036,-1.044,-1.032,1.028,1.02,1.012,0.996,-1.032,-1.06,1.092,1.08,1.072,1.076,1.048,-1.076,1.112,1.116,1.12,1.08,-1.076,-1.064,-1.08,-1.08,-1.08,-1.076,-1.088,-1.052,-0.952,-0.964,0.936,-0.9,-0.9,-0.896,-0.892,1.064,-1.068,-1.06,1.084,1.056,1.044,1.056,1.06,1.068,1.072,1.06,-1.084,-1.076,-1.072,-1.084,-1.08,1.1,1.104,1.1,1.104,1.1,-1.088,1.092,1.08,1.076,1.06,-1,1.008,1.008,1.008,0.98,1.004,1.024,1.012,-1.004,-1.024,-1.056,-1.08,1.064,1.056,1.06,1.06,-1.036,-0.996,-0.996,0.992,-0.984,-0.992,-0.996,-1,-0.98,-0.976,-0.98,-0.988,-0.98,-0.984,1,1.008,-1.056,-1.064,-1.068,-1.068,-1.064,-1.076,1.048,-1.044,-1.064,-1.064,-1.08,-1.096,-1.08,-1.068,-1.064,-1.08,-1.08,-1.052,-1.036,1.052,1.04,1.036,-1.056,-1.096,-1.104,1.084,1.08,1.1,1.112,-1.084,-1.092,1.052,1.052,1.064,1.072,1.076,-1.068,1.048,1.044,0.94,-0.948,-0.96,-0.96,-0.964,-0.976,0.976,-0.984,-0.972,-0.964,-0.928,-0.932,-0.932,-0.936,-1.012,-1.004,0.972,0.996,-1.012,1.02,1.028,1.04,1.048
-1.072,-1.096,-1.092,-1.088,-1.088,-1.076,-1.072,1.052,1.056,1.076,1.068,1.084,1.076,1.08,-1.044,-1.028,-0.976,-1.04,-1.036,1.032,-1.088,-1.092,-1.092,1.1,1.08,1.024,-1.032,-0.992,-0.992,-1.06,-1.048,-1.06,-1.064,-1.068,-1.064,1.008,1.016,1.028,-1.044,-1.048,1.052,1.06,-1.064,-1.048,1.064,1.068,1.08,1.08,1.08,-1.08,-1.072,-1.072,-1.064,-1.04,-1.032,-1.028,-1.028,-1.032,-1.028,1.032,-1.08,1.1,1.096,-1.08,1.12,1.108,-1.096,-1.104,-1.076,-1.072,-1.084,-1.092,-1.088,-1.08,1.08,1.04,1.052,1.048,1.044,1.068,1.056,1.052,-1,-0.996,-0.992,-0.988,-0.968,0.964,0.964,0.968,0.96,0.968,0.976,0.968,0.964,0.992,-0.976,-0.996,-1.008,1.024,1.04,1.044,1.044,-1.076,-1.072,-1.064,-1.08,1.076,1.076,-1.06,1.064,-1.036,-1.04,1.024,1.004,-1.036,-1.044,-1.032,-0.972,-0.98,-0.988,-1.004,-1.032,-1.06,1.092,1.08,1.072,1.076,1.048,-1.076,1.112,1.116,1.12,1.08,-1.076,-1.064,-1.08,-1.08,-1.08,-1.076,-1.088,-1.052,-0.952,-0.964,0.936,-0.9,-0.9,-0.896,1.108,1.064,-1.068,-1.06,1.084,1.056,1.044,1.056,1.06,1.068,1.072,1.06,-1.084,-1.076,-1.072,0.916,0.92,-0.9,-0.896,-0.9,-0.896,-0.9,0.912,-0.908,-0.92,-0.924,-0.94,1,-0.992,-0.992,-0.992,-1.02,1.004,1.024,1.012,-1.004,-1.024,-1.056,-1.08,1.064,1.056,1.06,1.06,-1.036,1.004,1.004,-1.008,1.016,1.008,1.004,-1,-0.98,-0.976,-0.98,-0.988,-0.98,-0.984,1,1.008,-1.056,-1.064,-1.068,-1.068,-1.064,-1.076,1.048,-1.044,-1.064,-1.064,-1.08,-1.096,-1.08,-1.068,-1.064,-1.08,-1.08,-1.052,-1.036,-0.948,-0.96,1.036,-1.056,-1.096,-1.104,1.084,1.08,1.1,1.112,-1.084,-1.092,1.052,1.052,1.064,1.072,1.076,-1.068,1.048,1.044,-1.06,1.052,1.04,1.04,1.036,1.024,-1.024,1.016,1.028,1.036,1.072,1.068,1.068,1.064,0.988,0.996,-1.028,-1.004,-1.012,1.02,1.028,1.04,1.048
-1.072,-1.096,-1.092,-1.088,-1.088,-1.076,-1.072,1.052,1.056,1.076,-0.932,-0.916,-0.924,-0.92,0.956,0.972,1.024,-1.04,-1.036,1.032,-1.088,-1.092,-1.092,1.1,1.08,1.024,-1.032,1.008,1.008,0.94,0.952,0.94,0.936,0.932,0.936,-0.992,-0.984,-0.972,-1.044,-1.048,1.052,1.06,-1.064,-1.048,1.064,1.068,1.08,1.08,1.08,-1.08,-1.072,-1.072,-1.064,-1.04,-1.032,0.972,0.972,0.968,0.972,-0.968,0.92,-0.9,-0.904,0.92,-0.88,1.108,-1.096,-1.104,-1.076,-1.072,-1.084,-1.092,-1.088,-1.08,1.08,1.04,1.052,1.048,1.044,1.068,1.056,1.052,-1,-0.996,-0.992,-0.988,-0.968,0.964,0.964,0.968,0.96,0.968,0.976,0.968,0.964,0.992,-0.976,-0.996,-1.008,1.024,1.04,1.044,1.044,-1.076,-1.072,-1.064,-1.08,1.076,1.076,0.94,-0.936,0.964,0.96,-0.976,-0.996,0.964,0.956,0.968,-0.972,-0.98,-0.988,-1.004,-1.032,-1.06,1.092,1.08,1.072,1.076,1.048,-1.076,1.112,1.116,1.12,1.08,-1.076,-1.064,-1.08,-1.08,-1.08,-1.076,-1.088,-1.052,-0.952,-0.964,0.936,-0.9,-0.9,-0.896,1.108,1.064,-1.068,-1.06,1.084,1.056,1.044,1.056,1.06,1.068,1.072,1.06,-1.084,-1.076,-1.072,-1.084,-1.08,1.1,1.104,1.1,1.104,1.1,-1.088,-0.908,-0.92,-0.924,-0.94,1,-0.992,-0.992,-0.992,-1.02,1.004,1.024,1.012,-1.004,-1.024,-1.056,-1.08,1.064,1.056,1.06,1.06,-1.036,1.004,1.004,0.992,-0.984,-0.992,-0.996,-1,-0.98,-0.976,-0.98,-0.988,-0.98,-0.984,1,1.008,-1.056,-1.064,-1.068,-1.068,-1.064,-1.076,1.048,-1.044,-1.064,-1.064,-1.08,-1.096,-1.08,-1.068,-1.064,-1.08,-1.08,-1.052,-1.036,1.052,1.04,-0.964,0.944,0.904,0.896,1.084,1.08,1.1,1.112,-1.084,-1.092,1.052,1.052,1.064,1.072,1.076,-1.068,1.048,1.044,-1.06,1.052,1.04,1.04,1.036,1.024,-1.024,1.016,1.028,1.036,1.072,1.068,1.068,1.064,0.988,0.996,-1.028,-1.004,0.988,1.02,1.028,1.04,1.048
0.928,0.904,0.908,0.912,0.912,0.924,0.928,-0.948,-0.944,1.076,1.068,1.084,1.076,1.08,-1.044,-1.028,-0.976,0.96,0.964,-0.968,0.912,0.908,0.908,-0.9,-0.92,-0.976,0.968,-0.992,-0.992,-1.06,-1.048,-1.06,-1.064,-1.068,-1.064,1.008,1.016,1.028,0.956,0.952,-0.948,-0.94,0.936,0.952,-0.936,-0.932,-0.92,-0.92,-0.92,0.92,0.928,0.928,0.936,0.96,0.968,0.972,0.972,0.968,0.972,-0.968,0.92,-0.9,-0.904,0.92,-0.88,-0.892,0.904,0.896,0.924,0.928,0.916,0.908,0.912,0.92,-0.92,-0.96,-0.948,-0.952,-0.956,-0.932,-0.944,-0.948,1,1.004,1.008,1.012,1.032,-1.036,-1.036,-1.032,0.96,0.968,0.976,0.968,0.964,0.992,1.024,1.004,0.992,-0.976,-0.96,-0.956,-0.956,0.924,0.928,0.936,0.92,-0.924,-0.924,0.94,-0.936,0.964,0.96,-0.976,-0.996,0.964,0.956,0.968,-0.972,-0.98,-0.988,-1.004,-1.032,-1.06,1.092,1.08,1.072,1.076,1.048,0.924,-0.888,-0.884,-0.88,-0.92,0.924,0.936,0.92,0.92,0.92,0.924,0.912,-1.052,-0.952,-0.964,0.936,-0.9,-0.9,-0.896,-0.892,-0.936,0.932,0.94,-0.916,-0.944,-0.956,-0.944,-0.94,-0.932,-0.928,-0.94,0.916,0.924,0.928,0.916,0.92,-0.9,-0.896,-0.9,-0.896,-0.9,0.912,-0.908,-0.92,-0.924,-0.94,1,-0.992,-0.992,-0.992,-1.02,1.004,1.024,1.012,-1.004,0.976,0.944,0.92,-0.936,-0.944,-0.94,-0.94,0.964,-0.996,-0.996,0.992,-0.984,-0.992,1.004,1,1.02,1.024,1.02,1.012,1.02,1.016,-1,-0.992,0.944,0.936,0.932,0.932,0.936,0.924,-0.952,0.956,0.936,0.936,0.92,0.904,-1.08,-1.068,-1.064,-1.08,-1.08,-1.052,-1.036,1.052,1.04,-0.964,0.944,0.904,0.896,-0.916,-0.92,-0.9,-0.888,0.916,0.908,-0.948,-0.948,-0.936,-0.928,-0.924,0.932,-0.952,-0.956,0.94,-0.948,-0.96,-0.96,-0.964,-0.976,0.976,-0.984,-0.972,-0.964,-0.928,-0.932,-0.932,-0.936,-1.012,-1.004,0.972,-1.004,0.988,-0.98,-0.972,-0.96,-0.952
-1.072,-1.096,-1.092,-1.088,-1.088,-1.076,-1.072,1.052,1.056,1.076,1.068,1.084,1.076,1.08,-1.044,-1.028,-0.976,0.96,0.964,-0.968,-1.088,-1.092,-1.092,1.1,1.08,1.024,-1.032,1.008,1.008,-1.06,-1.048,-1.06,-1.064,-1.068,-1.064,1.008,1.016,1.028,-1.044,-1.048,1.052,1.06,-1.064,-1.048,1.064,1.068,1.08,1.08,1.08,-1.08,-1.072,-1.072,-1.064,-1.04,-1.032,0.972,0.972,0.968,0.972,-0.968,-1.08,1.1,1.096,-1.08,1.12,1.108,-1.096,-1.104,-1.076,-1.072,-1.084,-1.092,-1.088,-1.08,1.08,1.04,1.052,1.048,1.044,1.068,1.056,1.052,-1,-0.996,-0.992,-0.988,-0.968,0.964,0.964,0.968,0.96,0.968,0.976,0.968,0.964,0.992,1.024,1.004,0.992,-0.976,-0.96,-0.956,-0.956,0.924,0.928,-1.064,-1.08,1.076,1.076,-1.06,1.064,-1.036,-1.04,1.024,1.004,-1.036,-1.044,-1.032,1.028,1.02,1.012,0.996,0.968,0.94,1.092,1.08,1.072,1.076,1.048,-1.076,1.112,1.116,1.12,1.08,-1.076,-1.064,-1.08,-1.08,-1.08,-1.076,-1.088,-1.052,1.048,1.036,-1.064,1.1,1.1,1.104,1.108,1.064,-1.068,-1.06,1.084,1.056,1.044,1.056,1.06,1.068,1.072,1.06,-1.084,-1.076,-1.072,-1.084,-1.08,1.1,1.104,1.1,1.104,1.1,-1.088,1.092,1.08,1.076,1.06,-1,1.008,1.008,1.008,0.98,1.004,1.024,1.012,-1.004,-1.024,-1.056,-1.08,1.064,1.056,1.06,1.06,-1.036,1.004,1.004,-1.008,1.016,1.008,1.004,1,1.02,1.024,1.02,1.012,1.02,1.016,-1,-0.992,0.944,0.936,0.932,0.932,0.936,0.924,1.048,-1.044,-1.064,-1.064,-1.08,-1.096,-1.08,-1.068,-1.064,-1.08,-1.08,-1.052,-1.036,1.052,1.04,-0.964,0.944,0.904,0.896,-0.916,-0.92,-0.9,-0.888,0.916,0.908,1.052,1.052,1.064,1.072,1.076,-1.068,1.048,1.044,-1.06,1.052,1.04,1.04,1.036,1.024,-1.024,1.016,1.028,1.036,-0.928,-0.932,-0.932,-0.936,-1.012,-1.004,0.972,0.996,-1.012,1.02,1.028,1.04,1.048
0.928,0.904,0.908,0.912,0.912,0.924,0.928,-0.948,-0.944,-0.924,-0.932,-0.916,-0.924,-0.92,0.956,0.972,-0.976,0.96,0.964,-0.968,0.912,0.908,0.908,-0.9,-0.92,-0.976,0.968,-0.992,-0.992,-1.06,-1.048,-1.06,-1.064,-1.068,-1.064,1.008,1.016,1.028,-1.044,-1.048,1.052,1.06,-1.064,-1.048,1.064,1.068,1.08,1.08,-0.92,0.92,0.928,0.928,0.936,0.96,0.968,-1.028,-1.028,-1.032,-1.028,1.032,-1.08,1.1,1.096,-1.08,-0.88,-0.892,0.904,0.896,0.924,0.928,0.916,0.908,0.912,0.92,-0.92,-0.96,-0.948,-0.952,-0.956,-0.932,-0.944,-0.948,-1,-0.996,-0.992,-0.988,-0.968,0.964,0.964,0.968,0.96,0.968,0.976,0.968,0.964,0.992,1.024,1.004,0.992,-0.976,-0.96,-0.956,-0.956,0.924,0.928,0.936,0.92,-0.924,-0.924,0.94,-0.936,0.964,0.96,-0.976,-0.996,0.964,0.956,0.968,-0.972,-0.98,-0.988,-1.004,-1.032,-1.06,1.092,1.08,1.072,1.076,1.048,-1.076,-0.888,-0.884,-0.88,-0.92,0.924,0.936,0.92,0.92,0.92,0.924,0.912,0.948,-0.952,-0.964,0.936,-0.9,-0.9,-0.896,-0.892,-0.936,0.932,0.94,-0.916,-0.944,-0.956,-0.944,-0.94,-0.932,-0.928,-0.94,0.916,0.924,0.928,0.916,0.92,-0.9,-0.896,-0.9,-0.896,-0.9,0.912,-0.908,-0.92,-0.924,1.06,-1,1.008,1.008,1.008,0.98,-0.996,-0.976,-0.988,0.996,0.976,0.944,0.92,-0.936,-0.944,-0.94,-0.94,0.964,-0.996,-0.996,-1.008,1.016,1.008,1.004,1,1.02,1.024,1.02,1.012,1.02,1.016,-1,-0.992,0.944,0.936,0.932,0.932,0.936,0.924,-0.952,0.956,0.936,0.936,0.92,0.904,0.92,0.932,0.936,0.92,0.92,0.948,0.964,-0.948,-0.96,-0.964,0.944,0.904,0.896,-0.916,-0.92,-0.9,-0.888,0.916,0.908,-0.948,-0.948,-0.936,-0.928,-0.924,0.932,-0.952,-0.956,0.94,-0.948,1.04,1.04,1.036,1.024,-1.024,1.016,1.028,1.036,1.072,1.068,1.068,1.064,0.988,0.996,-1.028,-1.004,0.988,-0.98,-0.972,-0.96,-0.952
0.928,0.904,0.908,0.912,0.912,0.924,0.928,1.052,1.056,1.076,1.068,1.084,1.076,1.08,-1.044,-1.028,-0.976,0.96,0.964,-0.968,0.912,0.908,0.908,-0.9,-0.92,-0.976,0.968,-0.992,-0.992,0.94,0.952,0.94,0.936,0.932,0.936,-0.992,-0.984,-0.972,0.956,0.952,-0.948,-0.94,0.936,0.952,-0.936,-0.932,-0.92,-0.92,-0.92,0.92,0.928,0.928,0.936,0.96,0.968,0.972,0.972,0.968,0.972,-0.968,0.92,-0.9,-0.904,0.92,-0.88,-0.892,0.904,0.896,0.924,0.928,0.916,0.908,0.912,0.92,-0.92,-0.96,-0.948,-0.952,-0.956,-0.932,-0.944,-0.948,1,1.004,1.008,1.012,1.032,-1.036,-1.036,-1.032,-1.04,-1.032,-1.024,-1.032,0.964,0.992,1.024,1.004,0.992,-0.976,-0.96,-0.956,-0.956,0.924,0.928,0.936,0.92,-0.924,-0.924,0.94,-0.936,0.964,0.96,-0.976,-0.996,0.964,0.956,0.968,-0.972,-0.98,-0.988,-1.004,-1.032,-1.06,-0.908,-0.92,-0.928,-0.924,-0.952,0.924,-0.888,-0.884,-0.88,-0.92,0.924,0.936,0.92,0.92,0.92,0.924,0.912,0.948,1.048,1.036,-1.064,1.1,1.1,1.104,-0.892,-0.936,0.932,0.94,-0.916,-0.944,-0.956,-0.944,-0.94,-0.932,-0.928,-0.94,0.916,0.924,0.928,0.916,0.92,-0.9,-0.896,-0.9,-0.896,-0.9,0.912,-0.908,-0.92,-0.924,-0.94,-1,1.008,1.008,1.008,0.98,-0.996,-0.976,-0.988,0.996,0.976,0.944,0.92,-0.936,-0.944,-0.94,-0.94,-1.036,1.004,1.004,-1.008,1.016,1.008,1.004,1,1.02,1.024,1.02,1.012,1.02,1.016,-1,-0.992,0.944,0.936,0.932,0.932,0.936,0.924,-0.952,0.956,0.936,0.936,0.92,0.904,0.92,0.932,0.936,0.92,0.92,-1.052,-1.036,1.052,1.04,-0.964,0.944,0.904,0.896,-0.916,-0.92,-0.9,-0.888,0.916,0.908,-0.948,-0.948,-0.936,-0.928,1.076,-1.068,1.048,1.044,-1.06,1.052,1.04,1.04,1.036,1.024,-1.024,1.016,1.028,1.036,1.072,1.068,1.068,1.064,0.988,0.996,-1.028,-1.004,0.988,-0.98,-0.972,-0.96,-0.952
0.928,0.904,0.908,0.912,0.912,0.924,0.928,-0.948,-0.944,-0.924,-0.932,-0.916,-0.924,-0.92,0.956,0.972,1.024,0.96,0.964,-0.968,0.912,0.908,0.908,-0.9,-0.92,1.024,-1.032,1.008,1.008,0.94,0.952,0.94,0.936,0.932,0.936,-0.992,-0.984,-0.972,0.956,0.952,-0.948,-0.94,0.936,0.952,-0.936,-0.932,-0.92,-0.92,-0.92,0.92,0.928,0.928,0.936,0.96,0.968,-1.028,-1.028,-1.032,-1.028,1.032,-1.08,1.1,1.096,-1.08,1.12,1.108,-1.096,0.896,0.924,0.928,0.916,0.908,0.912,0.92,-0.92,1.04,1.052,1.048,1.044,1.068,1.056,1.052,-1,-0.996,-0.992,-0.988,-0.968,0.964,0.964,0.968,0.96,0.968,0.976,0.968,0.964,0.992,1.024,1.004,0.992,-0.976,-0.96,-0.956,-0.956,0.924,0.928,0.936,0.92,-0.924,-0.924,0.94,-0.936,0.964,0.96,-0.976,-0.996,0.964,0.956,0.968,-0.972,-0.98,-0.988,-1.004,0.968,0.94,-0.908,-0.92,-0.928,-0.924,-0.952,0.924,-0.888,-0.884,-0.88,-0.92,0.924,0.936,0.92,0.92,0.92,0.924,0.912,0.948,1.048,1.036,-1.064,1.1,1.1,-0.896,-0.892,-0.936,0.932,0.94,-0.916,-0.944,-0.956,-0.944,-0.94,-0.932,-0.928,-0.94,0.916,0.924,0.928,0.916,0.92,-0.9,-0.896,-0.9,-0.896,-0.9,0.912,-0.908,-0.92,-0.924,1.06,-1,1.008,1.008,1.008,0.98,-0.996,-0.976,-0.988,0.996,0.976,0.944,0.92,-0.936,-0.944,-0.94,-0.94,0.964,-0.996,-0.996,0.992,-0.984,-0.992,-0.996,-1,-0.98,-0.976,-0.98,-0.988,-0.98,-0.984,1,1.008,-1.056,-1.064,-1.068,-1.068,-1.064,-1.076,1.048,-1.044,0.936,0.936,0.92,0.904,0.92,0.932,0.936,0.92,0.92,0.948,0.964,-0.948,-0.96,1.036,0.944,0.904,0.896,-0.916,-0.92,-0.9,-0.888,0.916,0.908,-0.948,-0.948,-0.936,-0.928,-0.924,0.932,-0.952,-0.956,0.94,-0.948,-0.96,-0.96,-0.964,-0.976,0.976,-0.984,-0.972,-0.964,-0.928,-0.932,-0.932,-0.936,0.988,0.996,-1.028,-1.004,0.988,-0.98,-0.972,-0.96,-0.952
-1.072,-1.096,-1.092,-1.088,-1.088,-1.076,-1.072,1.052,1.056,1.076,1.068,1.084,1.076,1.08,-1.044,-1.028,-0.976,0.96,0.964,-0.968,-1.088,-1.092,-1.092,1.1,1.08,1.024,-1.032,1.008,1.008,0.94,0.952,0.94,0.936,0.932,-1.064,1.008,1.016,1.028,-1.044,-1.048,1.052,1.06,-1.064,-1.048,1.064,1.068,1.08,1.08,1.08,-1.08,-1.072,-1.072,-1.064,-1.04,-1.032,-1.028,-1.028,-1.032,-1.028,1.032,-1.08,1.1,1.096,-1.08,1.12,1.108,-1.096,-1.104,-1.076,-1.072,-1.084,-1.092,-1.088,-1.08,1.08,-0.96,-0.948,-0.952,-0.956,-0.932,-0.944,-0.948,1,1.004,1.008,1.012,1.032,-1.036,-1.036,-1.032,-1.04,-1.032,-1.024,-1.032,-1.036,-1.008,-0.976,-0.996,-1.008,1.024,1.04,1.044,1.044,-1.076,-1.072,-1.064,-1.08,-0.924,-0.924,0.94,-0.936,0.964,0.96,-0.976,-0.996,0.964,0.956,0.968,-0.972,-0.98,-0.988,-1.004,-1.032,-1.06,1.092,1.08,1.072,1.076,1.048,-1.076,1.112,1.116,1.12,1.08,-1.076,-1.064,-1.08,-1.08,-1.08,-1.076,-1.088,-1.052,-0.952,-0.964,0.936,-0.9,-0.9,-0.896,1.108,1.064,-1.068,-1.06,1.084,1.056,1.044,1.056,1.06,1.068,1.072,1.06,-1.084,-1.076,-1.072,-1.084,-1.08,1.1,1.104,1.1,1.104,1.1,-1.088,1.092,1.08,1.076,1.06,-1,-0.992,-0.992,-0.992,-1.02,1.004,1.024,1.012,-1.004,-1.024,-1.056,-1.08,1.064,1.056,1.06,1.06,-1.036,1.004,1.004,-1.008,1.016,1.008,1.004,1,-0.98,-0.976,-0.98,-0.988,-0.98,-0.984,1,1.008,-1.056,-1.064,-1.068,-1.068,-1.064,-1.076,1.048,-1.044,-1.064,-1.064,-1.08,-1.096,0.92,0.932,0.936,0.92,0.92,0.948,0.964,-0.948,-0.96,1.036,-1.056,-1.096,-1.104,1.084,1.08,1.1,1.112,-1.084,-1.092,1.052,1.052,1.064,1.072,1.076,-1.068,1.048,1.044,-1.06,1.052,1.04,1.04,1.036,1.024,-1.024,1.016,1.028,1.036,1.072,1.068,1.068,1.064,0.988,0.996,-1.028,-1.004,0.988,1.02,1.028,1.04,1.048
0.928,0.904,0.908,0.912,0.912,0.924,0.928,-0.948,-0.944,-0.924,-0.932,-0.916,-0.924,-0.92,0.956,0.972,1.024,-1.04,-1.036,1.032,0.912,0.908,0.908,-0.9,-0.92,-0.976,0.968,-0.992,-0.992,-1.06,-1.048,-1.06,-1.064,-1.068,-1.064,1.008,1.016,1.028,-1.044,-1.048,1.052,1.06,0.936,0.952,-0.936,-0.932,-0.92,-0.92,-0.92,0.92,0.928,0.928,0.936,0.96,-1.032,0.972,0.972,0.968,0.972,-0.968,0.92,-0.9,-0.904,0.92,-0.88,-0.892,0.904,0.896,0.924,0.928,0.916,0.908,0.912,0.92,-0.92,-0.96,-0.948,-0.952,-0.956,-0.932,-0.944,-0.948,1,1.004,1.008,1.012,1.032,-1.036,-1.036,-1.032,-1.04,-1.032,-1.024,-1.032,-1.036,-1.008,-0.976,-0.996,-1.008,1.024,1.04,1.044,1.044,-1.076,-1.072,-1.064,0.92,-0.924,-0.924,0.94,-0.936,0.964,0.96,-0.976,-0.996,0.964,0.956,0.968,1.028,1.02,1.012,0.996,0.968,0.94,-0.908,-0.92,-0.928,-0.924,-0.952,0.924,-0.888,-0.884,-0.88,-0.92,0.924,0.936,0.92,0.92,0.92,0.924,0.912,0.948,1.048,1.036,0.936,-0.9,-0.9,-0.896,-0.892,-0.936,0.932,0.94,-0.916,-0.944,-0.956,-0.944,-0.94,-0.932,-0.928,-0.94,0.916,0.924,-1.072,-1.084,-1.08,1.1,1.104,1.1,1.104,1.1,-1.088,1.092,1.08,1.076,1.06,-1,1.008,1.008,1.008,0.98,-0.996,-0.976,-0.988,0.996,0.976,0.944,0.92,-0.936,-0.944,-0.94,-0.94,-1.036,1.004,1.004,-1.008,1.016,1.008,1.004,1,1.02,1.024,1.02,1.012,1.02,1.016,-1,-0.992,0.944,0.936,0.932,0.932,0.936,0.924,-0.952,0.956,0.936,0.936,0.92,-1.096,-1.08,-1.068,-1.064,-1.08,-1.08,-1.052,-1.036,1.052,1.04,-0.964,0.944,0.904,0.896,-0.916,-0.92,-0.9,-0.888,0.916,0.908,-0.948,-0.948,-0.936,-0.928,-0.924,0.932,-0.952,-0.956,0.94,-0.948,-0.96,-0.96,-0.964,-0.976,0.976,-0.984,-0.972,-0.964,-0.928,-0.932,-0.932,-0.936,-1.012,-1.004,0.972,0.996,-1.012,1.02,1.028,1.04,1.048
-1.072,-1.096,-1.092,-1.088,0.912,0.924,0.928,-0.948,-0.944,-0.924,-0.932,-0.916,-0.924,-0.92,0.956,0.972,1.024,-1.04,-1.036,1.032,-1.088,-1.092,-1.092,1.1,1.08,1.024,-1.032,1.008,1.008,0.94,0.952,0.94,0.936,0.932,0.936,1.008,1.016,1.028,-1.044,-1.048,1.052,1.06,-1.064,-1.048,1.064,1.068,1.08,1.08,1.08,-1.08,-1.072,-1.072,-1.064,-1.04,-1.032,-1.028,-1.028,-1.032,-1.028,1.032,-1.08,1.1,1.096,-1.08,1.12,1.108,-1.096,-1.104,-1.076,-1.072,-1.084,-1.092,-1.088,-1.08,1.08,1.04,1.052,1.048,1.044,1.068,1.056,1.052,-1,-0.996,-0.992,-0.988,-0.968,0.964,0.964,0.968,0.96,0.968,0.976,0.968,-1.036,-1.008,-0.976,-0.996,-1.008,1.024,1.04,1.044,1.044,-1.076,-1.072,-1.064,-1.08,1.076,1.076,-1.06,1.064,-1.036,-1.04,1.024,1.004,-1.036,-1.044,-1.032,1.028,1.02,1.012,0.996,-1.032,-1.06,1.092,1.08,1.072,1.076,1.048,-1.076,1.112,1.116,1.12,1.08,-1.076,-1.064,-1.08,-1.08,-1.08,-1.076,-1.088,-1.052,-0.952,-0.964,0.936,-0.9,-0.9,1.104,1.108,1.064,-1.068,-1.06,1.084,1.056,1.044,1.056,1.06,1.068,1.072,1.06,-1.084,-1.076,-1.072,-1.084,-1.08,-0.9,-0.896,-0.9,-0.896,-0.9,0.912,-0.908,-0.92,-0.924,-0.94,1,-0.992,-0.992,-0.992,-1.02,1.004,1.024,1.012,-1.004,-1.024,-1.056,-1.08,1.064,1.056,1.06,1.06,-1.036,1.004,1.004,-1.008,1.016,1.008,-0.996,-1,-0.98,-0.976,-0.98,-0.988,-0.98,-0.984,1,1.008,-1.056,-1.064,-1.068,-1.068,-1.064,-1.076,1.048,-1.044,-1.064,-1.064,-1.08,-1.096,-1.08,-1.068,-1.064,0.92,0.92,0.948,0.964,-0.948,-0.96,1.036,-1.056,-1.096,-1.104,1.084,1.08,1.1,1.112,-1.084,-1.092,1.052,-0.948,-0.936,-0.928,-0.924,0.932,-0.952,-0.956,0.94,-0.948,-0.96,-0.96,-0.964,-0.976,0.976,-0.984,-0.972,-0.964,-0.928,-0.932,-0.932,-0.936,-1.012,-1.004,0.972,0.996,-1.012,1.02,1.028,1.04,1.048
0.928,0.904,0.908,0.912,-1.088,-1.076,-1.072,1.052,1.056,1.076,1.068,1.084,1.076,1.08,-1.044,-1.028,-0.976,0.96,0.964,-0.968,0.912,0.908,0.908,-0.9,-0.92,-0.976,0.968,-0.992,-0.992,-1.06,-1.048,-1.06,-1.064,-1.068,-1.064,1.008,1.016,1.028,0.956,0.952,-0.948,-0.94,0.936,0.952,-0.936,-0.932,-0.92,-0.92,-0.92,0.92,0.928,0.928,0.936,0.96,0.968,-1.028,-1.028,-1.032,-1.028,1.032,0.92,-0.9,-0.904,0.92,-0.88,-0.892,0.904,0.896,0.924,0.928,0.916,0.908,0.912,0.92,-0.92,-0.96,-0.948,-0.952,-0.956,1.068,1.056,1.052,-1,-0.996,-0.992,-0.988,-0.968,0.964,0.964,0.968,0.96,0.968,0.976,0.968,0.964,0.992,1.024,1.004,0.992,-0.976,-0.96,-0.956,-0.956,0.924,0.928,0.936,0.92,-0.924,-0.924,0.94,-0.936,0.964,0.96,-0.976,-0.996,0.964,0.956,0.968,-0.972,-0.98,-0.988,-1.004,-1.032,-1.06,-0.908,-0.92,-0.928,-0.924,-0.952,0.924,-0.888,-0.884,-0.88,-0.92,0.924,0.936,0.92,0.92,0.92,0.924,0.912,0.948,1.048,1.036,-1.064,1.1,1.1,1.104,-0.892,-0.936,0.932,0.94,-0.916,-0.944,-0.956,-0.944,-0.94,-0.932,-0.928,-0.94,0.916,0.924,0.928,0.916,0.92,-0.9,-0.896,-0.9,-0.896,-0.9,0.912,-0.908,-0.92,-0.924,-0.94,-1,1.008,1.008,1.008,0.98,-0.996,-0.976,-0.988,0.996,0.976,0.944,0.92,-0.936,-0.944,-0.94,-0.94,0.964,-0.996,-0.996,0.992,-0.984,-0.992,-0.996,-1,-0.98,-0.976,-0.98,-0.988,-0.98,-0.984,1,1.008,0.944,0.936,0.932,0.932,0.936,0.924,-0.952,0.956,0.936,0.936,0.92,0.904,0.92,0.932,0.936,0.92,0.92,0.948,0.964,-0.948,-0.96,1.036,-1.056,-1.096,-1.104,-0.916,-0.92,-0.9,-0.888,0.916,0.908,-0.948,-0.948,-0.936,-0.928,-0.924,0.932,-0.952,-0.956,0.94,-0.948,-0.96,-0.96,-0.964,-0.976,0.976,-0.984,-0.972,-0.964,-0.928,-0.932,-0.932,-0.936,-1.012,-1.004,0.972,0.996,-1.012,-0.98,-0.972,-0.96,-0.952
0.928,0.904,0.908,0.912,0.912,0.924,0.928,-0.948,-0.944,-0.924,-0.932,-0.916,-0.924,-0.92,0.956,0.972,1.024,-1.04,-1.036,1.032,-1.088,-1.092,-1.092,-0.9,-0.92,-0.976,0.968,-0.992,-0.992,-1.06,-1.048,-1.06,-1.064,-1.068,-1.064,1.008,1.016,1.028,-1.044,-1.048,1.052,1.06,0.936,0.952,-0.936,-0.932,-0.92,-0.92,-0.92,0.92,0.928,0.928,0.936,0.96,0.968,-1.028,-1.028,-1.032,-1.028,-0.968,0.92,-0.9,-0.904,0.92,-0.88,-0.892,0.904,0.896,0.924,0.928,0.916,0.908,0.912,0.92,-0.92,-0.96,-0.948,-0.952,-0.956,-0.932,-0.944,-0.948,1,1.004,1.008,1.012,1.032,-1.036,-1.036,-1.032,-1.04,-1.032,-1.024,-1.032,-1.036,-1.008,-0.976,-0.996,-1.008,-0.976,-0.96,-0.956,-0.956,0.924,0.928,0.936,0.92,-0.924,-0.924,0.94,-0.936,0.964,0.96,-0.976,-0.996,-1.036,-1.044,-1.032,1.028,1.02,1.012,0.996,0.968,0.94,-0.908,-0.92,-0.928,-0.924,-0.952,0.924,-0.888,-0.884,-0.88,-0.92,0.924,-1.064,-1.08,-1.08,-1.08,-1.076,-1.088,-1.052,-0.952,-0.964,0.936,-0.9,-0.9,-0.896,-0.892,-0.936,0.932,0.94,-0.916,-0.944,-0.956,-0.944,-0.94,-0.932,-0.928,-0.94,0.916,0.924,0.928,0.916,0.92,-0.9,-0.896,-0.9,-0.896,-0.9,0.912,-0.908,-0.92,-0.924,-0.94,1,-0.992,-0.992,-0.992,-1.02,1.004,1.024,-0.988,0.996,0.976,0.944,0.92,-0.936,-0.944,-0.94,-0.94,0.964,-0.996,-0.996,0.992,-0.984,-0.992,-0.996,1,1.02,1.024,1.02,1.012,1.02,1.016,-1,-0.992,0.944,0.936,0.932,0.932,0.936,0.924,-0.952,0.956,0.936,0.936,0.92,0.904,-1.08,-1.068,-1.064,-1.08,-1.08,-1.052,-1.036,1.052,1.04,-0.964,0.944,0.904,0.896,-0.916,-0.92,-0.9,-0.888,0.916,0.908,-0.948,-0.948,-0.936,-0.928,-0.924,0.932,-0.952,-0.956,0.94,-0.948,-0.96,-0.96,-0.964,-0.976,0.976,-0.984,-0.972,-0.964,-0.928,-0.932,-0.932,-0.936,-1.012,-1.004,0.972,0.996,-1.012,-0.98,-0.972,-0.96,-0.952
-1.072,-1.096,-1.092,-1.088,-1.088,-1.076,-1.072,1.052,1.056,1.076,1.068,1.084,1.076,1.08,-1.044,-1.028,1.024,-1.04,-1.036,1.032,-1.088,-1.092,-1.092,1.1,1.08,1.024,-1.032,1.008,1.008,-1.06,-1.048,-1.06,-1.064,-1.068,-1.064,1.008,1.016,1.028,-1.044,-1.048,1.052,1.06,-1.064,-1.048,1.064,1.068,1.08,1.08,1.08,-1.08,-1.072,-1.072,-1.064,-1.04,-1.032,-1.028,-1.028,-1.032,-1.028,1.032,-1.08,1.1,1.096,-1.08,1.12,1.108,-1.096,-1.104,-1.076,-1.072,-1.084,-1.092,-1.088,-1.08,1.08,1.04,1.052,1.048,1.044,-0.932,-0.944,-0.948,1,1.004,1.008,1.012,1.032,-1.036,-1.036,-1.032,-1.04,-1.032,-1.024,-1.032,-1.036,-1.008,-0.976,-0.996,-1.008,1.024,1.04,1.044,1.044,-1.076,-1.072,-1.064,-1.08,1.076,1.076,-1.06,1.064,-1.036,-1.04,1.024,1.004,0.964,0.956,0.968,-0.972,-0.98,-0.988,-1.004,-1.032,-1.06,1.092,1.08,1.072,1.076,1.048,-1.076,1.112,1.116,1.12,1.08,0.924,0.936,0.92,0.92,0.92,0.924,0.912,0.948,1.048,1.036,-1.064,1.1,1.1,1.104,1.108,1.064,-1.068,-1.06,1.084,1.056,1.044,1.056,1.06,1.068,1.072,1.06,-1.084,-1.076,-1.072,-1.084,-1.08,1.1,1.104,1.1,1.104,1.1,-1.088,1.092,1.08,1.076,1.06,-1,1.008,1.008,1.008,0.98,-0.996,-0.976,1.012,-1.004,-1.024,-1.056,-1.08,1.064,1.056,1.06,1.06,-1.036,1.004,1.004,-1.008,1.016,1.008,1.004,1,-0.98,-0.976,-0.98,-0.988,-0.98,-0.984,1,1.008,-1.056,-1.064,-1.068,-1.068,-1.064,-1.076,1.048,-1.044,-1.064,-1.064,-1.08,-1.096,-1.08,-1.068,-1.064,-1.08,-1.08,-1.052,-1.036,1.052,1.04,-0.964,0.944,0.904,0.896,-0.916,-0.92,-0.9,-0.888,-1.084,-1.092,1.052,1.052,1.064,1.072,1.076,-1.068,1.048,1.044,-1.06,1.052,1.04,1.04,1.036,1.024,-1.024,1.016,1.028,1.036,1.072,1.068,1.068,1.064,-1.012,-1.004,0.972,0.996,-1.012,1.02,1.028,1.04,1.048
0.928,0.904,0.908,0.912,0.912,0.924,0.928,-0.948,-0.944,-0.924,-0.932,-0.916,-0.924,-0.92,0.956,0.972,1.024,-1.04,-1.036,1.032,-1.088,-1.092,-1.092,1.1,-0.92,-0.976,0.968,-0.992,-0.992,-1.06,-1.048,-1.06,-1.064,-1.068,-1.064,1.008,1.016,1.028,-1.044,0.952,-0.948,-0.94,0.936,0.952,-0.936,-0.932,-0.92,-0.92,-0.92,0.92,0.928,0.928,0.936,0.96,0.968,0.972,0.972,0.968,0.972,-0.968,0.92,-0.9,-0.904,0.92,-0.88,-0.892,0.904,0.896,0.924,0.928,0.916,0.908,0.912,0.92,-0.92,-0.96,-0.948,-0.952,-0.956,-0.932,-0.944,-0.948,1,1.004,1.008,1.012,1.032,-1.036,-1.036,-1.032,-1.04,-1.032,-1.024,-1.032,-1.036,-1.008,-0.976,1.004,0.992,-0.976,-0.96,-0.956,-0.956,0.924,0.928,0.936,0.92,-0.924,-0.924,0.94,-0.936,-1.036,-1.04,1.024,1.004,-1.036,-1.044,-1.032,1.028,1.02,1.012,0.996,0.968,0.94,-0.908,-0.92,-0.928,-0.924,-0.952,0.924,-0.888,-0.884,-0.88,-0.92,0.924,0.936,0.92,0.92,0.92,0.924,0.912,0.948,-0.952,-0.964,0.936,-0.9,-0.9,-0.896,-0.892,-0.936,0.932,0.94,-0.916,-0.944,-0.956,-0.944,-0.94,-0.932,-0.928,-0.94,0.916,0.924,0.928,0.916,0.92,-0.9,-0.896,-0.9,-0.896,-0.9,0.912,-0.908,-0.92,-0.924,1.06,-1,1.008,1.008,1.008,0.98,-0.996,-0.976,-0.988,0.996,0.976,0.944,0.92,-0.936,-0.944,-0.94,-0.94,-1.036,1.004,1.004,-1.008,1.016,1.008,1.004,1,1.02,1.024,1.02,1.012,1.02,1.016,-1,-0.992,0.944,0.936,0.932,0.932,0.936,0.924,-0.952,0.956,0.936,0.936,0.92,0.904,0.92,0.932,0.936,0.92,0.92,0.948,0.964,-0.948,-0.96,-0.964,0.944,0.904,0.896,-0.916,-0.92,-0.9,-0.888,0.916,0.908,-0.948,-0.948,-0.936,-0.928,-0.924,0.932,-0.952,-0.956,0.94,-0.948,-0.96,-0.96,-0.964,-0.976,0.976,-0.984,-0.972,-0.964,-0.928,-0.932,-0.932,-0.936,-1.012,-1.004,0.972,-1.004,0.988,-0.98,-0.972,-0.96,-0.952
0.928,0.904,0.908,0.912,0.912,0.924,0.928,-0.948,-0.944,-0.924,-0.932,-0.916,-0.924,-0.92,0.956,0.972,1.024,-1.04,-1.036,1.032,0.912,0.908,0.908,-0.9,-0.92,-0.976,0.968,1.008,1.008,0.94,0.952,0.94,0.936,0.932,0.936,-0.992,-0.984,-0.972,0.956,0.952,-0.948,-0.94,0.936,0.952,-0.936,-0.932,-0.92,-0.92,-0.92,0.92,0.928,0.928,0.936,0.96,0.968,0.972,0.972,0.968,0.972,-0.968,0.92,-0.9,-0.904,0.92,-0.88,-0.892,0.904,0.896,0.924,0.928,0.916,0.908,0.912,0.92,-0.92,-0.96,-0.948,-0.952,-0.956,-0.932,-0.944,-0.948,1,1.004,1.008,1.012,1.032,-1.036,-1.036,-1.032,-1.04,-1.032,-1.024,-1.032,-1.036,0.992,1.024,1.004,0.992,-0.976,-0.96,-0.956,-0.956,0.924,0.928,0.936,0.92,-0.924,-0.924,0.94,-0.936,0.964,0.96,-0.976,-0.996,0.964,0.956,0.968,-0.972,-0.98,1.012,0.996,0.968,0.94,-0.908,-0.92,-0.928,-0.924,-0.952,0.924,-0.888,-0.884,-0.88,-0.92,0.924,-1.064,-1.08,-1.08,-1.08,-1.076,-1.088,-1.052,-0.952,-0.964,0.936,-0.9,-0.9,-0.896,-0.892,-0.936,0.932,0.94,-0.916,-0.944,-0.956,-0.944,-0.94,-0.932,-0.928,-0.94,0.916,0.924,0.928,0.916,0.92,-0.9,-0.896,-0.9,-0.896,-0.9,0.912,-0.908,-0.92,-0.924,-0.94,1,-0.992,-0.992,-0.992,-1.02,1.004,1.024,-0.988,0.996,0.976,0.944,0.92,-0.936,-0.944,-0.94,-0.94,0.964,1.004,1.004,-1.008,1.016,1.008,1.004,1,1.02,1.024,1.02,1.012,1.02,1.016,-1,-0.992,0.944,0.936,0.932,0.932,0.936,0.924,-0.952,0.956,0.936,0.936,0.92,0.904,0.92,0.932,0.936,0.92,-1.08,-1.052,-1.036,1.052,1.04,-0.964,0.944,0.904,0.896,-0.916,-0.92,-0.9,-0.888,0.916,0.908,-0.948,-0.948,-0.936,-0.928,-0.924,0.932,-0.952,-0.956,0.94,-0.948,-0.96,-0.96,-0.964,-0.976,0.976,-0.984,-0.972,-0.964,-0.928,-0.932,-0.932,-0.936,-1.012,-1.004,0.972,-1.004,0.988,-0.98,-0.972,-0.96,-0.952
-1.072,-1.096,-1.092,-1.088,-1.088,-1.076,-1.072,1.052,1.056,1.076,1.068,1.084,1.076,1.08,0.956,0.972,1.024,-1.04,-1.036,1.032,-1.088,-1.092,-1.092,1.1,1.08,1.024,-1.032,1.008,1.008,0.94,0.952,0.94,0.936,0.932,0.936,-0.992,-0.984,-0.972,0.956,0.952,-0.948,-0.94,-1.064,-1.048,1.064,1.068,1.08,1.08,1.08,-1.08,-1.072,-1.072,-1.064,-1.04,-1.032,-1.028,-1.028,-1.032,-1.028,1.032,-1.08,1.1,1.096,-1.08,1.12,1.108,-1.096,-1.104,-1.076,-1.072,-1.084,-1.092,-1.088,-1.08,1.08,1.04,1.052,1.048,1.044,1.068,1.056,1.052,-1,-0.996,-0.992,-0.988,-0.968,0.964,0.964,0.968,0.96,0.968,0.976,0.968,0.964,-1.008,-0.976,-0.996,-1.008,1.024,1.04,1.044,1.044,-1.076,-1.072,-1.064,-1.08,1.076,1.076,-1.06,1.064,-1.036,-1.04,1.024,1.004,-1.036,-1.044,-1.032,-0.972,-0.98,-0.988,-1.004,-1.032,-1.06,1.092,1.08,1.072,1.076,1.048,-1.076,1.112,1.116,1.12,1.08,-1.076,-1.064,-1.08,-1.08,-1.08,-1.076,-1.088,-1.052,-0.952,-0.964,0.936,-0.9,-0.9,1.104,1.108,1.064,-1.068,-1.06,1.084,1.056,1.044,1.056,1.06,1.068,1.072,1.06,-1.084,-1.076,-1.072,-1.084,-1.08,1.1,1.104,1.1,1.104,1.1,-1.088,1.092,1.08,1.076,1.06,-1,1.008,1.008,1.008,0.98,-0.996,-0.976,1.012,-1.004,-1.024,-1.056,-1.08,1.064,1.056,1.06,1.06,-1.036,1.004,1.004,-1.008,1.016,1.008,1.004,-1,-0.98,-0.976,-0.98,-0.988,-0.98,-0.984,1,1.008,-1.056,-1.064,-1.068,-1.068,-1.064,-1.076,1.048,-1.044,-1.064,-1.064,-1.08,-1.096,-1.08,-1.068,-1.064,-1.08,-1.08,-1.052,-1.036,1.052,1.04,1.036,-1.056,-1.096,-1.104,1.084,1.08,1.1,1.112,-1.084,-1.092,1.052,1.052,1.064,1.072,1.076,-1.068,1.048,1.044,-1.06,1.052,1.04,1.04,1.036,1.024,-1.024,1.016,1.028,1.036,1.072,1.068,1.068,1.064,0.988,0.996,-1.028,0.996,-1.012,1.02,1.028,1.04,1.048
0.928,0.904,0.908,0.912,0.912,0.924,0.928,-0.948,-0.944,-0.924,-0.932,-0.916,-0.924,-0.92,0.956,0.972,1.024,-1.04,-1.036,1.032,-1.088,-1.092,0.908,-0.9,-0.92,1.024,-1.032,1.008,1.008,0.94,0.952,0.94,0.936,0.932,0.936,-0.992,-0.984,-0.972,0.956,0.952,-0.948,-0.94,0.936,0.952,-0.936,-0.932,-0.92,-0.92,-0.92,0.92,0.928,0.928,0.936,0.96,0.968,-1.028,-1.028,-1.032,-1.028,1.032,-1.08,-0.9,-0.904,0.92,-0.88,-0.892,0.904,0.896,0.924,0.928,0.916,0.908,0.912,0.92,-0.92,-0.96,-0.948,-0.952,-0.956,-0.932,-0.944,-0.948,1,1.004,1.008,1.012,1.032,-1.036,-1.036,-1.032,-1.04,-1.032,-1.024,-1.032,-1.036,-1.008,-0.976,-0.996,-1.008,1.024,-0.96,-0.956,-0.956,0.924,0.928,0.936,0.92,-0.924,-0.924,0.94,-0.936,0.964,0.96,-0.976,-0.996,0.964,0.956,0.968,-0.972,-0.98,-0.988,-1.004,0.968,0.94,-0.908,-0.92,-0.928,-0.924,-0.952,0.924,-0.888,-0.884,-0.88,-0.92,0.924,-1.064,-1.08,-1.08,-1.08,-1.076,-1.088,-1.052,-0.952,-0.964,0.936,-0.9,-0.9,-0.896,-0.892,-0.936,0.932,0.94,-0.916,-0.944,-0.956,-0.944,-0.94,-0.932,-0.928,-0.94,0.916,0.924,0.928,0.916,0.92,-0.9,-0.896,-0.9,-0.896,-0.9,0.912,-0.908,-0.92,-0.924,1.06,-1,1.008,1.008,1.008,0.98,-0.996,-0.976,-0.988,0.996,0.976,0.944,0.92,-0.936,-0.944,-0.94,-0.94,0.964,-0.996,-0.996,0.992,-0.984,-0.992,-0.996,-1,-0.98,-0.976,-0.98,-0.988,-0.98,-0.984,1,1.008,-1.056,-1.064,-1.068,-1.068,-1.064,0.924,-0.952,0.956,0.936,0.936,0.92,0.904,0.92,0.932,0.936,0.92,0.92,0.948,0.964,-0.948,-0.96,1.036,-1.056,-1.096,-1.104,1.084,-0.92,-0.9,-0.888,0.916,0.908,-0.948,-0.948,-0.936,-0.928,-0.924,-1.068,1.048,1.044,-1.06,1.052,1.04,1.04,1.036,1.024,-1.024,1.016,1.028,1.036,1.072,1.068,1.068,1.064,0.988,0.996,-1.028,-1.004,0.988,-0.98,-0.972,-0.96,-0.952
-1.072,-1.096,-1.092,0.912,0.912,0.924,0.928,-0.948,-0.944,-0.924,-0.932,-0.916,-0.924,-0.92,0.956,0.972,1.024,-1.04,-1.036,1.032,-1.088,-1.092,-1.092,1.1,1.08,1.024,-1.032,1.008,1.008,0.94,0.952,0.94,0.936,0.932,0.936,-0.992,-0.984,-0.972,0.956,0.952,-0.948,-0.94,0.936,0.952,-0.936,-0.932,-0.92,-0.92,1.08,-1.08,-1.072,-1.072,-1.064,-1.04,-1.032,-1.028,-1.028,-1.032,-1.028,1.032,-1.08,1.1,1.096,-1.08,1.12,1.108,-1.096,-1.104,-1.076,-1.072,-1.084,-1.092,-1.088,-1.08,1.08,1.04,1.052,1.048,1.044,1.068,1.056,1.052,-1,-0.996,-0.992,-0.988,-0.968,0.964,0.964,0.968,0.96,0.968,0.976,0.968,0.964,-1.008,-0.976,-0.996,-1.008,1.024,1.04,1.044,1.044,-1.076,-1.072,-1.064,-1.08,1.076,1.076,-1.06,1.064,-1.036,-1.04,1.024,-0.996,0.964,0.956,0.968,-0.972,-0.98,-0.988,-1.004,-1.032,-1.06,1.092,1.08,1.072,1.076,1.048,-1.076,1.112,1.116,1.12,1.08,-1.076,-1.064,-1.08,-1.08,-1.08,-1.076,-1.088,-1.052,1.048,1.036,-1.064,1.1,1.1,1.104,1.108,1.064,-1.068,-1.06,1.084,1.056,1.044,1.056,1.06,1.068,1.072,1.06,-1.084,-1.076,-1.072,-1.084,-1.08,1.1,1.104,1.1,1.104,1.1,-1.088,1.092,1.08,1.076,-0.94,1,-0.992,-0.992,-0.992,-1.02,1.004,1.024,1.012,-1.004,-1.024,-1.056,-1.08,1.064,1.056,1.06,1.06,-1.036,1.004,1.004,-1.008,1.016,1.008,1.004,1,1.02,-0.976,-0.98,-0.988,-0.98,-0.984,1,1.008,-1.056,-1.064,-1.068,-1.068,-1.064,-1.076,1.048,-1.044,-1.064,-1.064,-1.08,-1.096,-1.08,-1.068,-1.064,-1.08,-1.08,-1.052,-1.036,1.052,1.04,-0.964,0.944,0.904,0.896,-0.916,-0.92,-0.9,-0.888,-1.084,-1.092,1.052,1.052,1.064,1.072,1.076,-1.068,1.048,1.044,-1.06,1.052,1.04,1.04,1.036,1.024,-1.024,1.016,1.028,1.036,1.072,1.068,1.068,1.064,0.988,0.996,-1.028,-1.004,0.988,1.02,1.028,1.04,1.048
0.928,0.904,0.908,0.912,0.912,0.924,0.928,-0.948,-0.944,-0.924,-0.932,-0.916,-0.924,-0.92,0.956,0.972,1.024,-1.04,-1.036,1.032,0.912,0.908,0.908,-0.9,-0.92,-0.976,0.968,-0.992,-0.992,-1.06,-1.048,-1.06,-1.064,-1.068,-1.064,1.008,1.016,1.028,-1.044,-1.048,1.052,1.06,-1.064,-1.048,-0.936,-0.932,-0.92,-0.92,-0.92,0.92,0.928,0.928,0.936,0.96,0.968,-1.028,-1.028,-1.032,-1.028,1.032,-1.08,1.1,1.096,-1.08,-0.88,-0.892,0.904,0.896,0.924,0.928,0.916,0.908,0.912,0.92,-0.92,-0.96,-0.948,-0.952,-0.956,-0.932,-0.944,-0.948,1,1.004,1.008,1.012,1.032,0.964,0.964,0.968,0.96,0.968,0.976,0.968,0.964,0.992,1.024,1.004,0.992,-0.976,-0.96,-0.956,-0.956,0.924,0.928,0.936,0.92,-0.924,-0.924,0.94,-0.936,0.964,0.96,-0.976,-0.996,0.964,0.956,0.968,-0.972,-0.98,-0.988,-1.004,-1.032,-1.06,1.092,1.08,1.072,1.076,1.048,-1.076,1.112,1.116,1.12,-0.92,0.924,0.936,0.92,0.92,0.92,0.924,0.912,0.948,-0.952,-0.964,0.936,-0.9,-0.9,-0.896,-0.892,-0.936,0.932,0.94,-0.916,-0.944,-0.956,-0.944,-0.94,-0.932,-0.928,-0.94,0.916,0.924,0.928,0.916,0.92,-0.9,-0.896,-0.9,-0.896,1.1,-1.088,1.092,1.08,1.076,1.06,-1,1.008,1.008,1.008,0.98,-0.996,-0.976,-0.988,0.996,0.976,0.944,0.92,-0.936,-0.944,-0.94,-0.94,0.964,-0.996,-0.996,-1.008,1.016,1.008,1.004,1,1.02,1.024,1.02,1.012,1.02,1.016,-1,-0.992,0.944,0.936,0.932,0.932,0.936,0.924,-0.952,0.956,0.936,0.936,0.92,0.904,0.92,0.932,0.936,0.92,0.92,0.948,0.964,-0.948,-0.96,1.036,-1.056,-1.096,-1.104,1.084,1.08,1.1,1.112,-1.084,-1.092,-0.948,-0.948,-0.936,-0.928,-0.924,0.932,-0.952,-0.956,0.94,-0.948,1.04,1.04,1.036,1.024,-1.024,1.016,1.028,1.036,1.072,1.068,1.068,1.064,0.988,0.996,-1.028,-1.004,0.988,-0.98,-0.972,-0.96,-0.952
-1.072,-1.096,-1.092,-1.088,-1.088,-1.076,-1.072,1.052,1.056,-0.924,-0.932,-0.916,-0.924,-0.92,0.956,0.972,1.024,-1.04,-1.036,1.032,-1.088,-1.092,-1.092,1.1,1.08,1.024,-1.032,1.008,1.008,-1.06,-1.048,-1.06,-1.064,-1.068,-1.064,1.008,1.016,1.028,-1.044,-1.048,1.052,1.06,-1.064,-1.048,1.064,1.068,1.08,1.08,1.08,-1.08,-1.072,-1.072,-1.064,-1.04,-1.032,0.972,0.972,0.968,0.972,-0.968,0.92,-0.9,-0.904,0.92,-0.88,-0.892,0.904,0.896,0.924,-1.072,-1.084,-1.092,-1.088,-1.08,1.08,1.04,1.052,1.048,1.044,1.068,1.056,1.052,-1,-0.996,-0.992,-0.988,-0.968,0.964,0.964,0.968,0.96,0.968,0.976,0.968,0.964,0.992,1.024,1.004,0.992,-0.976,-0.96,-0.956,-0.956,0.924,-1.072,-1.064,-1.08,1.076,1.076,0.94,-0.936,0.964,0.96,-0.976,-0.996,0.964,0.956,0.968,-0.972,-0.98,-0.988,-1.004,-1.032,-1.06,1.092,1.08,1.072,1.076,1.048,-1.076,1.112,1.116,1.12,1.08,-1.076,0.936,0.92,0.92,0.92,0.924,0.912,0.948,1.048,1.036,-1.064,1.1,1.1,1.104,1.108,-0.936,0.932,0.94,-0.916,-0.944,-0.956,-0.944,-0.94,-0.932,-0.928,-0.94,0.916,0.924,0.928,0.916,0.92,-0.9,-0.896,-0.9,-0.896,-0.9,0.912,-0.908,-0.92,-0.924,-0.94,1,-0.992,-0.992,-0.992,-1.02,1.004,1.024,1.012,-1.004,-1.024,-1.056,-1.08,1.064,1.056,1.06,1.06,-1.036,1.004,1.004,-1.008,1.016,1.008,1.004,-1,-0.98,-0.976,-0.98,-0.988,-0.98,-0.984,1,1.008,-1.056,-1.064,-1.068,-1.068,-1.064,-1.076,1.048,-1.044,-1.064,-1.064,-1.08,-1.096,0.92,0.932,0.936,0.92,0.92,0.948,0.964,-0.948,-0.96,1.036,-1.056,-1.096,-1.104,1.084,1.08,1.1,1.112,-1.084,-1.092,1.052,1.052,-0.936,-0.928,-0.924,0.932,-0.952,-0.956,0.94,-0.948,-0.96,-0.96,-0.964,-0.976,0.976,-0.984,-0.972,-0.964,-0.928,-0.932,-0.932,-0.936,-1.012,-1.004,0.972,0.996,-1.012,1.02,1.028,1.04,1.048
0.928,0.904,0.908,0.912,0.912,0.924,0.928,-0.948,-0.944,-0.924,-0.932,-0.916,-0.924,-0.92,0.956,0.972,1.024,-1.04,-1.036,1.032,-1.088,-1.092,-1.092,1.1,1.08,1.024,-1.032,1.008,1.008,0.94,0.952,0.94,0.936,0.932,0.936,1.008,1.016,1.028,-1.044,-1.048,1.052,1.06,-1.064,-1.048,1.064,1.068,1.08,1.08,1.08,-1.08,-1.072,-1.072,-1.064,-1.04,-1.032,0.972,0.972,0.968,0.972,-0.968,0.92,-0.9,-0.904,-1.08,1.12,1.108,-1.096,-1.104,-1.076,-1.072,-1.084,-1.092,-1.088,-1.08,1.08,1.04,1.052,1.048,1.044,1.068,1.056,1.052,-1,-0.996,-0.992,1.012,1.032,-1.036,-1.036,-1.032,-1.04,-1.032,-1.024,-1.032,-1.036,-1.008,-0.976,-0.996,-1.008,1.024,1.04,1.044,1.044,-1.076,-1.072,-1.064,-1.08,1.076,1.076,-1.06,1.064,-1.036,-1.04,1.024,1.004,-1.036,-1.044,-1.032,1.028,1.02,1.012,0.996,0.968,0.94,1.092,1.08,1.072,1.076,1.048,-1.076,1.112,1.116,1.12,1.08,-1.076,-1.064,-1.08,-1.08,-1.08,-1.076,-1.088,0.948,1.048,1.036,-1.064,1.1,1.1,1.104,1.108,1.064,-1.068,-1.06,1.084,1.056,1.044,1.056,1.06,1.068,1.072,1.06,-1.084,-1.076,0.928,0.916,0.92,-0.9,-0.896,-0.9,-0.896,-0.9,0.912,-0.908,-0.92,-0.924,-0.94,1,-0.992,-0.992,-0.992,-1.02,1.004,1.024,1.012,-1.004,-1.024,-1.056,-1.08,1.064,1.056,1.06,1.06,-1.036,1.004,1.004,-1.008,1.016,1.008,1.004,1,1.02,1.024,1.02,1.012,1.02,1.016,-1,-0.992,0.944,0.936,0.932,0.932,0.936,0.924,-0.952,0.956,-1.064,-1.064,-1.08,-1.096,-1.08,-1.068,-1.064,-1.08,-1.08,-1.052,-1.036,1.052,1.04,1.036,-1.056,-1.096,-1.104,1.084,1.08,1.1,1.112,-1.084,-1.092,1.052,1.052,1.064,1.072,1.076,-1.068,1.048,1.044,-1.06,1.052,1.04,1.04,1.036,1.024,-1.024,1.016,1.028,1.036,1.072,1.068,1.068,1.064,0.988,0.996,-1.028,-1.004,0.988,-0.98,-0.972,-0.96,-0.952
0.928,0.904,0.908,0.912,0.912,0.924,0.928,-0.948,-0.944,-0.924,-0.932,-0.916,-0.924,-0.92,0.956,0.972,-0.976,0.96,0.964,-0.968,0.912,0.908,0.908,-0.9,-0.92,-0.976,0.968,-0.992,-0.992,-1.06,-1.048,-1.06,-1.064,-1.068,-1.064,1.008,1.016,1.028,-1.044,-1.048,1.052,-0.94,0.936,0.952,-0.936,-0.932,-0.92,-0.92,-0.92,0.92,0.928,0.928,0.936,0.96,0.968,-1.028,-1.028,0.968,0.972,-0.968,0.92,-0.9,-0.904,0.92,-0.88,-0.892,0.904,0.896,0.924,0.928,0.916,0.908,0.912,0.92,-0.92,-0.96,-0.948,-0.952,-0.956,-0.932,-0.944,-0.948,1,-0.996,-0.992,-0.988,-0.968,0.964,0.964,0.968,0.96,0.968,0.976,0.968,0.964,0.992,1.024,1.004,0.992,-0.976,-0.96,-0.956,-0.956,0.924,0.928,0.936,0.92,-0.924,-0.924,0.94,-0.936,0.964,0.96,-0.976,1.004,-1.036,-1.044,-1.032,1.028,1.02,1.012,0.996,0.968,0.94,-0.908,-0.92,-0.928,-0.924,-0.952,0.924,-0.888,-0.884,-0.88,-0.92,0.924,-1.064,-1.08,-1.08,-1.08,-1.076,-1.088,-1.052,-0.952,-0.964,0.936,-0.9,-0.9,-0.896,-0.892,-0.936,0.932,0.94,-0.916,-0.944,-0.956,-0.944,-0.94,-0.932,-0.928,-0.94,0.916,-1.076,-1.072,-1.084,-1.08,1.1,1.104,1.1,1.104,1.1,-1.088,1.092,1.08,1.076,1.06,-1,1.008,1.008,1.008,0.98,-0.996,-0.976,-0.988,0.996,0.976,0.944,0.92,-0.936,-0.944,-0.94,-0.94,0.964,-0.996,-0.996,0.992,1.016,1.008,1.004,1,1.02,1.024,1.02,1.012,1.02,1.016,-1,-0.992,0.944,0.936,0.932,0.932,0.936,0.924,-0.952,0.956,0.936,0.936,0.92,0.904,0.92,0.932,0.936,0.92,0.92,0.948,0.964,-0.948,-0.96,1.036,-1.056,0.904,0.896,-0.916,-0.92,-0.9,-0.888,0.916,0.908,-0.948,-0.948,-0.936,-0.928,-0.924,0.932,-0.952,1.044,-1.06,1.052,1.04,1.04,1.036,1.024,-1.024,1.016,1.028,1.036,1.072,1.068,1.068,1.064,0.988,0.996,-1.028,-1.004,0.988,-0.98,-0.972,-0.96,-0.952
-1.072,-1.096,-1.092,-1.088,-1.088,-1.076,-1.072,1.052,1.056,1.076,1.068,1.084,-0.924,-0.92,0.956,0.972,1.024,-1.04,-1.036,1.032,-1.088,-1.092,-1.092,1.1,1.08,1.024,-1.032,1.008,1.008,0.94,0.952,0.94,-1.064,-1.068,-1.064,1.008,1.016,1.028,-1.044,-1.048,1.052,1.06,-1.064,-1.048,1.064,1.068,1.08,1.08,1.08,-1.08,-1.072,-1.072,0.936,0.96,0.968,-1.028,-1.028,-1.032,-1.028,1.032,-1.08,1.1,1.096,-1.08,1.12,1.108,-1.096,-1.104,-1.076,-1.072,-1.084,-1.092,-1.088,-1.08,1.08,1.04,1.052,1.048,1.044,1.068,1.056,1.052,-1,-0.996,-0.992,-0.988,-0.968,0.964,0.964,-1.032,-1.04,-1.032,-1.024,-1.032,-1.036,-1.008,-0.976,-0.996,-1.008,1.024,1.04,1.044,1.044,-1.076,-1.072,-1.064,-1.08,1.076,1.076,-1.06,1.064,-1.036,-1.04,1.024,1.004,-1.036,0.956,0.968,-0.972,-0.98,-0.988,-1.004,-1.032,-1.06,1.092,1.08,1.072,1.076,1.048,-1.076,1.112,1.116,1.12,1.08,-1.076,0.936,0.92,0.92,0.92,0.924,0.912,0.948,1.048,1.036,-1.064,1.1,1.1,1.104,1.108,1.064,-1.068,-1.06,1.084,1.056,1.044,1.056,1.06,1.068,1.072,1.06,-1.084,0.924,0.928,0.916,0.92,-0.9,-0.896,-0.9,-0.896,-0.9,0.912,-0.908,-0.92,-0.924,-0.94,1,-0.992,-0.992,-0.992,-1.02,1.004,1.024,1.012,-1.004,-1.024,-1.056,-1.08,1.064,1.056,1.06,1.06,-1.036,1.004,1.004,-1.008,-0.984,-0.992,-0.996,-1,-0.98,-0.976,-0.98,-0.988,-0.98,-0.984,1,1.008,-1.056,-1.064,-1.068,-1.068,-1.064,-1.076,1.048,-1.044,-1.064,-1.064,-1.08,-1.096,-1.08,-1.068,-1.064,-1.08,-1.08,0.948,0.964,-0.948,-0.96,1.036,-1.056,-1.096,-1.104,1.084,1.08,1.1,1.112,-1.084,-1.092,1.052,1.052,1.064,1.072,1.076,-1.068,1.048,1.044,-1.06,1.052,1.04,1.04,1.036,1.024,-1.024,1.016,1.028,-0.964,-0.928,-0.932,-0.932,-0.936,-1.012,-1.004,0.972,0.996,-1.012,1.02,1.028,1.04,1.048
0.928,0.904,0.908,0.912,0.912,0.924,0.928,-0.948,-0.944,-0.924,-0.932,-0.916,-0.924,-0.92,0.956,0.972,1.024,0.96,0.964,-0.968,0.912,0.908,0.908,-0.9,-0.92,-0.976,0.968,-0.992,-0.992,-1.06,-1.048,-1.06,-1.064,-1.068,-1.064,1.008,1.016,1.028,-1.044,-1.048,1.052,-0.94,0.936,0.952,-0.936,-0.932,-0.92,-0.92,-0.92,0.92,0.928,0.928,0.936,0.96,0.968,-1.028,-1.028,-1.032,-1.028,1.032,-1.08,1.1,1.096,-1.08,-0.88,-0.892,0.904,0.896,0.924,0.928,0.916,0.908,0.912,0.92,-0.92,-0.96,-0.948,-0.952,-0.956,-0.932,-0.944,-0.948,1,1.004,1.008,1.012,1.032,-1.036,-1.036,0.968,0.96,0.968,0.976,0.968,0.964,0.992,1.024,1.004,0.992,-0.976,-0.96,-0.956,-0.956,0.924,0.928,0.936,0.92,-0.924,-0.924,0.94,-0.936,0.964,0.96,-0.976,-0.996,0.964,0.956,0.968,-0.972,-0.98,-0.988,-1.004,-1.032,-1.06,1.092,1.08,1.072,1.076,1.048,-1.076,-0.888,-0.884,-0.88,-0.92,0.924,0.936,0.92,0.92,0.92,0.924,0.912,0.948,-0.952,-0.964,0.936,-0.9,-0.9,-0.896,-0.892,-0.936,0.932,0.94,-0.916,-0.944,-0.956,-0.944,-0.94,-0.932,-0.928,-0.94,0.916,0.924,0.928,0.916,0.92,-0.9,-0.896,-0.9,-0.896,-0.9,0.912,-0.908,-0.92,-0.924,-0.94,1,-0.992,-0.992,-0.992,-1.02,-0.996,-0.976,-0.988,0.996,0.976,0.944,0.92,-0.936,-0.944,-0.94,-0.94,0.964,-0.996,-0.996,0.992,1.016,1.008,1.004,1,1.02,1.024,1.02,1.012,1.02,1.016,-1,-0.992,0.944,0.936,0.932,0.932,0.936,0.924,-0.952,0.956,0.936,0.936,0.92,0.904,0.92,0.932,0.936,0.92,-1.08,-1.052,-1.036,1.052,1.04,-0.964,0.944,0.904,0.896,-0.916,-0.92,-0.9,-0.888,0.916,0.908,-0.948,-0.948,-0.936,-0.928,-0.924,-1.068,1.048,1.044,-1.06,1.052,1.04,1.04,1.036,1.024,-1.024,1.016,1.028,1.036,1.072,1.068,1.068,1.064,0.988,0.996,-1.028,-1.004,0.988,-0.98,-0.972,-0.96,-0.952
0.928,0.904,0.908,0.912,-1.088,-1.076,-1.072,1.052,1.056,1.076,1.068,1.084,1.076,1.08,-1.044,-1.028,-0.976,0.96,0.964,-0.968,0.912,0.908,0.908,-0.9,-0.92,-0.976,0.968,-0.992,-0.992,-1.06,-1.048,-1.06,-1.064,-1.068,-1.064,1.008,1.016,1.028,0.956,0.952,-0.948,-0.94,0.936,0.952,-0.936,-0.932,-0.92,-0.92,-0.92,0.92,0.928,0.928,0.936,0.96,0.968,-1.028,-1.028,-1.032,-1.028,1.032,-1.08,1.1,1.096,-1.08,1.12,-0.892,0.904,0.896,0.924,0.928,0.916,0.908,0.912,0.92,-0.92,-0.96,-0.948,-0.952,-0.956,-0.932,-0.944,-0.948,-1,-0.996,-0.992,-0.988,-0.968,0.964,0.964,0.968,0.96,0.968,0.976,0.968,0.964,0.992,1.024,1.004,0.992,-0.976,-0.96,-0.956,-0.956,0.924,0.928,0.936,0.92,-0.924,-0.924,0.94,-0.936,0.964,0.96,-0.976,1.004,-1.036,-1.044,-1.032,1.028,1.02,1.012,0.996,0.968,0.94,-0.908,-0.92,-0.928,-0.924,-0.952,0.924,-0.888,-0.884,-0.88,-0.92,0.924,0.936,0.92,0.92,0.92,0.924,0.912,0.948,1.048,1.036,-1.064,-0.9,-0.9,-0.896,-0.892,-0.936,0.932,0.94,-0.916,-0.944,-0.956,-0.944,-0.94,-0.932,-0.928,-0.94,0.916,-1.076,-1.072,-1.084,-1.08,1.1,1.104,1.1,1.104,1.1,-1.088,1.092,1.08,1.076,1.06,-1,1.008,1.008,1.008,0.98,-0.996,-0.976,-0.988,0.996,0.976,0.944,0.92,-0.936,-0.944,-0.94,-0.94,0.964,-0.996,-0.996,0.992,-0.984,-0.992,-0.996,-1,-0.98,-0.976,-0.98,-0.988,1.02,1.016,-1,-0.992,0.944,0.936,0.932,0.932,0.936,0.924,-0.952,0.956,0.936,0.936,0.92,0.904,0.92,0.932,0.936,0.92,0.92,0.948,0.964,-0.948,1.04,-0.964,0.944,0.904,0.896,-0.916,-0.92,-0.9,-0.888,0.916,0.908,-0.948,-0.948,-0.936,-0.928,-0.924,0.932,-0.952,-0.956,0.94,-0.948,-0.96,-0.96,-0.964,-0.976,0.976,-0.984,-0.972,-0.964,-0.928,-0.932,-0.932,-0.936,-1.012,-1.004,0.972,0.996,-1.012,-0.98,-0.972,-0.96,-0.952
-1.072,-1.096,-1.092,-1.088,0.912,0.924,0.928,-0.948,-0.944,-0.924,-0.932,-0.916,-0.924,-0.92,0.956,0.972,1.024,-1.04,-1.036,1.032,-1.088,-1.092,-1.092,1.1,1.08,1.024,-1.032,1.008,1.008,-1.06,-1.048,-1.06,-1.064,-1.068,-1.064,1.008,1.016,1.028,-1.044,-1.048,1.052,1.06,-1.064,-1.048,1.064,1.068,1.08,1.08,1.08,-1.08,-1.072,-1.072,-1.064,-1.04,-1.032,0.972,0.972,0.968,0.972,-0.968,0.92,-0.9,-0.904,-1.08,1.12,1.108,-1.096,-1.104,-1.076,-1.072,-1.084,-1.092,-1.088,-1.08,1.08,1.04,1.052,1.048,1.044,1.068,1.056,1.052,-1,-0.996,-0.992,-0.988,-0.968,0.964,0.964,0.968,0.96,0.968,0.976,0.968,0.964,0.992,1.024,1.004,0.992,-0.976,-0.96,-0.956,1.044,-1.076,-1.072,-1.064,-1.08,1.076,1.076,-1.06,1.064,-1.036,-1.04,1.024,1.004,-1.036,-1.044,-1.032,1.028,1.02,1.012,0.996,0.968,0.94,-0.908,-0.92,-0.928,-0.924,-0.952,-1.076,1.112,1.116,1.12,1.08,-1.076,-1.064,0.92,0.92,0.92,0.924,0.912,0.948,1.048,1.036,-1.064,1.1,1.1,1.104,1.108,1.064,-1.068,-1.06,1.084,1.056,1.044,1.056,1.06,1.068,1.072,1.06,-1.084,-1.076,-1.072,-1.084,-1.08,1.1,1.104,1.1,1.104,1.1,-1.088,1.092,1.08,1.076,1.06,-1,-0.992,-0.992,-0.992,-1.02,1.004,1.024,1.012,-1.004,-1.024,-1.056,-1.08,1.064,1.056,1.06,1.06,-1.036,1.004,1.004,-1.008,1.016,-0.992,-0.996,-1,-0.98,-0.976,-0.98,-0.988,-0.98,-0.984,1,1.008,-1.056,-1.064,-1.068,-1.068,-1.064,-1.076,1.048,-1.044,-1.064,-1.064,-1.08,-1.096,-1.08,-1.068,-1.064,-1.08,-1.08,-1.052,-1.036,1.052,1.04,-0.964,0.944,0.904,0.896,1.084,1.08,1.1,1.112,-1.084,-1.092,1.052,1.052,1.064,1.072,1.076,-1.068,-0.952,-0.956,0.94,-0.948,-0.96,-0.96,-0.964,-0.976,0.976,-0.984,-0.972,-0.964,-0.928,-0.932,-0.932,-0.936,-1.012,-1.004,0.972,0.996,-1.012,1.02,1.028,1.04,1.048
-1.072,-1.096,-1.092,-1.088,-1.088,-1.076,-1.072,1.052,1.056,1.076,1.068,1.084,1.076,1.08,-1.044,-1.028,1.024,-1.04,-1.036,1.032,-1.088,-1.092,-1.092,1.1,1.08,1.024,-1.032,1.008,1.008,0.94,-1.048,-1.06,-1.064,-1.068,-1.064,1.008,1.016,1.028,-1.044,-1.048,1.052,1.06,-1.064,-1.048,1.064,1.068,1.08,1.08,1.08,-1.08,-1.072,-1.072,-1.064,-1.04,-1.032,0.972,0.972,0.968,0.972,-0.968,0.92,-0.9,-0.904,0.92,-0.88,-0.892,0.904,0.896,-1.076,-1.072,-1.084,-1.092,-1.088,-1.08,1.08,1.04,1.052,1.048,1.044,1.068,1.056,1.052,-1,-0.996,-0.992,-0.988,-0.968,0.964,0.964,0.968,0.96,0.968,0.976,0.968,0.964,0.992,1.024,1.004,0.992,-0.976,-0.96,-0.956,-0.956,-1.076,-1.072,-1.064,-1.08,-0.924,-0.924,0.94,-0.936,0.964,0.96,-0.976,-0.996,0.964,0.956,0.968,-0.972,-0.98,-0.988,-1.004,-1.032,-1.06,1.092,1.08,1.072,1.076,1.048,-1.076,1.112,1.116,1.12,1.08,-1.076,-1.064,-1.08,-1.08,-1.08,-1.076,-1.088,-1.052,-0.952,-0.964,0.936,-0.9,-0.9,-0.896,1.108,1.064,-1.068,-1.06,1.084,1.056,1.044,1.056,1.06,1.068,1.072,1.06,-1.084,-1.076,-1.072,-1.084,-1.08,1.1,1.104,1.1,1.104,1.1,-1.088,1.092,1.08,1.076,1.06,-1,1.008,1.008,1.008,0.98,-0.996,-0.976,-0.988,-1.004,-1.024,-1.056,-1.08,1.064,-0.944,-0.94,-0.94,0.964,-0.996,-0.996,0.992,-0.984,-0.992,-0.996,-1,-0.98,-0.976,-0.98,-0.988,-0.98,-0.984,1,1.008,-1.056,-1.064,-1.068,-1.068,-1.064,-1.076,1.048,-1.044,-1.064,-1.064,-1.08,-1.096,-1.08,-1.068,-1.064,-1.08,-1.08,-1.052,0.964,-0.948,-0.96,1.036,-1.056,-1.096,-1.104,1.084,1.08,1.1,1.112,-1.084,-1.092,1.052,1.052,1.064,1.072,1.076,-1.068,1.048,1.044,-1.06,1.052,1.04,1.04,1.036,1.024,-1.024,1.016,1.028,1.036,1.072,1.068,1.068,1.064,-1.012,-1.004,0.972,0.996,-1.012,1.02,1.028,1.04,1.048
-1.072,-1.096,-1.092,-1.088,-1.088,-1.076,-1.072,1.052,1.056,1.076,1.068,1.084,1.076,1.08,-1.044,-1.028,-0.976,0.96,0.964,-0.968,0.912,-1.092,-1.092,1.1,1.08,-0.976,0.968,-0.992,-0.992,-1.06,-1.048,-1.06,-1.064,-1.068,-1.064,1.008,1.016,1.028,-1.044,-1.048,1.052,1.06,-1.064,-1.048,1.064,1.068,1.08,1.08,1.08,-1.08,-1.072,-1.072,-1.064,-1.04,-1.032,0.972,0.972,0.968,-1.028,1.032,-1.08,1.1,1.096,-1.08,1.12,1.108,-1.096,-1.104,-1.076,-1.072,-1.084,-1.092,-1.088,-1.08,1.08,1.04,1.052,1.048,1.044,1.068,1.056,1.052,-1,-0.996,-0.992,-0.988,-0.968,0.964,0.964,0.968,0.96,0.968,0.976,0.968,0.964,0.992,1.024,1.004,0.992,1.024,1.04,1.044,1.044,-1.076,-1.072,-1.064,-1.08,1.076,1.076,-1.06,1.064,-1.036,0.96,-0.976,-0.996,0.964,0.956,0.968,-0.972,-0.98,-0.988,-1.004,-1.032,-1.06,1.092,1.08,1.072,1.076,1.048,-1.076,1.112,1.116,1.12,1.08,-1.076,0.936,0.92,0.92,0.92,0.924,0.912,0.948,1.048,1.036,-1.064,1.1,1.1,1.104,1.108,1.064,-1.068,-1.06,1.084,1.056,1.044,1.056,1.06,1.068,1.072,1.06,-1.084,-1.076,-1.072,-1.084,-1.08,1.1,1.104,1.1,1.104,1.1,-1.088,1.092,1.08,1.076,1.06,-1,1.008,1.008,1.008,0.98,1.004,1.024,1.012,-1.004,-1.024,-1.056,-1.08,1.064,1.056,1.06,1.06,-1.036,1.004,1.004,-1.008,1.016,1.008,1.004,1,1.02,1.024,1.02,1.012,1.02,1.016,-1,1.008,-1.056,-1.064,-1.068,-1.068,-1.064,-1.076,1.048,-1.044,-1.064,-1.064,-1.08,-1.096,-1.08,-1.068,-1.064,-1.08,-1.08,-1.052,-1.036,1.052,1.04,-0.964,0.944,0.904,0.896,1.084,1.08,1.1,1.112,-1.084,-1.092,1.052,1.052,1.064,1.072,-0.924,0.932,-0.952,-0.956,0.94,-0.948,-0.96,-0.96,-0.964,-0.976,0.976,-0.984,-0.972,-0.964,-0.928,-0.932,-0.932,-0.936,-1.012,-1.004,0.972,0.996,-1.012,1.02,1.028,1.04,1.048
0.928,0.904,0.908,0.912,0.912,0.924,0.928,-0.948,-0.944,-0.924,-0.932,-0.916,-0.924,-0.92,-1.044,-1.028,-0.976,0.96,0.964,-0.968,0.912,0.908,0.908,-0.9,-0.92,-0.976,0.968,-0.992,-0.992,-1.06,-1.048,-1.06,-1.064,-1.068,-1.064,1.008,1.016,1.028,-1.044,-1.048,1.052,1.06,0.936,0.952,-0.936,-0.932,-0.92,-0.92,-0.92,0.92,0.928,0.928,0.936,0.96,0.968,-1.028,-1.028,-1.032,-1.028,1.032,-1.08,1.1,1.096,-1.08,1.12,1.108,-1.096,-1.104,-1.076,-1.072,-1.084,-1.092,-1.088,-1.08,-0.92,1.04,1.052,1.048,1.044,1.068,1.056,1.052,-1,-0.996,-0.992,-0.988,-0.968,0.964,0.964,0.968,0.96,0.968,0.976,0.968,0.964,0.992,1.024,1.004,0.992,-0.976,-0.96,-0.956,-0.956,0.924,0.928,0.936,0.92,-0.924,-0.924,0.94,-0.936,0.964,-1.04,1.024,1.004,-1.036,-1.044,-1.032,1.028,1.02,1.012,0.996,0.968,0.94,-0.908,-0.92,-0.928,-0.924,-0.952,0.924,-0.888,-0.884,-0.88,-0.92,0.924,0.936,0.92,0.92,0.92,0.924,0.912,0.948,1.048,1.036,-1.064,1.1,1.1,-0.896,-0.892,-0.936,0.932,0.94,-0.916,-0.944,-0.956,-0.944,-0.94,-0.932,-0.928,-0.94,0.916,0.924,0.928,0.916,0.92,-0.9,-0.896,1.1,1.104,1.1,-1.088,1.092,1.08,1.076,1.06,-1,1.008,1.008,1.008,0.98,-0.996,-0.976,-0.988,0.996,0.976,0.944,0.92,-0.936,-0.944,-0.94,-0.94,0.964,-0.996,-0.996,0.992,1.016,1.008,1.004,1,1.02,1.024,1.02,1.012,1.02,1.016,-1,-0.992,0.944,0.936,0.932,0.932,0.936,0.924,-0.952,0.956,0.936,0.936,0.92,0.904,-1.08,-1.068,-1.064,-1.08,-1.08,-1.052,-1.036,1.052,1.04,-0.964,0.944,0.904,0.896,-0.916,-0.92,-0.9,-0.888,0.916,0.908,-0.948,-0.948,-0.936,-0.928,-0.924,0.932,-0.952,-0.956,0.94,-0.948,-0.96,-0.96,-0.964,1.024,-1.024,1.016,1.028,1.036,1.072,1.068,1.068,1.064,0.988,0.996,-1.028,-1.004,0.988,-0.98,-0.972,-0.96,-0.952
-1.072,-1.096,-1.092,-1.088,0.912,0.924,0.928,-0.948,-0.944,-0.924,-0.932,-0.916,-0.924,-0.92,0.956,0.972,1.024,-1.04,-1.036,1.032,-1.088,-1.092,-1.092,1.1,1.08,-0.976,0.968,-0.992,-0.992,-1.06,-1.048,-1.06,-1.064,-1.068,-1.064,1.008,1.016,1.028,-1.044,-1.048,1.052,1.06,-1.064,-1.048,1.064,1.068,1.08,1.08,1.08,-1.08,-1.072,-1.072,-1.064,-1.04,-1.032,0.972,0.972,0.968,0.972,-0.968,0.92,-0.9,-0.904,-1.08,1.12,1.108,-1.096,-1.104,-1.076,-1.072,-1.084,-1.092,-1.088,-1.08,1.08,1.04,1.052,1.048,1.044,-0.932,-0.944,-0.948,1,1.004,1.008,1.012,1.032,-1.036,-1.036,-1.032,-1.04,-1.032,-1.024,-1.032,-1.036,-1.008,-0.976,-0.996,-1.008,1.024,1.04,1.044,1.044,-1.076,-1.072,-1.064,-1.08,1.076,1.076,-1.06,1.064,-1.036,0.96,-0.976,-0.996,0.964,0.956,0.968,-0.972,-0.98,-0.988,-1.004,-1.032,-1.06,1.092,1.08,1.072,1.076,1.048,-1.076,1.112,1.116,1.12,1.08,-1.076,-1.064,-1.08,-1.08,-1.08,-1.076,-1.088,-1.052,-0.952,-0.964,0.936,-0.9,-0.9,-0.896,1.108,1.064,-1.068,-1.06,1.084,1.056,1.044,1.056,1.06,1.068,1.072,1.06,-1.084,-1.076,0.928,0.916,0.92,-0.9,-0.896,-0.9,-0.896,-0.9,0.912,-0.908,-0.92,-0.924,-0.94,1,-0.992,-0.992,-0.992,-1.02,1.004,1.024,1.012,-1.004,-1.024,-1.056,-1.08,1.064,1.056,1.06,1.06,-1.036,1.004,1.004,-1.008,1.016,1.008,1.004,1,1.02,1.024,1.02,1.012,1.02,1.016,-1,-0.992,0.944,0.936,0.932,0.932,0.936,0.924,-0.952,0.956,-1.064,-1.064,-1.08,-1.096,-1.08,-1.068,-1.064,-1.08,-1.08,-1.052,-1.036,1.052,1.04,1.036,-1.056,-1.096,-1.104,1.084,1.08,1.1,1.112,-1.084,-1.092,1.052,1.052,1.064,1.072,1.076,-1.068,1.048,1.044,-1.06,1.052,1.04,1.04,1.036,1.024,-1.024,1.016,1.028,1.036,1.072,1.068,1.068,1.064,0.988,0.996,-1.028,-1.004,0.988,-0.98,-0.972,-0.96,-0.952
-1.072,-1.096,-1.092,-1.088,-1.088,-1.076,-1.072,1.052,1.056,1.076,1.068,1.084,1.076,1.08,-1.044,-1.028,-0.976,0.96,0.964,-0.968,-1.088,-1.092,-1.092,1.1,1.08,1.024,-1.032,1.008,1.008,0.94,0.952,0.94,0.936,0.932,0.936,-0.992,-0.984,1.028,-1.044,-1.048,1.052,1.06,-1.064,-1.048,1.064,1.068,1.08,1.08,1.08,-1.08,-1.072,-1.072,-1.064,-1.04,-1.032,-1.028,-1.028,-1.032,-1.028,1.032,-1.08,1.1,1.096,-1.08,1.12,1.108,-1.096,-1.104,-1.076,-1.072,-1.084,-1.092,-1.088,-1.08,1.08,1.04,1.052,1.048,1.044,1.068,1.056,1.052,-1,-0.996,-0.992,-0.988,-0.968,0.964,0.964,0.968,0.96,0.968,0.976,0.968,0.964,0.992,-0.976,-0.996,-1.008,1.024,1.04,1.044,1.044,-1.076,-1.072,-1.064,-1.08,1.076,1.076,-1.06,1.064,-1.036,-1.04,1.024,1.004,-1.036,-1.044,-1.032,1.028,1.02,-0.988,-1.004,-1.032,-1.06,1.092,1.08,1.072,1.076,1.048,-1.076,1.112,1.116,1.12,1.08,-1.076,-1.064,-1.08,-1.08,-1.08,-1.076,-1.088,-1.052,-0.952,-0.964,0.936,-0.9,-0.9,1.104,1.108,1.064,-1.068,-1.06,1.084,1.056,1.044,1.056,1.06,1.068,1.072,1.06,-1.084,-1.076,-1.072,-1.084,-1.08,1.1,1.104,1.1,1.104,1.1,-1.088,1.092,1.08,1.076,1.06,1,-0.992,-0.992,-0.992,-1.02,1.004,1.024,1.012,-1.004,-1.024,-1.056,-1.08,1.064,1.056,1.06,1.06,-1.036,-0.996,-0.996,0.992,-0.984,-0.992,-0.996,-1,-0.98,-0.976,-0.98,-0.988,-0.98,-0.984,1,1.008,-1.056,-1.064,-1.068,-1.068,-1.064,-1.076,1.048,-1.044,-1.064,-1.064,-1.08,-1.096,-1.08,-1.068,-1.064,-1.08,0.92,0.948,0.964,-0.948,-0.96,1.036,-1.056,-1.096,-1.104,1.084,1.08,1.1,1.112,-1.084,-1.092,1.052,1.052,1.064,1.072,1.076,-1.068,1.048,1.044,-1.06,1.052,1.04,1.04,1.036,1.024,-1.024,1.016,1.028,1.036,1.072,1.068,1.068,-0.936,-1.012,-1.004,0.972,0.996,-1.012,1.02,1.028,1.04,1.048
0.928,0.904,0.908,0.912,0.912,0.924,0.928,-0.948,-0.944,-0.924,-0.932,-0.916,-0.924,-0.92,0.956,-1.028,-0.976,0.96,0.964,-0.968,0.912,0.908,0.908,-0.9,-0.92,-0.976,0.968,-0.992,-0.992,-1.06,-1.048,-1.06,-1.064,-1.068,0.936,-0.992,-0.984,-0.972,0.956,0.952,-0.948,-0.94,0.936,0.952,-0.936,-0.932,-0.92,-0.92,-0.92,0.92,0.928,0.928,0.936,0.96,0.968,-1.028,-1.028,-1.032,-1.028,1.032,0.92,-0.9,-0.904,0.92,-0.88,-0.892,0.904,0.896,0.924,0.928,0.916,0.908,0.912,0.92,-0.92,1.04,1.052,1.048,1.044,1.068,1.056,1.052,-1,-0.996,-0.992,-0.988,-0.968,0.964,0.964,0.968,0.96,0.968,0.976,0.968,0.964,0.992,1.024,1.004,0.992,-0.976,-0.96,-0.956,-0.956,0.924,0.928,0.936,0.92,1.076,1.076,-1.06,1.064,-1.036,-1.04,1.024,1.004,-1.036,-1.044,-1.032,1.028,1.02,1.012,0.996,0.968,0.94,-0.908,-0.92,-0.928,-0.924,-0.952,0.924,-0.888,-0.884,-0.88,-0.92,0.924,-1.064,-1.08,-1.08,-1.08,-1.076,-1.088,-1.052,-0.952,-0.964,0.936,-0.9,-0.9,-0.896,-0.892,-0.936,0.932,0.94,-0.916,-0.944,-0.956,-0.944,-0.94,-0.932,-0.928,-0.94,0.916,0.924,0.928,0.916,0.92,-0.9,-0.896,-0.9,-0.896,-0.9,0.912,-0.908,-0.92,-0.924,-0.94,1,-0.992,-0.992,-0.992,-1.02,1.004,1.024,-0.988,0.996,0.976,0.944,0.92,-0.936,1.056,1.06,1.06,-1.036,1.004,1.004,-1.008,1.016,1.008,1.004,1,1.02,1.024,1.02,1.012,1.02,1.016,-1,-0.992,0.944,0.936,0.932,0.932,0.936,0.924,-0.952,0.956,0.936,0.936,0.92,0.904,0.92,0.932,0.936,0.92,0.92,0.948,0.964,-0.948,-0.96,1.036,-1.056,0.904,0.896,-0.916,-0.92,-0.9,-0.888,0.916,0.908,-0.948,-0.948,-0.936,-0.928,-0.924,0.932,-0.952,-0.956,0.94,-0.948,-0.96,-0.96,-0.964,-0.976,0.976,-0.984,-0.972,-0.964,-0.928,-0.932,-0.932,-0.936,-1.012,-1.004,0.972,-1.004,0.988,-0.98,-0.972,-0.96,-0.952
-1.072,-1.096,-1.092,-1.088,-1.088,-1.076,-1.072,1.052,1.056,1.076,1.068,1.084,1.076,1.08,-1.044,-1.028,-0.976,0.96,0.964,-0.968,0.912,0.908,0.908,1.1,1.08,1.024,-1.032,1.008,1.008,0.94,0.952,0.94,0.936,0.932,0.936,-0.992,-0.984,-0.972,0.956,0.952,-0.948,-0.94,-1.064,-1.048,1.064,1.068,1.08,1.08,1.08,-1.08,-1.072,-1.072,-1.064,-1.04,-1.032,0.972,0.972,0.968,0.972,-0.968,0.92,-0.9,-0.904,0.92,-0.88,-0.892,0.904,0.896,0.924,0.928,-1.084,-1.092,-1.088,-1.08,1.08,1.04,1.052,1.048,1.044,1.068,1.056,1.052,-1,-0.996,-0.992,-0.988,-0.968,0.964,0.964,0.968,0.96,0.968,0.976,0.968,0.964,-1.008,-0.976,-0.996,-1.008,1.024,1.04,1.044,1.044,-1.076,-1.072,-1.064,-1.08,1.076,1.076,-1.06,1.064,-1.036,0.96,-0.976,-0.996,0.964,0.956,0.968,-0.972,-0.98,-0.988,-1.004,-1.032,-1.06,1.092,1.08,1.072,1.076,1.048,-1.076,1.112,1.116,1.12,1.08,-1.076,0.936,0.92,0.92,0.92,0.924,0.912,0.948,1.048,1.036,-1.064,1.1,1.1,1.104,1.108,1.064,-1.068,-1.06,1.084,-0.944,-0.956,-0.944,-0.94,-0.932,-0.928,-0.94,0.916,0.924,0.928,0.916,0.92,-0.9,-0.896,-0.9,-0.896,-0.9,0.912,-0.908,-0.92,-0.924,-0.94,1,-0.992,-0.992,-0.992,-1.02,1.004,1.024,1.012,-1.004,-1.024,-1.056,-1.08,1.064,1.056,1.06,1.06,-1.036,1.004,1.004,-1.008,1.016,1.008,1.004,1,1.02,1.024,1.02,1.012,1.02,1.016,-1,-0.992,-1.056,-1.064,-1.068,-1.068,-1.064,-1.076,1.048,-1.044,-1.064,-1.064,-1.08,-1.096,0.92,0.932,0.936,0.92,0.92,0.948,0.964,-0.948,-0.96,1.036,-1.056,-1.096,-1.104,1.084,1.08,1.1,1.112,-1.084,-1.092,1.052,1.052,1.064,1.072,1.076,-1.068,1.048,1.044,-1.06,1.052,1.04,1.04,1.036,1.024,-1.024,1.016,1.028,1.036,1.072,1.068,1.068,1.064,-1.012,-1.004,0.972,0.996,-1.012,1.02,1.028,1.04,1.048
0.928,0.904,0.908,0.912,0.912,0.924,0.928,-0.948,-0.944,-0.924,-0.932,-0.916,-0.924,-0.92,0.956,0.972,1.024,-1.04,-1.036,1.032,0.912,0.908,0.908,-0.9,-0.92,-0.976,0.968,-0.992,-0.992,-1.06,-1.048,-1.06,-1.064,-1.068,-1.064,1.008,1.016,1.028,-1.044,-1.048,1.052,1.06,-1.064,-1.048,1.064,1.068,1.08,1.08,-0.92,0.92,0.928,0.928,0.936,-1.04,-1.032,0.972,0.972,0.968,0.972,-0.968,0.92,-0.9,-0.904,0.92,-0.88,-0.892,0.904,0.896,0.924,0.928,0.916,0.908,0.912,0.92,-0.92,-0.96,-0.948,-0.952,-0.956,1.068,1.056,1.052,-1,-0.996,-0.992,-0.988,-0.968,0.964,0.964,0.968,0.96,0.968,0.976,0.968,0.964,0.992,1.024,1.004,0.992,-0.976,-0.96,-0.956,-0.956,0.924,0.928,0.936,0.92,-0.924,-0.924,0.94,1.064,-1.036,-1.04,1.024,1.004,-1.036,-1.044,-1.032,1.028,1.02,1.012,0.996,0.968,0.94,-0.908,-0.92,-0.928,-0.924,-0.952,0.924,-0.888,-0.884,-0.88,-0.92,0.924,-1.064,-1.08,-1.08,-1.08,-1.076,-1.088,-1.052,-0.952,-0.964,0.936,-0.9,-0.9,-0.896,-0.892,-0.936,0.932,0.94,-0.916,-0.944,-0.956,-0.944,-0.94,-0.932,-0.928,-0.94,0.916,0.924,0.928,0.916,0.92,-0.9,-0.896,-0.9,-0.896,-0.9,0.912,-0.908,-0.92,-0.924,-0.94,1,-0.992,-0.992,-0.992,-1.02,-0.996,-0.976,-0.988,0.996,0.976,0.944,0.92,-0.936,-0.944,-0.94,-0.94,0.964,-0.996,-0.996,0.992,-0.984,-0.992,-0.996,-1,-0.98,-0.976,-0.98,-0.988,-0.98,-0.984,1,1.008,-1.056,-1.064,-1.068,-1.068,-1.064,-1.076,1.048,0.956,0.936,0.936,0.92,0.904,0.92,0.932,0.936,0.92,0.92,-1.052,-1.036,1.052,1.04,-0.964,0.944,0.904,0.896,-0.916,-0.92,-0.9,-0.888,0.916,0.908,-0.948,-0.948,-0.936,-0.928,-0.924,0.932,-0.952,-0.956,0.94,-0.948,-0.96,-0.96,-0.964,-0.976,0.976,-0.984,-0.972,-0.964,-0.928,-0.932,-0.932,-0.936,0.988,0.996,-1.028,-1.004,0.988,-0.98,-0.972,-0.96,-0.952
0.928,0.904,0.908,0.912,0.912,0.924,0.928,-0.948,-0.944,-0.924,-0.932,-0.916,-0.924,-0.92,0.956,0.972,1.024,-1.04,-1.036,1.032,0.912,0.908,0.908,-0.9,-0.92,-0.976,0.968,-0.992,-0.992,0.94,0.952,0.94,0.936,0.932,0.936,-0.992,-0.984,-0.972,0.956,0.952,-0.948,-0.94,0.936,0.952,-0.936,-0.932,-0.92,-0.92,-0.92,0.92,0.928,0.928,0.936,0.96,0.968,-1.028,-1.028,-1.032,-1.028,1.032,-1.08,-0.9,-0.904,0.92,-0.88,-0.892,0.904,0.896,0.924,0.928,0.916,0.908,0.912,0.92,-0.92,-0.96,-0.948,-0.952,-0.956,-0.932,-0.944,-0.948,-1,-0.996,-0.992,-0.988,-0.968,0.964,0.964,0.968,0.96,0.968,0.976,0.968,0.964,0.992,1.024,1.004,0.992,-0.976,-0.96,-0.956,-0.956,0.924,0.928,0.936,0.92,-0.924,-0.924,0.94,-0.936,0.964,0.96,-0.976,-0.996,0.964,0.956,0.968,-0.972,-0.98,1.012,0.996,0.968,0.94,-0.908,-0.92,-0.928,-0.924,-0.952,0.924,-0.888,-0.884,-0.88,-0.92,0.924,-1.064,-1.08,-1.08,-1.08,-1.076,-1.088,-1.052,-0.952,-0.964,0.936,-0.9,-0.9,-0.896,-0.892,-0.936,0.932,0.94,-0.916,-0.944,-0.956,-0.944,-0.94,-0.932,-0.928,-0.94,0.916,0.924,0.928,0.916,0.92,-0.9,-0.896,-0.9,-0.896,-0.9,0.912,-0.908,-0.92,-0.924,-0.94,1,-0.992,-0.992,-0.992,0.98,-0.996,-0.976,-0.988,0.996,0.976,0.944,0.92,-0.936,-0.944,-0.94,-0.94,0.964,-0.996,-0.996,0.992,-0.984,-0.992,-0.996,-1,-0.98,-0.976,-0.98,-0.988,-0.98,-0.984,1,1.008,-1.056,-1.064,-1.068,-1.068,-1.064,-1.076,-0.952,0.956,0.936,0.936,0.92,0.904,0.92,0.932,0.936,0.92,0.92,0.948,0.964,-0.948,-0.96,-0.964,0.944,0.904,0.896,-0.916,-0.92,-0.9,-0.888,0.916,0.908,-0.948,-0.948,-0.936,-0.928,-0.924,0.932,-0.952,-0.956,0.94,-0.948,-0.96,-0.96,-0.964,-0.976,0.976,-0.984,-0.972,-0.964,-0.928,-0.932,-0.932,-0.936,-1.012,-1.004,0.972,-1.004,0.988,-0.98,-0.972,-0.96,-0.952
0.928,0.904,0.908,0.912,0.912,0.924,0.928,-0.948,-0.944,-0.924,-0.932,-0.916,-0.924,-0.92,0.956,0.972,1.024,-1.04,-1.036,1.032,0.912,0.908,0.908,-0.9,-0.92,-0.976,0.968,1.008,1.008,0.94,0.952,0.94,0.936,0.932,0.936,-0.992,-0.984,-0.972,0.956,0.952,-0.948,-0.94,0.936,0.952,-0.936,-0.932,-0.92,-0.92,-0.92,0.92,0.928,0.928,0.936,0.96,0.968,-1.028,-1.028,-1.032,-1.028,1.032,-1.08,1.1,-0.904,0.92,-0.88,-0.892,0.904,0.896,0.924,0.928,0.916,0.908,0.912,0.92,-0.92,-0.96,-0.948,-0.952,-0.956,-0.932,-0.944,-0.948,1,1.004,1.008,1.012,1.032,-1.036,-1.036,-1.032,-1.04,-1.032,-1.024,-1.032,-1.036,-1.008,-0.976,-0.996,-1.008,1.024,1.04,1.044,1.044,-1.076,-1.072,-1.064,0.92,-0.924,-0.924,0.94,-0.936,0.964,0.96,-0.976,-0.996,0.964,0.956,0.968,1.028,1.02,1.012,0.996,0.968,0.94,-0.908,-0.92,-0.928,-0.924,-0.952,0.924,-0.888,-0.884,-0.88,-0.92,0.924,0.936,0.92,0.92,0.92,0.924,0.912,0.948,-0.952,-0.964,0.936,-0.9,-0.9,-0.896,-0.892,-0.936,0.932,0.94,-0.916,-0.944,-0.956,-0.944,-0.94,-0.932,-0.928,-0.94,0.916,0.924,0.928,0.916,0.92,-0.9,-0.896,-0.9,-0.896,-0.9,0.912,-0.908,-0.92,-0.924,-0.94,1,-0.992,-0.992,-0.992,-1.02,1.004,-0.976,-0.988,0.996,0.976,0.944,0.92,-0.936,-0.944,-0.94,-0.94,0.964,-0.996,-0.996,0.992,-0.984,-0.992,-0.996,1,1.02,1.024,1.02,1.012,1.02,1.016,-1,-0.992,0.944,0.936,0.932,0.932,0.936,0.924,-0.952,0.956,0.936,0.936,0.92,0.904,0.92,0.932,0.936,0.92,0.92,-1.052,-1.036,1.052,1.04,-0.964,0.944,0.904,0.896,-0.916,-0.92,-0.9,-0.888,0.916,0.908,-0.948,-0.948,-0.936,-0.928,-0.924,0.932,-0.952,-0.956,0.94,-0.948,-0.96,-0.96,-0.964,-0.976,0.976,-0.984,-0.972,-0.964,-0.928,-0.932,-0.932,-0.936,-1.012,-1.004,0.972,0.996,-1.012,-0.98,-0.972,-0.96,-0.952
0.928,0.904,0.908,0.912,0.912,0.924,0.928,-0.948,-0.944,-0.924,-0.932,-0.916,-0.924,-0.92,-1.044,-1.028,-0.976,0.96,0.964,-0.968,0.912,0.908,0.908,-0.9,-0.92,-0.976,0.968,-0.992,-0.992,0.94,0.952,0.94,0.936,0.932,0.936,-0.992,-0.984,-0.972,0.956,0.952,-0.948,-0.94,0.936,0.952,-0.936,-0.932,-0.92,-0.92,-0.92,0.92,0.928,0.928,0.936,0.96,0.968,0.972,0.972,0.968,0.972,-0.968,0.92,-0.9,-0.904,0.92,-0.88,-0.892,0.904,0.896,0.924,0.928,0.916,0.908,0.912,0.92,-0.92,-0.96,-0.948,-0.952,-0.956,-0.932,-0.944,-0.948,1,1.004,1.008,1.012,1.032,-1.036,-1.036,-1.032,-1.04,-1.032,-1.024,-1.032,-1.036,0.992,1.024,1.004,0.992,-0.976,-0.96,-0.956,-0.956,0.924,0.928,0.936,0.92,-0.924,-0.924,0.94,-0.936,0.964,0.96,-0.976,-0.996,0.964,0.956,0.968,-0.972,-0.98,-0.988,-1.004,-1.032,-1.06,-0.908,-0.92,-0.928,-0.924,-0.952,0.924,-0.888,-0.884,-0.88,-0.92,0.924,0.936,0.92,0.92,0.92,0.924,0.912,0.948,-0.952,-0.964,0.936,-0.9,-0.9,-0.896,-0.892,-0.936,0.932,0.94,-0.916,1.056,1.044,1.056,1.06,1.068,1.072,1.06,-1.084,-1.076,-1.072,-1.084,-1.08,1.1,1.104,1.1,1.104,1.1,-1.088,1.092,1.08,1.076,1.06,-1,1.008,1.008,1.008,0.98,-0.996,-0.976,-0.988,0.996,0.976,0.944,0.92,-0.936,-0.944,-0.94,-0.94,0.964,-0.996,-0.996,0.992,-0.984,-0.992,-0.996,-1,-0.98,-0.976,-0.98,-0.988,-0.98,-0.984,1,1.008,-1.056,-1.064,-1.068,-1.068,-1.064,-1.076,1.048,-1.044,-1.064,-1.064,0.92,0.904,0.92,0.932,0.936,0.92,0.92,0.948,0.964,-0.948,-0.96,-0.964,0.944,0.904,0.896,-0.916,-0.92,-0.9,-0.888,0.916,0.908,-0.948,-0.948,-0.936,-0.928,-0.924,0.932,-0.952,-0.956,0.94,-0.948,-0.96,-0.96,-0.964,-0.976,0.976,-0.984,-0.972,-0.964,-0.928,-0.932,-0.932,-0.936,-1.012,-1.004,0.972,-1.004,0.988,-0.98,-0.972,-0.96,-0.952
0.928,0.904,0.908,0.912,0.912,0.924,-1.072,1.052,1.056,1.076,1.068,1.084,1.076,1.08,-1.044,-1.028,-0.976,0.96,0.964,-0.968,0.912,0.908,0.908,-0.9,-0.92,-0.976,0.968,-0.992,-0.992,-1.06,-1.048,-1.06,-1.064,-1.068,-1.064,1.008,1.016,1.028,-1.044,-1.048,1.052,1.06,-1.064,-1.048,1.064,1.068,-0.92,-0.92,-0.92,0.92,0.928,0.928,0.936,0.96,0.968,-1.028,-1.028,-1.032,-1.028,1.032,-1.08,1.1,1.096,-1.08,1.12,-0.892,0.904,0.896,0.924,0.928,0.916,0.908,0.912,0.92,-0.92,1.04,1.052,1.048,1.044,1.068,1.056,1.052,-1,-0.996,-0.992,-0.988,-0.968,0.964,0.964,0.968,0.96,0.968,0.976,0.968,0.964,0.992,1.024,1.004,0.992,-0.976,-0.96,-0.956,-0.956,0.924,0.928,0.936,0.92,-0.924,-0.924,0.94,-0.936,0.964,0.96,1.024,1.004,-1.036,-1.044,-1.032,1.028,1.02,1.012,0.996,0.968,0.94,-0.908,-0.92,-0.928,-0.924,-0.952,0.924,-0.888,-0.884,-0.88,-0.92,0.924,0.936,0.92,0.92,0.92,0.924,0.912,-1.052,-0.952,-0.964,0.936,-0.9,-0.9,-0.896,-0.892,-0.936,0.932,0.94,-0.916,-0.944,-0.956,-0.944,-0.94,-0.932,-0.928,-0.94,0.916,0.924,0.928,0.916,0.92,-0.9,-0.896,-0.9,-0.896,-0.9,0.912,-0.908,-0.92,-0.924,-0.94,1,-0.992,-0.992,-0.992,-1.02,-0.996,-0.976,-0.988,0.996,0.976,0.944,0.92,-0.936,-0.944,-0.94,-0.94,0.964,-0.996,-0.996,0.992,-0.984,-0.992,-0.996,-1,-0.98,-0.976,-0.98,-0.988,-0.98,-0.984,1,1.008,0.944,0.936,0.932,0.932,0.936,0.924,-0.952,0.956,0.936,0.936,0.92,0.904,0.92,0.932,0.936,0.92,0.92,0.948,-1.036,1.052,1.04,-0.964,0.944,0.904,0.896,-0.916,-0.92,-0.9,-0.888,0.916,0.908,-0.948,-0.948,-0.936,-0.928,1.076,-1.068,1.048,1.044,-1.06,1.052,1.04,1.04,1.036,1.024,-1.024,1.016,1.028,1.036,1.072,1.068,1.068,1.064,0.988,0.996,-1.028,-1.004,0.988,-0.98,-0.972,-0.96,-0.952
-1.072,-1.096,-1.092,-1.088,-1.088,-1.076,-1.072,1.052,1.056,1.076,1.068,1.084,1.076,1.08,-1.044,-1.028,-0.976,0.96,0.964,-0.968,0.912,0.908,0.908,-0.9,-0.92,-0.976,-1.032,1.008,1.008,0.94,0.952,0.94,0.936,0.932,0.936,-0.992,-0.984,-0.972,0.956,0.952,-0.948,-0.94,0.936,0.952,-0.936,-0.932,-0.92,-0.92,-0.92,0.92,0.928,0.928,0.936,0.96,0.968,-1.028,-1.028,-1.032,-1.028,1.032,0.92,-0.9,-0.904,0.92,-0.88,-0.892,0.904,0.896,0.924,0.928,0.916,0.908,0.912,0.92,-0.92,-0.96,-0.948,-0.952,-0.956,-0.932,-0.944,-0.948,1,1.004,1.008,1.012,1.032,-1.036,-1.036,-1.032,-1.04,-1.032,-1.024,-1.032,-1.036,0.992,1.024,1.004,0.992,-0.976,-0.96,-0.956,-0.956,0.924,0.928,0.936,0.92,-0.924,-0.924,0.94,-0.936,0.964,0.96,-0.976,-0.996,0.964,0.956,0.968,-0.972,-0.98,-0.988,-1.004,0.968,0.94,-0.908,-0.92,-0.928,-0.924,-0.952,0.924,-0.888,-0.884,-0.88,-0.92,0.924,0.936,0.92,0.92,0.92,0.924,0.912,0.948,-0.952,-0.964,0.936,-0.9,-0.9,-0.896,-0.892,-0.936,0.932,0.94,-0.916,-0.944,-0.956,-0.944,-0.94,-0.932,-0.928,-0.94,0.916,0.924,0.928,0.916,0.92,-0.9,-0.896,-0.9,-0.896,-0.9,0.912,1.092,1.08,1.076,1.06,-1,1.008,1.008,1.008,0.98,-0.996,-0.976,-0.988,0.996,0.976,0.944,0.92,-0.936,-0.944,-0.94,-0.94,0.964,-0.996,-0.996,0.992,-0.984,-0.992,-0.996,-1,-0.98,-0.976,-0.98,-0.988,-0.98,-0.984,1,1.008,-1.056,-1.064,-1.068,-1.068,-1.064,-1.076,-0.952,0.956,0.936,0.936,0.92,0.904,-1.08,-1.068,-1.064,-1.08,-1.08,-1.052,-1.036,1.052,1.04,-0.964,0.944,0.904,0.896,-0.916,-0.92,-0.9,-0.888,0.916,0.908,-0.948,-0.948,-0.936,-0.928,1.076,-1.068,1.048,1.044,-1.06,1.052,1.04,1.04,1.036,1.024,-1.024,1.016,1.028,1.036,1.072,1.068,1.068,1.064,0.988,0.996,-1.028,-1.004,0.988,-0.98,-0.972,-0.96,-0.952
0.928,0.904,0.908,0.912,0.912,0.924,0.928,-0.948,-0.944,-0.924,-0.932,-0.916,-0.924,-0.92,0.956,0.972,1.024,-1.04,-1.036,1.032,0.912,0.908,0.908,-0.9,-0.92,-0.976,0.968,1.008,1.008,0.94,0.952,0.94,0.936,0.932,0.936,-0.992,-0.984,-0.972,0.956,0.952,-0.948,-0.94,0.936,0.952,-0.936,-0.932,-0.92,-0.92,-0.92,0.92,0.928,0.928,0.936,0.96,0.968,-1.028,-1.028,-1.032,-1.028,1.032,-1.08,1.1,1.096,-1.08,-0.88,-0.892,0.904,0.896,0.924,0.928,0.916,0.908,0.912,0.92,-0.92,-0.96,-0.948,-0.952,-0.956,-0.932,-0.944,-0.948,1,1.004,1.008,1.012,1.032,-1.036,-1.036,-1.032,-1.04,-1.032,-1.024,-1.032,-1.036,0.992,1.024,1.004,0.992,-0.976,-0.96,-0.956,-0.956,0.924,0.928,0.936,0.92,-0.924,-0.924,0.94,-0.936,0.964,0.96,-0.976,-0.996,0.964,0.956,0.968,-0.972,-0.98,-0.988,-1.004,-1.032,-1.06,1.092,1.08,1.072,1.076,1.048,-1.076,-0.888,-0.884,-0.88,-0.92,0.924,0.936,0.92,0.92,0.92,0.924,0.912,0.948,-0.952,-0.964,0.936,-0.9,-0.9,-0.896,-0.892,-0.936,0.932,0.94,-0.916,-0.944,-0.956,-0.944,-0.94,-0.932,-0.928,-0.94,0.916,0.924,0.928,0.916,0.92,-0.9,-0.896,-0.9,-0.896,-0.9,0.912,-0.908,-0.92,1.076,1.06,-1,1.008,1.008,1.008,0.98,-0.996,-0.976,-0.988,0.996,0.976,0.944,0.92,-0.936,-0.944,-0.94,-0.94,-1.036,1.004,1.004,-1.008,1.016,1.008,1.004,1,1.02,1.024,1.02,1.012,1.02,1.016,-1,-0.992,0.944,0.936,0.932,0.932,0.936,0.924,-0.952,0.956,0.936,0.936,0.92,0.904,0.92,0.932,0.936,0.92,0.92,0.948,0.964,-0.948,-0.96,-0.964,0.944,0.904,0.896,-0.916,-0.92,-0.9,-0.888,0.916,0.908,-0.948,-0.948,-0.936,-0.928,-0.924,0.932,-0.952,-0.956,0.94,-0.948,-0.96,-0.96,-0.964,-0.976,0.976,-0.984,-0.972,-0.964,-0.928,-0.932,-0.932,-0.936,0.988,0.996,-1.028,-1.004,0.988,-0.98,-0.972,-0.96,-0.952
-1.072,-1.096,-1.092,-1.088,-1.088,-1.076,-1.072,1.052,1.056,1.076,1.068,1.084,1.076,1.08,-1.044,-1.028,-0.976,0.96,0.964,-0.968,0.912,0.908,0.908,-0.9,-0.92,-0.976,0.968,-0.992,-0.992,0.94,0.952,0.94,0.936,0.932,0.936,-0.992,-0.984,-0.972,0.956,0.952,-0.948,-0.94,0.936,0.952,-0.936,-0.932,-0.92,-0.92,-0.92,0.92,0.928,0.928,0.936,0.96,0.968,-1.028,-1.028,-1.032,-1.028,1.032,-1.08,-0.9,-0.904,0.92,-0.88,-0.892,0.904,0.896,0.924,0.928,0.916,0.908,0.912,0.92,-0.92,-0.96,-0.948,-0.952,-0.956,-0.932,-0.944,1.052,-1,-0.996,-0.992,-0.988,-0.968,0.964,0.964,0.968,0.96,0.968,0.976,0.968,0.964,0.992,1.024,1.004,0.992,-0.976,-0.96,-0.956,-0.956,0.924,0.928,0.936,0.92,-0.924,-0.924,0.94,-0.936,0.964,0.96,-0.976,-0.996,0.964,0.956,-1.032,1.028,1.02,1.012,0.996,0.968,0.94,-0.908,-0.92,-0.928,-0.924,-0.952,0.924,-0.888,-0.884,-0.88,-0.92,0.924,0.936,0.92,0.92,0.92,0.924,0.912,0.948,1.048,1.036,-1.064,1.1,1.1,1.104,-0.892,-0.936,0.932,0.94,-0.916,-0.944,-0.956,-0.944,-0.94,-0.932,-0.928,-0.94,0.916,0.924,0.928,0.916,0.92,-0.9,-0.896,-0.9,-0.896,-0.9,0.912,-0.908,-0.92,-0.924,-0.94,1,-0.992,-0.992,1.008,0.98,-0.996,-0.976,-0.988,0.996,0.976,0.944,0.92,-0.936,-0.944,-0.94,-0.94,0.964,1.004,1.004,-1.008,1.016,1.008,1.004,1,1.02,1.024,1.02,1.012,1.02,1.016,-1,-0.992,0.944,0.936,0.932,0.932,0.936,0.924,-0.952,0.956,0.936,0.936,0.92,0.904,0.92,0.932,0.936,0.92,0.92,0.948,0.964,-0.948,-0.96,-0.964,0.944,0.904,0.896,-0.916,-0.92,-0.9,-0.888,0.916,0.908,-0.948,-0.948,-0.936,-0.928,-0.924,0.932,-0.952,-0.956,-1.06,1.052,1.04,1.04,1.036,1.024,-1.024,1.016,1.028,1.036,1.072,1.068,1.068,1.064,0.988,0.996,-1.028,-1.004,0.988,-0.98,-0.972,-0.96,-0.952
0.928,0.904,0.908,-1.088,-1.088,-1.076,-1.072,1.052,1.056,1.076,1.068,1.084,1.076,1.08,-1.044,-1.028,-0.976,0.96,0.964,-0.968,0.912,0.908,0.908,-0.9,-0.92,-0.976,0.968,-0.992,-0.992,-1.06,-1.048,-1.06,-1.064,-1.068,-1.064,1.008,1.016,1.028,0.956,0.952,-0.948,-0.94,0.936,0.952,-0.936,-0.932,-0.92,-0.92,-0.92,0.92,0.928,0.928,0.936,0.96,0.968,-1.028,-1.028,-1.032,-1.028,1.032,-1.08,1.1,1.096,-1.08,1.12,1.108,-1.096,0.896,0.924,0.928,0.916,0.908,0.912,0.92,-0.92,-0.96,-0.948,-0.952,-0.956,-0.932,-0.944,-0.948,1,1.004,1.008,1.012,1.032,-1.036,-1.036,-1.032,-1.04,-1.032,-1.024,-1.032,-1.036,-1.008,-0.976,-0.996,-1.008,1.024,1.04,1.044,1.044,0.924,0.928,0.936,0.92,-0.924,-0.924,0.94,-0.936,0.964,0.96,-0.976,-0.996,0.964,0.956,0.968,-0.972,-0.98,-0.988,-1.004,-1.032,0.94,-0.908,-0.92,-0.928,-0.924,-0.952,0.924,-0.888,-0.884,-0.88,-0.92,0.924,-1.064,-1.08,-1.08,-1.08,-1.076,-1.088,-1.052,-0.952,-0.964,0.936,-0.9,-0.9,-0.896,-0.892,-0.936,0.932,0.94,-0.916,-0.944,-0.956,-0.944,-0.94,-0.932,-0.928,-0.94,0.916,0.924,0.928,0.916,0.92,-0.9,-0.896,-0.9,-0.896,-0.9,0.912,-0.908,-0.92,-0.924,-0.94,1,-0.992,-0.992,-0.992,-1.02,1.004,1.024,1.012,-1.004,0.976,0.944,0.92,-0.936,-0.944,-0.94,-0.94,0.964,1.004,1.004,-1.008,1.016,1.008,1.004,1,1.02,1.024,1.02,1.012,1.02,1.016,-1,-0.992,0.944,0.936,0.932,0.932,0.936,0.924,-0.952,0.956,0.936,0.936,0.92,0.904,0.92,0.932,0.936,0.92,0.92,0.948,0.964,-0.948,-0.96,1.036,-1.056,-1.096,-1.104,1.084,1.08,1.1,1.112,-1.084,-1.092,-0.948,-0.948,-0.936,-0.928,-0.924,0.932,-0.952,-0.956,0.94,-0.948,-0.96,-0.96,-0.964,-0.976,0.976,-0.984,-0.972,-0.964,-0.928,-0.932,-0.932,-0.936,-1.012,-1.004,0.972,0.996,-1.012,-0.98,-0.972,-0.96,-0.952
0.928,0.904,0.908,0.912,0.912,0.924,0.928,-0.948,-0.944,-0.924,-0.932,-0.916,-0.924,-0.92,0.956,0.972,-0.976,0.96,0.964,-0.968,0.912,0.908,0.908,-0.9,-0.92,-0.976,0.968,-0.992,-0.992,-1.06,-1.048,-1.06,-1.064,-1.068,-1.064,-0.992,-0.984,-0.972,0.956,0.952,-0.948,-0.94,0.936,0.952,-0.936,-0.932,-0.92,-0.92,-0.92,0.92,0.928,0.928,0.936,0.96,0.968,-1.028,-1.028,-1.032,-1.028,1.032,-1.08,-0.9,-0.904,0.92,-0.88,-0.892,0.904,0.896,0.924,0.928,0.916,0.908,0.912,0.92,-0.92,-0.96,-0.948,-0.952,-0.956,-0.932,-0.944,-0.948,1,1.004,1.008,1.012,1.032,-1.036,-1.036,-1.032,-1.04,-1.032,-1.024,-1.032,-1.036,-1.008,1.024,1.004,0.992,-0.976,-0.96,-0.956,-0.956,0.924,0.928,0.936,0.92,-0.924,-0.924,0.94,-0.936,0.964,-1.04,1.024,1.004,-1.036,-1.044,-1.032,1.028,1.02,1.012,0.996,0.968,0.94,-0.908,-0.92,-0.928,-0.924,-0.952,0.924,-0.888,-0.884,-0.88,-0.92,0.924,0.936,0.92,0.92,0.92,0.924,0.912,0.948,1.048,1.036,-1.064,1.1,1.1,-0.896,-0.892,-0.936,0.932,0.94,-0.916,-0.944,-0.956,-0.944,-0.94,-0.932,-0.928,-0.94,0.916,0.924,0.928,0.916,0.92,-0.9,-0.896,-0.9,-0.896,-0.9,0.912,-0.908,-0.92,-0.924,-0.94,1,-0.992,-0.992,-0.992,-1.02,-0.996,-0.976,-0.988,0.996,0.976,0.944,0.92,-0.936,-0.944,-0.94,-0.94,0.964,-0.996,-0.996,0.992,-0.984,-0.992,-0.996,-1,-0.98,-0.976,-0.98,-0.988,-0.98,-0.984,1,1.008,0.944,0.936,0.932,0.932,0.936,0.924,-0.952,0.956,0.936,0.936,0.92,0.904,0.92,0.932,0.936,0.92,0.92,0.948,0.964,-0.948,-0.96,-0.964,0.944,0.904,0.896,-0.916,-0.92,-0.9,-0.888,0.916,0.908,-0.948,-0.948,-0.936,-0.928,-0.924,0.932,-0.952,-0.956,0.94,-0.948,-0.96,-0.96,-0.964,-0.976,0.976,-0.984,-0.972,-0.964,-0.928,-0.932,-0.932,-0.936,-1.012,-1.004,0.972,0.996,-1.012,1.02,1.028,1.04,1.048
-1.072,-1.096,-1.092,-1.088,-1.088,-1.076,-1.072,1.052,1.056,1.076,1.068,1.084,1.076,1.08,0.956,0.972,1.024,-1.04,-1.036,1.032,-1.088,-1.092,-1.092,1.1,1.08,1.024,-1.032,1.008,1.008,-1.06,-1.048,-1.06,-1.064,-1.068,-1.064,1.008,1.016,1.028,-1.044,-1.048,1.052,1.06,-1.064,-1.048,1.064,1.068,1.08,1.08,1.08,-1.08,-1.072,-1.072,-1.064,-1.04,-1.032,0.972,0.972,0.968,0.972,-0.968,0.92,1.1,1.096,-1.08,1.12,1.108,-1.096,-1.104,-1.076,-1.072,-1.084,-1.092,-1.088,-1.08,1.08,1.04,1.052,1.048,1.044,1.068,1.056,1.052,-1,-0.996,-0.992,-0.988,-0.968,0.964,0.964,0.968,0.96,0.968,0.976,0.968,0.964,0.992,-0.976,-0.996,-1.008,1.024,1.04,1.044,1.044,-1.076,-1.072,-1.064,-1.08,1.076,1.076,-1.06,1.064,-1.036,-1.04,1.024,1.004,-1.036,-1.044,-1.032,1.028,1.02,1.012,0.996,0.968,0.94,1.092,1.08,1.072,1.076,1.048,-1.076,1.112,1.116,1.12,1.08,-1.076,-1.064,-1.08,-1.08,-1.08,-1.076,-1.088,0.948,1.048,1.036,-1.064,1.1,1.1,1.104,1.108,1.064,-1.068,-1.06,1.084,1.056,1.044,1.056,1.06,1.068,1.072,1.06,-1.084,-1.076,-1.072,-1.084,-1.08,1.1,1.104,1.1,1.104,1.1,-1.088,1.092,1.08,1.076,1.06,-1,1.008,1.008,1.008,0.98,1.004,1.024,1.012,-1.004,-1.024,-1.056,-1.08,1.064,1.056,1.06,1.06,-1.036,1.004,1.004,-1.008,1.016,1.008,1.004,1,1.02,1.024,1.02,1.012,1.02,1.016,-1,-0.992,0.944,0.936,0.932,0.932,0.936,-1.076,1.048,-1.044,-1.064,-1.064,-1.08,-1.096,-1.08,-1.068,-1.064,-1.08,-1.08,-1.052,0.964,-0.948,-0.96,1.036,-1.056,-1.096,-1.104,1.084,1.08,1.1,1.112,-1.084,-1.092,1.052,1.052,1.064,1.072,1.076,-1.068,1.048,1.044,-1.06,1.052,1.04,1.04,1.036,1.024,-1.024,1.016,1.028,1.036,1.072,1.068,1.068,1.064,0.988,0.996,-1.028,-1.004,0.988,1.02,1.028,1.04,1.048
-1.072,-1.096,-1.092,-1.088,-1.088,-1.076,-1.072,1.052,1.056,1.076,1.068,1.084,1.076,1.08,-1.044,-1.028,-0.976,0.96,0.964,-0.968,-1.088,-1.092,-1.092,1.1,1.08,-0.976,0.968,-0.992,-0.992,-1.06,-1.048,-1.06,-1.064,-1.068,-1.064,1.008,1.016,1.028,-1.044,-1.048,1.052,1.06,-1.064,-1.048,1.064,1.068,1.08,1.08,1.08,-1.08,-1.072,-1.072,-1.064,-1.04,-1.032,-1.028,-1.028,-1.032,-1.028,1.032,-1.08,1.1,1.096,-1.08,1.12,1.108,-1.096,-1.104,-1.076,-1.072,-1.084,-1.092,-1.088,-1.08,1.08,1.04,1.052,1.048,1.044,1.068,1.056,1.052,-1,-0.996,-0.992,-0.988,-0.968,0.964,0.964,0.968,0.96,0.968,0.976,0.968,-1.036,-1.008,-0.976,-0.996,-1.008,1.024,1.04,1.044,1.044,-1.076,-1.072,-1.064,-1.08,1.076,1.076,-1.06,1.064,-1.036,-1.04,1.024,1.004,-1.036,-1.044,-1.032,1.028,1.02,1.012,0.996,0.968,0.94,-0.908,-0.92,-0.928,-0.924,-0.952,0.924,1.112,1.116,1.12,1.08,-1.076,-1.064,-1.08,-1.08,-1.08,-1.076,-1.088,-1.052,1.048,1.036,-1.064,1.1,1.1,1.104,1.108,1.064,-1.068,-1.06,1.084,1.056,1.044,1.056,1.06,1.068,1.072,1.06,-1.084,-1.076,-1.072,-1.084,-1.08,1.1,1.104,1.1,1.104,1.1,0.912,-0.908,-0.92,-0.924,-0.94,1,-0.992,-0.992,-0.992,-1.02,1.004,1.024,1.012,-1.004,-1.024,-1.056,-1.08,1.064,1.056,1.06,1.06,-1.036,1.004,1.004,-1.008,1.016,1.008,1.004,1,1.02,1.024,1.02,1.012,1.02,1.016,-1,-0.992,0.944,0.936,0.932,0.932,0.936,0.924,-0.952,0.956,0.936,0.936,-1.08,-1.096,-1.08,-1.068,-1.064,-1.08,-1.08,0.948,0.964,-0.948,-0.96,1.036,-1.056,-1.096,-1.104,1.084,1.08,1.1,1.112,-1.084,-1.092,-0.948,-0.948,-0.936,-0.928,-0.924,0.932,-0.952,-0.956,0.94,-0.948,-0.96,-0.96,-0.964,-0.976,0.976,-0.984,-0.972,-0.964,-0.928,-0.932,-0.932,-0.936,-1.012,-1.004,0.972,0.996,-1.012,1.02,1.028,1.04,1.048
-1.072,-1.096,-1.092,-1.088,-1.088,-1.076,-1.072,1.052,1.056,1.076,1.068,1.084,1.076,1.08,-1.044,-1.028,-0.976,-1.04,-1.036,1.032,-1.088,-1.092,-1.092,1.1,1.08,1.024,0.968,-0.992,-0.992,-1.06,-1.048,-1.06,-1.064,-1.068,-1.064,1.008,1.016,1.028,-1.044,-1.048,1.052,1.06,-1.064,-1.048,1.064,1.068,1.08,1.08,1.08,-1.08,-1.072,-1.072,-1.064,-1.04,-1.032,0.972,0.972,0.968,0.972,-0.968,-1.08,1.1,1.096,-1.08,1.12,1.108,-1.096,-1.104,-1.076,-1.072,-1.084,-1.092,-1.088,-1.08,1.08,1.04,1.052,1.048,1.044,1.068,1.056,1.052,-1,-0.996,-0.992,-0.988,-0.968,0.964,0.964,0.968,0.96,0.968,0.976,0.968,0.964,-1.008,-0.976,-0.996,-1.008,1.024,1.04,1.044,1.044,-1.076,-1.072,-1.064,-1.08,1.076,-0.924,0.94,-0.936,0.964,0.96,-0.976,-0.996,0.964,0.956,0.968,-0.972,-0.98,-0.988,-1.004,-1.032,-1.06,1.092,1.08,1.072,1.076,1.048,-1.076,1.112,1.116,1.12,1.08,-1.076,-1.064,-1.08,-1.08,-1.08,-1.076,-1.088,-1.052,-0.952,-0.964,0.936,-0.9,-0.9,-0.896,-0.892,1.064,-1.068,-1.06,1.084,1.056,1.044,1.056,1.06,1.068,1.072,1.06,-1.084,-1.076,-1.072,-1.084,-1.08,1.1,1.104,1.1,1.104,1.1,-1.088,1.092,1.08,1.076,1.06,-1,1.008,-0.992,-0.992,-1.02,1.004,1.024,1.012,-1.004,-1.024,-1.056,-1.08,1.064,1.056,1.06,1.06,-1.036,-0.996,-0.996,0.992,-0.984,-0.992,-0.996,-1,-0.98,-0.976,-0.98,-0.988,-0.98,-0.984,1,1.008,-1.056,-1.064,-1.068,-1.068,-1.064,-1.076,1.048,-1.044,-1.064,-1.064,-1.08,-1.096,-1.08,-1.068,-1.064,-1.08,-1.08,0.948,0.964,-0.948,-0.96,1.036,-1.056,-1.096,-1.104,1.084,1.08,1.1,1.112,-1.084,-1.092,1.052,1.052,1.064,1.072,1.076,-1.068,1.048,1.044,-1.06,1.052,1.04,1.04,1.036,1.024,-1.024,1.016,1.028,1.036,-0.928,-0.932,-0.932,-0.936,-1.012,-1.004,0.972,0.996,-1.012,1.02,1.028,1.04,1.048
0.928,0.904,0.908,0.912,0.912,0.924,0.928,-0.948,-0.944,-0.924,-0.932,-0.916,-0.924,-0.92,0.956,0.972,-0.976,0.96,0.964,-0.968,0.912,0.908,0.908,-0.9,-0.92,-0.976,0.968,-0.992,-0.992,-1.06,-1.048,0.94,0.936,0.932,0.936,-0.992,-0.984,-0.972,0.956,0.952,-0.948,-0.94,0.936,0.952,-0.936,-0.932,-0.92,-0.92,-0.92,0.92,0.928,0.928,0.936,0.96,0.968,-1.028,-1.028,-1.032,-1.028,1.032,-1.08,1.1,1.096,-1.08,-0.88,-0.892,0.904,0.896,0.924,0.928,0.916,0.908,0.912,0.92,-0.92,-0.96,-0.948,-0.952,-0.956,-0.932,-0.944,-0.948,1,1.004,1.008,1.012,1.032,-1.036,-1.036,-1.032,-1.04,-1.032,-1.024,-1.032,-1.036,-1.008,1.024,1.004,0.992,-0.976,-0.96,-0.956,-0.956,0.924,0.928,0.936,0.92,-0.924,-0.924,0.94,-0.936,0.964,0.96,-0.976,-0.996,-1.036,-1.044,-1.032,1.028,1.02,1.012,0.996,0.968,0.94,-0.908,-0.92,-0.928,-0.924,-0.952,0.924,-0.888,-0.884,-0.88,-0.92,0.924,0.936,0.92,0.92,0.92,0.924,0.912,0.948,1.048,1.036,-1.064,-0.9,-0.9,-0.896,-0.892,-0.936,0.932,0.94,-0.916,-0.944,-0.956,-0.944,-0.94,-0.932,-0.928,-0.94,0.916,0.924,0.928,0.916,0.92,-0.9,-0.896,1.1,1.104,1.1,-1.088,1.092,1.08,1.076,1.06,-1,1.008,1.008,1.008,0.98,-0.996,-0.976,-0.988,0.996,0.976,0.944,0.92,-0.936,-0.944,-0.94,-0.94,0.964,-0.996,-0.996,0.992,-0.984,-0.992,-0.996,-1,-0.98,-0.976,-0.98,-0.988,-0.98,-0.984,1,1.008,-1.056,-1.064,-1.068,-1.068,-1.064,-1.076,-0.952,0.956,0.936,0.936,0.92,0.904,0.92,0.932,0.936,0.92,0.92,0.948,0.964,-0.948,-0.96,1.036,-1.056,-1.096,-1.104,-0.916,-0.92,-0.9,-0.888,0.916,0.908,-0.948,-0.948,-0.936,-0.928,-0.924,0.932,-0.952,-0.956,0.94,-0.948,-0.96,-0.96,-0.964,-0.976,0.976,-0.984,-0.972,-0.964,-0.928,-0.932,-0.932,-0.936,0.988,0.996,-1.028,-1.004,0.988,-0.98,-0.972,-0.96,-0.952
0.928,0.904,0.908,0.912,0.912,0.924,0.928,-0.948,-0.944,-0.924,-0.932,-0.916,-0.924,-0.92,0.956,-1.028,-0.976,0.96,0.964,-0.968,0.912,0.908,0.908,-0.9,-0.92,-0.976,0.968,-0.992,-0.992,-1.06,-1.048,-1.06,-1.064,-1.068,0.936,-0.992,-0.984,-0.972,0.956,0.952,-0.948,-0.94,0.936,0.952,-0.936,-0.932,-0.92,-0.92,-0.92,0.92,0.928,0.928,0.936,0.96,0.968,-1.028,-1.028,-1.032,0.972,-0.968,0.92,-0.9,-0.904,0.92,-0.88,-0.892,0.904,0.896,0.924,0.928,0.916,0.908,0.912,0.92,-0.92,-0.96,-0.948,-0.952,-0.956,-0.932,-0.944,-0.948,1,1.004,1.008,1.012,1.032,-1.036,-1.036,-1.032,-1.04,-1.032,-1.024,-1.032,-1.036,-1.008,1.024,1.004,0.992,-0.976,-0.96,-0.956,-0.956,0.924,0.928,0.936,0.92,-0.924,-0.924,0.94,-0.936,0.964,0.96,-0.976,-0.996,0.964,0.956,0.968,-0.972,-0.98,-0.988,-1.004,0.968,0.94,-0.908,-0.92,-0.928,-0.924,-0.952,0.924,-0.888,-0.884,-0.88,-0.92,0.924,0.936,0.92,0.92,0.92,0.924,0.912,0.948,1.048,1.036,-1.064,1.1,1.1,1.104,-0.892,-0.936,0.932,0.94,-0.916,-0.944,-0.956,-0.944,-0.94,-0.932,-0.928,-0.94,0.916,0.924,0.928,0.916,0.92,-0.9,1.104,1.1,1.104,1.1,-1.088,1.092,1.08,1.076,1.06,-1,1.008,1.008,1.008,0.98,-0.996,-0.976,-0.988,0.996,0.976,0.944,0.92,-0.936,-0.944,-0.94,-0.94,0.964,1.004,1.004,-1.008,1.016,1.008,1.004,1,1.02,1.024,1.02,1.012,1.02,1.016,-1,-0.992,0.944,0.936,0.932,0.932,0.936,0.924,-0.952,0.956,0.936,0.936,0.92,0.904,0.92,0.932,0.936,0.92,0.92,0.948,0.964,-0.948,-0.96,1.036,-1.056,-1.096,-1.104,1.084,1.08,1.1,1.112,-1.084,-1.092,-0.948,-0.948,-0.936,-0.928,-0.924,-1.068,1.048,1.044,-1.06,1.052,1.04,1.04,1.036,1.024,-1.024,1.016,1.028,1.036,1.072,1.068,1.068,1.064,0.988,0.996,-1.028,-1.004,0.988,-0.98,-0.972,-0.96,-0.952
0.928,0.904,0.908,0.912,0.912,0.924,0.928,-0.948,-0.944,-0.924,1.068,1.084,1.076,1.08,-1.044,-1.028,-0.976,0.96,0.964,-0.968,0.912,0.908,0.908,-0.9,-0.92,-0.976,0.968,-0.992,-0.992,-1.06,-1.048,-1.06,-1.064,-1.068,-1.064,1.008,1.016,1.028,-1.044,-1.048,1.052,-0.94,0.936,0.952,-0.936,-0.932,-0.92,-0.92,-0.92,0.92,0.928,0.928,0.936,0.96,0.968,-1.028,-1.028,-1.032,-1.028,1.032,0.92,-0.9,-0.904,0.92,-0.88,-0.892,0.904,0.896,0.924,0.928,0.916,0.908,0.912,0.92,-0.92,-0.96,-0.948,-0.952,-0.956,-0.932,-0.944,-0.948,1,1.004,-0.992,-0.988,-0.968,0.964,0.964,0.968,0.96,0.968,0.976,0.968,0.964,0.992,1.024,1.004,0.992,-0.976,-0.96,-0.956,-0.956,0.924,0.928,0.936,0.92,-0.924,-0.924,0.94,-0.936,0.964,0.96,-0.976,-0.996,0.964,0.956,0.968,-0.972,1.02,1.012,0.996,0.968,0.94,-0.908,-0.92,-0.928,-0.924,-0.952,0.924,-0.888,-0.884,-0.88,-0.92,0.924,0.936,0.92,0.92,0.92,0.924,0.912,-1.052,-0.952,-0.964,0.936,-0.9,-0.9,-0.896,-0.892,-0.936,0.932,0.94,-0.916,-0.944,-0.956,-0.944,-0.94,-0.932,-0.928,-0.94,0.916,0.924,0.928,0.916,0.92,-0.9,-0.896,-0.9,-0.896,-0.9,0.912,-0.908,-0.92,-0.924,-0.94,1,-0.992,-0.992,-0.992,-1.02,1.004,1.024,1.012,-1.004,0.976,0.944,0.92,-0.936,-0.944,-0.94,-0.94,0.964,-0.996,-0.996,0.992,-0.984,-0.992,-0.996,-1,-0.98,-0.976,-0.98,-0.988,-0.98,-0.984,1,-0.992,0.944,0.936,0.932,0.932,0.936,0.924,-0.952,0.956,0.936,0.936,0.92,0.904,-1.08,-1.068,-1.064,-1.08,-1.08,-1.052,-1.036,1.052,1.04,-0.964,0.944,0.904,0.896,-0.916,-0.92,-0.9,-0.888,0.916,0.908,-0.948,-0.948,-0.936,-0.928,-0.924,0.932,-0.952,-0.956,0.94,-0.948,1.04,1.04,1.036,1.024,-1.024,1.016,1.028,1.036,1.072,1.068,1.068,1.064,0.988,0.996,-1.028,-1.004,0.988,-0.98,-0.972,-0.96,-0.952
0.928,0.904,0.908,0.912,0.912,0.924,0.928,-0.948,-0.944,-0.924,-0.932,-0.916,-0.924,-0.92,-1.044,-1.028,-0.976,0.96,0.964,-0.968,0.912,0.908,0.908,-0.9,-0.92,-0.976,0.968,-0.992,-0.992,-1.06,-1.048,0.94,0.936,0.932,0.936,-0.992,-0.984,-0.972,0.956,0.952,-0.948,-0.94,0.936,0.952,-0.936,-0.932,-0.92,-0.92,-0.92,0.92,0.928,0.928,0.936,0.96,0.968,-1.028,-1.028,-1.032,-1.028,1.032,0.92,-0.9,-0.904,0.92,-0.88,-0.892,0.904,0.896,0.924,0.928,0.916,0.908,0.912,0.92,-0.92,-0.96,-0.948,-0.952,-0.956,-0.932,-0.944,-0.948,1,1.004,1.008,1.012,1.032,-1.036,-1.036,-1.032,-1.04,-1.032,-1.024,-1.032,-1.036,-1.008,1.024,1.004,0.992,-0.976,-0.96,-0.956,-0.956,0.924,0.928,0.936,0.92,-0.924,-0.924,0.94,-0.936,0.964,0.96,1.024,1.004,-1.036,-1.044,-1.032,1.028,1.02,1.012,0.996,0.968,0.94,-0.908,-0.92,-0.928,-0.924,-0.952,0.924,-0.888,-0.884,-0.88,-0.92,0.924,0.936,0.92,0.92,0.92,0.924,0.912,-1.052,-0.952,-0.964,0.936,-0.9,-0.9,-0.896,-0.892,-0.936,0.932,0.94,-0.916,-0.944,-0.956,-0.944,-0.94,-0.932,-0.928,-0.94,0.916,0.924,0.928,0.916,0.92,-0.9,-0.896,-0.9,-0.896,-0.9,0.912,-0.908,-0.92,-0.924,-0.94,1,-0.992,-0.992,-0.992,-1.02,-0.996,-0.976,-0.988,0.996,0.976,0.944,0.92,-0.936,-0.944,-0.94,-0.94,0.964,-0.996,-0.996,0.992,-0.984,-0.992,-0.996,-1,-0.98,-0.976,-0.98,-0.988,-0.98,-0.984,1,1.008,0.944,0.936,0.932,0.932,0.936,0.924,-0.952,0.956,0.936,0.936,0.92,0.904,0.92,0.932,0.936,0.92,0.92,0.948,0.964,-0.948,-0.96,1.036,-1.056,0.904,0.896,-0.916,-0.92,-0.9,-0.888,0.916,0.908,-0.948,1.052,1.064,1.072,1.076,-1.068,1.048,1.044,-1.06,1.052,1.04,1.04,1.036,1.024,-1.024,1.016,1.028,1.036,1.072,1.068,1.068,1.064,0.988,0.996,-1.028,-1.004,0.988,-0.98,-0.972,-0.96,-0.952
0.928,0.904,0.908,0.912,0.912,-1.076,-1.072,1.052,1.056,1.076,1.068,1.084,1.076,1.08,-1.044,-1.028,-0.976,0.96,0.964,-0.968,0.912,0.908,0.908,-0.9,-0.92,-0.976,0.968,-0.992,-0.992,-1.06,-1.048,-1.06,-1.064,-1.068,-1.064,1.008,1.016,1.028,0.956,0.952,-0.948,-0.94,0.936,0.952,-0.936,-0.932,-0.92,-0.92,-0.92,0.92,0.928,0.928,0.936,0.96,0.968,-1.028,-1.028,-1.032,-1.028,1.032,-1.08,1.1,1.096,0.92,-0.88,-0.892,0.904,0.896,0.924,0.928,0.916,0.908,0.912,0.92,-0.92,-0.96,-0.948,-0.952,-0.956,-0.932,-0.944,-0.948,1,1.004,1.008,1.012,1.032,-1.036,-1.036,-1.032,-1.04,-1.032,-1.024,-1.032,-1.036,-1.008,-0.976,-0.996,-1.008,1.024,1.04,1.044,1.044,-1.076,0.928,0.936,0.92,-0.924,-0.924,-1.06,1.064,-1.036,-1.04,1.024,1.004,-1.036,-1.044,-1.032,1.028,1.02,1.012,0.996,0.968,0.94,-0.908,-0.92,-0.928,-0.924,-0.952,0.924,-0.888,-0.884,-0.88,-0.92,0.924,0.936,0.92,0.92,0.92,0.924,0.912,0.948,1.048,1.036,0.936,-0.9,-0.9,-0.896,-0.892,-0.936,0.932,0.94,-0.916,-0.944,-0.956,-0.944,-0.94,-0.932,-0.928,-0.94,0.916,0.924,0.928,0.916,-1.08,1.1,1.104,1.1,1.104,1.1,-1.088,1.092,1.08,1.076,1.06,-1,1.008,1.008,1.008,0.98,-0.996,-0.976,-0.988,0.996,0.976,0.944,0.92,1.064,1.056,1.06,1.06,-1.036,1.004,1.004,-1.008,1.016,1.008,1.004,1,1.02,1.024,1.02,1.012,1.02,1.016,-1,-0.992,0.944,0.936,0.932,0.932,0.936,0.924,-0.952,0.956,0.936,0.936,0.92,0.904,0.92,0.932,0.936,0.92,0.92,0.948,0.964,-0.948,-0.96,-0.964,0.944,0.904,0.896,-0.916,-0.92,-0.9,-0.888,0.916,0.908,-0.948,-0.948,-0.936,-0.928,-0.924,0.932,-0.952,-0.956,0.94,-0.948,-0.96,-0.96,-0.964,-0.976,0.976,-0.984,-0.972,-0.964,-0.928,-0.932,-0.932,-0.936,-1.012,-1.004,0.972,0.996,-1.012,-0.98,-0.972,-0.96,-0.952
-1.072,-1.096,-1.092,-1.088,-1.088,-1.076,-1.072,1.052,1.056,1.076,1.068,1.084,1.076,1.08,-1.044,-1.028,-0.976,0.96,0.964,-0.968,-1.088,-1.092,-1.092,1.1,1.08,-0.976,0.968,-0.992,-0.992,-1.06,-1.048,-1.06,-1.064,-1.068,-1.064,1.008,1.016,1.028,-1.044,-1.048,1.052,1.06,-1.064,-1.048,1.064,1.068,1.08,1.08,1.08,-1.08,-1.072,-1.072,-1.064,-1.04,-1.032,0.972,0.972,0.968,0.972,-0.968,0.92,-0.9,-0.904,0.92,1.12,1.108,-1.096,-1.104,-1.076,-1.072,-1.084,-1.092,-1.088,-1.08,1.08,-0.96,-0.948,-0.952,-0.956,-0.932,-0.944,-0.948,1,1.004,1.008,1.012,1.032,-1.036,-1.036,-1.032,-1.04,-1.032,-1.024,-1.032,-1.036,-1.008,-0.976,-0.996,-1.008,1.024,1.04,1.044,1.044,-1.076,-1.072,-1.064,-1.08,1.076,1.076,-1.06,-0.936,0.964,0.96,-0.976,-0.996,0.964,0.956,0.968,-0.972,-0.98,-0.988,-1.004,-1.032,-1.06,1.092,1.08,1.072,1.076,1.048,-1.076,1.112,1.116,1.12,1.08,-1.076,-1.064,-1.08,-1.08,-1.08,-1.076,-1.088,-1.052,-0.952,-0.964,0.936,-0.9,-0.9,-0.896,1.108,1.064,-1.068,-1.06,1.084,1.056,1.044,1.056,1.06,1.068,1.072,1.06,-1.084,-1.076,-1.072,-1.084,-1.08,1.1,1.104,1.1,1.104,1.1,-1.088,1.092,1.08,1.076,1.06,1,-0.992,-0.992,-0.992,-1.02,1.004,1.024,1.012,-1.004,-1.024,-1.056,-1.08,1.064,1.056,1.06,1.06,-1.036,1.004,1.004,-1.008,1.016,1.008,1.004,1,1.02,1.024,1.02,1.012,1.02,1.016,1,1.008,-1.056,-1.064,-1.068,-1.068,-1.064,-1.076,1.048,-1.044,-1.064,-1.064,-1.08,-1.096,-1.08,-1.068,-1.064,-1.08,-1.08,-1.052,0.964,-0.948,-0.96,1.036,-1.056,-1.096,-1.104,1.084,1.08,1.1,1.112,-1.084,-1.092,1.052,1.052,1.064,1.072,1.076,-1.068,-0.952,-0.956,0.94,-0.948,-0.96,-0.96,-0.964,-0.976,0.976,-0.984,-0.972,-0.964,-0.928,-0.932,-0.932,-0.936,-1.012,-1.004,0.972,0.996,-1.012,1.02,1.028,1.04,1.048
-1.072,-1.096,-1.092,-1.088,-1.088,-1.076,-1.072,-0.948,-0.944,-0.924,-0.932,-0.916,-0.924,-0.92,0.956,0.972,1.024,-1.04,-1.036,1.032,-1.088,-1.092,-1.092,1.1,1.08,1.024,-1.032,1.008,1.008,0.94,0.952,0.94,0.936,0.932,-1.064,1.008,1.016,1.028,-1.044,-1.048,1.052,1.06,-1.064,-1.048,1.064,1.068,1.08,1.08,1.08,-1.08,-1.072,-1.072,-1.064,-1.04,-1.032,0.972,0.972,0.968,0.972,-0.968,0.92,-0.9,-0.904,0.92,1.12,1.108,-1.096,-1.104,-1.076,-1.072,-1.084,-1.092,-1.088,-1.08,1.08,1.04,1.052,1.048,1.044,1.068,1.056,1.052,-1,-0.996,-0.992,-0.988,-0.968,0.964,0.964,0.968,0.96,0.968,0.976,0.968,0.964,0.992,1.024,1.004,0.992,-0.976,-0.96,-0.956,-0.956,-1.076,-1.072,-1.064,-1.08,1.076,1.076,-1.06,1.064,-1.036,-1.04,1.024,1.004,-1.036,-1.044,-1.032,1.028,-0.98,-0.988,-1.004,-1.032,-1.06,1.092,1.08,1.072,1.076,1.048,-1.076,1.112,1.116,1.12,1.08,-1.076,-1.064,-1.08,-1.08,-1.08,-1.076,-1.088,-1.052,1.048,1.036,-1.064,1.1,1.1,1.104,1.108,1.064,-1.068,-1.06,1.084,1.056,1.044,1.056,1.06,1.068,1.072,1.06,-1.084,-1.076,-1.072,-1.084,-1.08,1.1,1.104,1.1,1.104,1.1,-1.088,1.092,1.08,1.076,1.06,-1,1.008,1.008,1.008,0.98,1.004,1.024,1.012,-1.004,-1.024,-1.056,-1.08,1.064,1.056,1.06,1.06,-1.036,1.004,1.004,-1.008,1.016,1.008,1.004,1,1.02,1.024,1.02,1.012,1.02,1.016,-1,-0.992,0.944,0.936,0.932,0.932,0.936,0.924,1.048,-1.044,-1.064,-1.064,-1.08,-1.096,0.92,0.932,0.936,0.92,0.92,0.948,0.964,-0.948,-0.96,1.036,-1.056,-1.096,-1.104,1.084,1.08,1.1,1.112,-1.084,-1.092,1.052,1.052,1.064,1.072,1.076,-1.068,1.048,1.044,-1.06,1.052,1.04,1.04,1.036,1.024,-1.024,1.016,-0.972,-0.964,-0.928,-0.932,-0.932,-0.936,-1.012,-1.004,0.972,0.996,-1.012,1.02,1.028,1.04,1.048
-1.072,-1.096,-1.092,0.912,0.912,0.924,0.928,-0.948,-0.944,-0.924,-0.932,-0.916,-0.924,-0.92,0.956,0.972,1.024,-1.04,-1.036,1.032,-1.088,-1.092,-1.092,1.1,1.08,1.024,-1.032,1.008,1.008,0.94,0.952,-1.06,-1.064,-1.068,-1.064,1.008,1.016,1.028,-1.044,-1.048,1.052,1.06,-1.064,-1.048,1.064,1.068,1.08,1.08,1.08,-1.08,-1.072,-1.072,-1.064,-1.04,-1.032,-1.028,-1.028,-1.032,-1.028,1.032,-1.08,1.1,1.096,-1.08,1.12,1.108,-1.096,-1.104,-1.076,-1.072,-1.084,-1.092,-1.088,-1.08,1.08,-0.96,-0.948,-0.952,-0.956,-0.932,-0.944,-0.948,1,1.004,1.008,1.012,1.032,-1.036,-1.036,-1.032,-1.04,-1.032,-1.024,-1.032,-1.036,-1.008,-0.976,-0.996,-1.008,1.024,1.04,1.044,1.044,-1.076,-1.072,-1.064,-1.08,1.076,1.076,-1.06,1.064,-1.036,-1.04,1.024,1.004,-1.036,-1.044,-1.032,1.028,1.02,1.012,0.996,0.968,0.94,-0.908,-0.92,-0.928,-0.924,-0.952,0.924,-0.888,-0.884,-0.88,1.08,-1.076,-1.064,-1.08,-1.08,-1.08,-1.076,-1.088,0.948,1.048,1.036,-1.064,1.1,1.1,1.104,1.108,1.064,-1.068,-1.06,1.084,1.056,1.044,1.056,1.06,1.068,1.072,1.06,-1.084,-1.076,-1.072,-1.084,-1.08,1.1,1.104,1.1,1.104,1.1,-1.088,1.092,1.08,1.076,1.06,1,-0.992,-0.992,-0.992,-1.02,1.004,1.024,1.012,-1.004,-1.024,-1.056,-1.08,1.064,1.056,1.06,1.06,-1.036,1.004,1.004,-1.008,1.016,1.008,1.004,1,1.02,1.024,1.02,1.012,1.02,1.016,-1,-0.992,0.944,0.936,0.932,0.932,0.936,0.924,-0.952,0.956,0.936,-1.064,-1.08,-1.096,-1.08,-1.068,-1.064,-1.08,-1.08,-1.052,-1.036,1.052,1.04,-0.964,0.944,0.904,0.896,1.084,1.08,1.1,1.112,-1.084,-1.092,1.052,1.052,1.064,1.072,1.076,-1.068,-0.952,-0.956,0.94,-0.948,-0.96,-0.96,-0.964,-0.976,0.976,-0.984,-0.972,-0.964,-0.928,-0.932,-0.932,-0.936,-1.012,-1.004,0.972,0.996,-1.012,1.02,1.028,1.04,1.048
-1.072,-1.096,-1.092,-1.088,-1.088,-1.076,-1.072,1.052,1.056,1.076,1.068,1.084,1.076,1.08,-1.044,0.972,1.024,-1.04,-1.036,1.032,-1.088,-1.092,-1.092,1.1,1.08,1.024,-1.032,-0.992,-0.992,-1.06,-1.048,-1.06,-1.064,-1.068,-1.064,1.008,1.016,1.028,-1.044,-1.048,1.052,1.06,-1.064,-1.048,1.064,1.068,1.08,1.08,1.08,-1.08,-1.072,-1.072,-1.064,-1.04,-1.032,0.972,0.972,0.968,0.972,-0.968,-1.08,1.1,1.096,-1.08,1.12,1.108,-1.096,-1.104,-1.076,-1.072,-1.084,-1.092,-1.088,-1.08,1.08,1.04,1.052,1.048,1.044,1.068,1.056,1.052,-1,-0.996,-0.992,-0.988,-0.968,0.964,0.964,0.968,0.96,0.968,0.976,0.968,0.964,-1.008,-0.976,-0.996,-1.008,1.024,1.04,1.044,1.044,-1.076,-1.072,-1.064,-1.08,1.076,1.076,-1.06,1.064,-1.036,-1.04,1.024,1.004,0.964,0.956,0.968,-0.972,-0.98,-0.988,-1.004,-1.032,-1.06,1.092,1.08,1.072,1.076,1.048,-1.076,1.112,1.116,1.12,1.08,-1.076,-1.064,-1.08,-1.08,0.92,0.924,0.912,0.948,1.048,1.036,-1.064,1.1,1.1,1.104,1.108,1.064,-1.068,-1.06,1.084,1.056,1.044,1.056,1.06,1.068,1.072,1.06,-1.084,-1.076,-1.072,-1.084,-1.08,1.1,1.104,-0.9,-0.896,-0.9,0.912,-0.908,-0.92,-0.924,-0.94,1,-0.992,-0.992,-0.992,-1.02,1.004,1.024,1.012,-1.004,-1.024,-1.056,-1.08,1.064,1.056,1.06,1.06,-1.036,1.004,1.004,-1.008,1.016,1.008,1.004,1,1.02,1.024,1.02,1.012,1.02,1.016,-1,-0.992,0.944,0.936,0.932,0.932,0.936,0.924,-0.952,-1.044,-1.064,-1.064,-1.08,-1.096,-1.08,-1.068,-1.064,-1.08,-1.08,-1.052,-1.036,1.052,1.04,-0.964,0.944,0.904,0.896,-0.916,-0.92,-0.9,-0.888,-1.084,-1.092,1.052,1.052,1.064,1.072,1.076,-1.068,1.048,1.044,0.94,-0.948,-0.96,-0.96,-0.964,-0.976,0.976,-0.984,-0.972,-0.964,-0.928,-0.932,-0.932,-0.936,-1.012,-1.004,0.972,0.996,-1.012,1.02,1.028,1.04,1.048
-1.072,-1.096,-1.092,-1.088,-1.088,-1.076,-1.072,1.052,1.056,1.076,1.068,1.084,1.076,1.08,-1.044,-1.028,-0.976,0.96,0.964,-0.968,-1.088,-1.092,-1.092,1.1,1.08,1.024,-1.032,1.008,1.008,-1.06,-1.048,-1.06,-1.064,-1.068,-1.064,1.008,1.016,1.028,-1.044,-1.048,1.052,1.06,-1.064,-1.048,1.064,1.068,1.08,1.08,1.08,-1.08,-1.072,-1.072,-1.064,-1.04,-1.032,-1.028,-1.028,-1.032,-1.028,1.032,-1.08,1.1,1.096,-1.08,1.12,1.108,-1.096,-1.104,-1.076,-1.072,-1.084,-1.092,-1.088,-1.08,1.08,1.04,1.052,1.048,1.044,1.068,1.056,1.052,-1,-0.996,-0.992,-0.988,-0.968,0.964,0.964,0.968,0.96,0.968,0.976,0.968,0.964,-1.008,-0.976,-0.996,-1.008,1.024,1.04,1.044,1.044,-1.076,-1.072,-1.064,-1.08,1.076,1.076,-1.06,1.064,-1.036,-1.04,1.024,1.004,-1.036,-1.044,-1.032,1.028,1.02,1.012,0.996,0.968,0.94,1.092,1.08,1.072,1.076,1.048,-1.076,1.112,1.116,1.12,1.08,-1.076,-1.064,-1.08,-1.08,-1.08,-1.076,0.912,0.948,1.048,1.036,-1.064,1.1,1.1,1.104,1.108,1.064,-1.068,-1.06,1.084,1.056,1.044,1.056,1.06,1.068,1.072,1.06,0.916,0.924,0.928,0.916,0.92,-0.9,-0.896,-0.9,-0.896,-0.9,0.912,-0.908,-0.92,-0.924,-0.94,1,-0.992,-0.992,-0.992,-1.02,1.004,1.024,1.012,-1.004,-1.024,-1.056,-1.08,1.064,1.056,1.06,1.06,-1.036,-0.996,-0.996,0.992,-0.984,-0.992,-0.996,-1,-0.98,-0.976,-0.98,-0.988,-0.98,-0.984,1,1.008,-1.056,-1.064,-1.068,-1.068,-1.064,-1.076,1.048,-1.044,-1.064,-1.064,-1.08,-1.096,-1.08,-1.068,-1.064,-1.08,-1.08,-1.052,-1.036,1.052,1.04,-0.964,0.944,0.904,0.896,-0.916,-0.92,-0.9,-0.888,0.916,0.908,1.052,1.052,1.064,1.072,1.076,-1.068,1.048,1.044,-1.06,1.052,1.04,1.04,1.036,1.024,-1.024,1.016,1.028,1.036,1.072,1.068,-0.932,-0.936,-1.012,-1.004,0.972,0.996,-1.012,1.02,1.028,1.04,1.048
0.928,0.904,0.908,0.912,0.912,0.924,0.928,-0.948,-0.944,-0.924,-0.932,-0.916,-0.924,-0.92,0.956,-1.028,-0.976,0.96,0.964,-0.968,0.912,0.908,0.908,-0.9,-0.92,-0.976,0.968,-0.992,-0.992,-1.06,-1.048,0.94,0.936,0.932,0.936,-0.992,-0.984,-0.972,0.956,0.952,-0.948,-0.94,0.936,0.952,-0.936,-0.932,-0.92,-0.92,-0.92,0.92,0.928,0.928,0.936,0.96,0.968,-1.028,-1.028,-1.032,-1.028,1.032,0.92,-0.9,-0.904,0.92,-0.88,-0.892,0.904,0.896,0.924,0.928,0.916,0.908,0.912,0.92,-0.92,1.04,1.052,1.048,1.044,1.068,1.056,1.052,-1,-0.996,-0.992,-0.988,-0.968,0.964,0.964,0.968,0.96,0.968,0.976,0.968,0.964,0.992,1.024,1.004,0.992,-0.976,-0.96,-0.956,-0.956,0.924,0.928,0.936,0.92,-0.924,-0.924,0.94,-0.936,0.964,0.96,-0.976,-0.996,-1.036,-1.044,-1.032,1.028,1.02,1.012,0.996,0.968,0.94,-0.908,-0.92,-0.928,-0.924,-0.952,0.924,-0.888,-0.884,-0.88,-0.92,0.924,-1.064,-1.08,-1.08,-1.08,-1.076,-1.088,-1.052,-0.952,-0.964,0.936,-0.9,-0.9,-0.896,-0.892,-0.936,0.932,0.94,-0.916,-0.944,-0.956,-0.944,-0.94,-0.932,-0.928,-0.94,0.916,0.924,0.928,0.916,0.92,-0.9,-0.896,-0.9,-0.896,-0.9,0.912,-0.908,-0.92,-0.924,-0.94,1,-0.992,-0.992,-0.992,-1.02,1.004,1.024,-0.988,0.996,0.976,0.944,0.92,-0.936,-0.944,-0.94,-0.94,0.964,-0.996,-0.996,0.992,-0.984,-0.992,-0.996,-1,-0.98,-0.976,-0.98,-0.988,-0.98,-0.984,1,-0.992,0.944,0.936,0.932,0.932,0.936,0.924,-0.952,0.956,0.936,0.936,0.92,0.904,0.92,0.932,0.936,0.92,0.92,-1.052,-1.036,1.052,1.04,-0.964,0.944,0.904,0.896,-0.916,-0.92,-0.9,-0.888,0.916,0.908,-0.948,-0.948,-0.936,-0.928,-0.924,0.932,-0.952,-0.956,0.94,-0.948,-0.96,-0.96,-0.964,-0.976,0.976,-0.984,1.028,1.036,1.072,1.068,1.068,1.064,0.988,0.996,-1.028,-1.004,0.988,-0.98,-0.972,-0.96,-0.952
-1.072,-1.096,-1.092,-1.088,-1.088,-1.076,-1.072,1.052,1.056,1.076,1.068,1.084,1.076,1.08,-1.044,-1.028,-0.976,0.96,0.964,-0.968,-1.088,-1.092,-1.092,1.1,1.08,1.024,-1.032,1.008,1.008,-1.06,-1.048,-1.06,-1.064,-1.068,-1.064,1.008,1.016,1.028,-1.044,-1.048,1.052,1.06,-1.064,-1.048,1.064,1.068,1.08,1.08,1.08,-1.08,-1.072,-1.072,-1.064,-1.04,-1.032,-1.028,-1.028,-1.032,-1.028,1.032,-1.08,1.1,1.096,-1.08,1.12,1.108,-1.096,-1.104,-1.076,-1.072,-1.084,-1.092,-1.088,-1.08,1.08,1.04,1.052,1.048,1.044,1.068,1.056,1.052,-1,-0.996,-0.992,-0.988,-0.968,0.964,0.964,0.968,0.96,0.968,0.976,0.968,0.964,0.992,1.024,1.004,0.992,-0.976,-0.96,-0.956,-0.956,-1.076,-1.072,-1.064,-1.08,1.076,1.076,-1.06,1.064,-1.036,-1.04,-0.976,-0.996,0.964,0.956,0.968,-0.972,-0.98,-0.988,-1.004,-1.032,-1.06,1.092,1.08,1.072,1.076,1.048,-1.076,1.112,1.116,1.12,1.08,-1.076,-1.064,-1.08,-1.08,0.92,0.924,0.912,0.948,1.048,1.036,-1.064,1.1,1.1,1.104,1.108,1.064,-1.068,-1.06,1.084,1.056,1.044,1.056,1.06,1.068,1.072,-0.94,0.916,0.924,0.928,0.916,0.92,-0.9,-0.896,-0.9,-0.896,-0.9,0.912,-0.908,-0.92,-0.924,-0.94,1,-0.992,-0.992,-0.992,-1.02,1.004,1.024,1.012,-1.004,-1.024,-1.056,-1.08,1.064,1.056,1.06,1.06,0.964,-0.996,-0.996,0.992,-0.984,-0.992,-0.996,-1,-0.98,-0.976,-0.98,-0.988,-0.98,-0.984,1,1.008,-1.056,-1.064,-1.068,-1.068,-1.064,-1.076,1.048,-1.044,-1.064,-1.064,-1.08,-1.096,-1.08,-1.068,-1.064,-1.08,0.92,0.948,0.964,-0.948,-0.96,1.036,-1.056,-1.096,-1.104,1.084,1.08,1.1,1.112,-1.084,-1.092,1.052,1.052,1.064,1.072,-0.924,0.932,-0.952,-0.956,0.94,-0.948,-0.96,-0.96,-0.964,-0.976,0.976,-0.984,-0.972,-0.964,-0.928,-0.932,-0.932,-0.936,-1.012,-1.004,0.972,0.996,-1.012,1.02,1.028,1.04,1.048
0.928,0.904,0.908,0.912,0.912,0.924,0.928,-0.948,-0.944,-0.924,-0.932,-0.916,-0.924,-0.92,0.956,0.972,1.024,-1.04,-1.036,1.032,0.912,0.908,0.908,-0.9,-0.92,1.024,-1.032,1.008,1.008,0.94,0.952,0.94,0.936,0.932,0.936,-0.992,-0.984,-0.972,0.956,0.952,-0.948,-0.94,0.936,0.952,-0.936,-0.932,-0.92,-0.92,-0.92,0.92,0.928,0.928,0.936,0.96,0.968,0.972,0.972,0.968,0.972,-0.968,0.92,-0.9,-0.904,0.92,-0.88,-0.892,0.904,0.896,0.924,0.928,0.916,0.908,0.912,0.92,-0.92,-0.96,-0.948,-0.952,-0.956,-0.932,-0.944,-0.948,1,1.004,1.008,1.012,1.032,-1.036,-1.036,-1.032,-1.04,-1.032,-1.024,-1.032,-1.036,-1.008,-0.976,-0.996,-1.008,1.024,1.04,1.044,1.044,-1.076,0.928,0.936,0.92,-0.924,-0.924,0.94,-0.936,0.964,0.96,-0.976,-0.996,0.964,0.956,0.968,-0.972,-0.98,-0.988,-1.004,-1.032,-1.06,1.092,1.08,1.072,1.076,1.048,-1.076,1.112,1.116,1.12,-0.92,0.924,0.936,0.92,0.92,0.92,0.924,0.912,-1.052,-0.952,-0.964,0.936,-0.9,-0.9,-0.896,-0.892,1.064,-1.068,-1.06,1.084,1.056,1.044,1.056,1.06,1.068,1.072,1.06,-1.084,-1.076,-1.072,-1.084,-1.08,1.1,1.104,1.1,1.104,1.1,-1.088,1.092,1.08,1.076,1.06,-1,1.008,1.008,1.008,0.98,-0.996,-0.976,-0.988,0.996,0.976,0.944,0.92,-0.936,-0.944,-0.94,-0.94,0.964,1.004,1.004,-1.008,1.016,1.008,1.004,1,1.02,1.024,1.02,1.012,1.02,1.016,-1,-0.992,0.944,0.936,0.932,0.932,0.936,0.924,-0.952,0.956,0.936,0.936,0.92,0.904,0.92,0.932,0.936,0.92,0.92,0.948,0.964,-0.948,-0.96,-0.964,0.944,0.904,0.896,-0.916,-0.92,-0.9,-0.888,0.916,0.908,-0.948,-0.948,-0.936,-0.928,-0.924,0.932,-0.952,-0.956,0.94,-0.948,-0.96,-0.96,-0.964,-0.976,0.976,-0.984,-0.972,-0.964,-0.928,-0.932,-0.932,-0.936,0.988,0.996,-1.028,-1.004,0.988,-0.98,-0.972,-0.96,-0.952
-1.072,-1.096,-1.092,-1.088,0.912,0.924,0.928,-0.948,-0.944,-0.924,-0.932,-0.916,-0.924,-0.92,0.956,0.972,1.024,-1.04,-1.036,1.032,-1.088,-1.092,-1.092,1.1,1.08,1.024,-1.032,1.008,1.008,0.94,0.952,0.94,0.936,0.932,0.936,1.008,1.016,1.028,-1.044,-1.048,1.052,1.06,-1.064,-1.048,1.064,1.068,1.08,1.08,1.08,-1.08,-1.072,-1.072,-1.064,-1.04,-1.032,-1.028,-1.028,-1.032,-1.028,1.032,-1.08,1.1,1.096,-1.08,1.12,1.108,-1.096,-1.104,-1.076,-1.072,-1.084,-1.092,-1.088,-1.08,1.08,1.04,1.052,1.048,1.044,1.068,1.056,1.052,-1,-0.996,-0.992,-0.988,-0.968,0.964,0.964,0.968,0.96,0.968,0.976,0.968,0.964,-1.008,-0.976,-0.996,-1.008,1.024,1.04,1.044,1.044,-1.076,-1.072,-1.064,-1.08,1.076,1.076,-1.06,1.064,-1.036,-1.04,1.024,1.004,-1.036,-1.044,-1.032,1.028,1.02,1.012,0.996,0.968,0.94,-0.908,-0.92,-0.928,-0.924,-0.952,0.924,-0.888,-0.884,-0.88,1.08,-1.076,-1.064,-1.08,-1.08,-1.08,-1.076,-1.088,-1.052,-0.952,-0.964,0.936,-0.9,-0.9,-0.896,1.108,1.064,-1.068,-1.06,1.084,1.056,1.044,1.056,1.06,1.068,1.072,1.06,-1.084,0.924,0.928,0.916,0.92,-0.9,-0.896,-0.9,-0.896,-0.9,0.912,-0.908,-0.92,-0.924,-0.94,1,-0.992,-0.992,-0.992,-1.02,1.004,1.024,1.012,-1.004,-1.024,-1.056,-1.08,1.064,1.056,1.06,1.06,0.964,-0.996,-0.996,0.992,-0.984,-0.992,-0.996,-1,-0.98,-0.976,-0.98,-0.988,-0.98,-0.984,1,1.008,-1.056,-1.064,-1.068,-1.068,-1.064,-1.076,1.048,-1.044,-1.064,-1.064,-1.08,-1.096,-1.08,-1.068,-1.064,-1.08,-1.08,-1.052,-1.036,1.052,1.04,1.036,-1.056,-1.096,-1.104,1.084,1.08,1.1,1.112,-1.084,-1.092,-0.948,-0.948,-0.936,-0.928,-0.924,0.932,-0.952,-0.956,0.94,-0.948,-0.96,-0.96,-0.964,-0.976,0.976,-0.984,-0.972,-0.964,-0.928,-0.932,-0.932,-0.936,-1.012,-1.004,0.972,0.996,-1.012,1.02,1.028,1.04,1.048
0.928,0.904,0.908,0.912,0.912,0.924,0.928,-0.948,-0.944,-0.924,-0.932,-0.916,-0.924,-0.92,0.956,0.972,1.024,-1.04,-1.036,1.032,0.912,0.908,0.908,-0.9,-0.92,-0.976,0.968,-0.992,-0.992,0.94,0.952,0.94,0.936,0.932,0.936,-0.992,-0.984,-0.972,0.956,0.952,-0.948,-0.94,0.936,0.952,-0.936,-0.932,-0.92,-0.92,-0.92,0.92,0.928,0.928,0.936,0.96,0.968,0.972,0.972,0.968,0.972,-0.968,0.92,-0.9,-0.904,0.92,-0.88,-0.892,0.904,0.896,0.924,0.928,0.916,0.908,0.912,0.92,-0.92,-0.96,-0.948,-0.952,-0.956,-0.932,-0.944,-0.948,1,1.004,1.008,1.012,1.032,0.964,0.964,0.968,0.96,0.968,0.976,0.968,0.964,0.992,1.024,1.004,0.992,-0.976,-0.96,-0.956,-0.956,0.924,0.928,0.936,0.92,-0.924,-0.924,0.94,-0.936,0.964,0.96,-0.976,-0.996,-1.036,-1.044,-1.032,1.028,1.02,1.012,0.996,0.968,0.94,-0.908,-0.92,-0.928,-0.924,-0.952,0.924,-0.888,-0.884,-0.88,-0.92,0.924,-1.064,-1.08,-1.08,-1.08,-1.076,-1.088,-1.052,-0.952,-0.964,0.936,-0.9,-0.9,-0.896,-0.892,1.064,-1.068,-1.06,1.084,1.056,1.044,1.056,1.06,1.068,1.072,1.06,-1.084,-1.076,-1.072,-1.084,-1.08,1.1,1.104,1.1,1.104,1.1,-1.088,1.092,1.08,1.076,1.06,-1,1.008,1.008,1.008,0.98,-0.996,-0.976,-0.988,0.996,0.976,0.944,0.92,-0.936,1.056,1.06,1.06,-1.036,1.004,1.004,-1.008,1.016,1.008,1.004,1,1.02,1.024,1.02,1.012,1.02,1.016,-1,-0.992,0.944,0.936,0.932,0.932,0.936,0.924,-0.952,0.956,0.936,0.936,0.92,0.904,0.92,0.932,0.936,0.92,0.92,0.948,0.964,-0.948,-0.96,1.036,-1.056,0.904,0.896,-0.916,-0.92,-0.9,-0.888,0.916,0.908,-0.948,-0.948,-0.936,-0.928,-0.924,0.932,-0.952,-0.956,0.94,-0.948,-0.96,-0.96,-0.964,-0.976,0.976,-0.984,-0.972,-0.964,-0.928,-0.932,-0.932,-0.936,-1.012,-1.004,0.972,0.996,0.988,-0.98,-0.972,-0.96,-0.952
-1.072,-1.096,-1.092,-1.088,-1.088,-1.076,-1.072,1.052,1.056,1.076,1.068,1.084,1.076,1.08,-1.044,-1.028,-0.976,0.96,0.964,-0.968,0.912,0.908,0.908,-0.9,-0.92,-0.976,0.968,-0.992,1.008,0.94,0.952,0.94,0.936,0.932,0.936,-0.992,-0.984,-0.972,0.956,0.952,-0.948,-0.94,0.936,0.952,-0.936,-0.932,-0.92,-0.92,-0.92,0.92,0.928,0.928,0.936,0.96,0.968,-1.028,-1.028,-1.032,-1.028,1.032,-1.08,1.1,1.096,-1.08,1.12,1.108,-1.096,-1.104,0.924,0.928,0.916,0.908,0.912,0.92,-0.92,-0.96,-0.948,-0.952,-0.956,-0.932,-0.944,-0.948,1,1.004,1.008,1.012,1.032,-1.036,-1.036,-1.032,-1.04,-1.032,-1.024,-1.032,-1.036,-1.008,-0.976,-0.996,-1.008,1.024,1.04,1.044,1.044,-1.076,0.928,0.936,0.92,-0.924,-0.924,0.94,-0.936,0.964,0.96,-0.976,-0.996,0.964,0.956,0.968,-0.972,-0.98,-0.988,-1.004,-1.032,-1.06,1.092,1.08,1.072,1.076,1.048,0.924,-0.888,-0.884,-0.88,-0.92,0.924,0.936,0.92,0.92,0.92,0.924,0.912,0.948,1.048,1.036,-1.064,1.1,1.1,1.104,-0.892,-0.936,0.932,0.94,-0.916,-0.944,-0.956,-0.944,-0.94,-0.932,-0.928,-0.94,0.916,0.924,0.928,0.916,0.92,-0.9,-0.896,-0.9,-0.896,-0.9,0.912,-0.908,-0.92,-0.924,-0.94,1,-0.992,-0.992,-0.992,-1.02,1.004,1.024,1.012,-1.004,-1.024,-1.056,0.92,-0.936,-0.944,-0.94,-0.94,0.964,-0.996,-0.996,0.992,-0.984,-0.992,-0.996,-1,-0.98,-0.976,-0.98,-0.988,-0.98,-0.984,-1,-0.992,0.944,0.936,0.932,0.932,0.936,0.924,-0.952,0.956,0.936,0.936,0.92,0.904,0.92,0.932,0.936,0.92,0.92,0.948,0.964,-0.948,-0.96,-0.964,0.944,0.904,0.896,-0.916,-0.92,-0.9,-0.888,0.916,0.908,-0.948,-0.948,-0.936,-0.928,-0.924,0.932,-0.952,-0.956,0.94,-0.948,-0.96,-0.96,-0.964,-0.976,0.976,-0.984,-0.972,-0.964,-0.928,-0.932,-0.932,-0.936,0.988,0.996,-1.028,-1.004,0.988,-0.98,-0.972,-0.96,-0.952
0.928,0.904,0.908,0.912,0.912,0.924,0.928,-0.948,-0.944,-0.924,-0.932,-0.916,-0.924,-0.92,0.956,0.972,1.024,-1.04,-1.036,1.032,0.912,0.908,0.908,-0.9,-0.92,-0.976,0.968,-0.992,-0.992,0.94,0.952,0.94,0.936,0.932,0.936,-0.992,-0.984,-0.972,0.956,0.952,-0.948,-0.94,0.936,0.952,-0.936,-0.932,-0.92,-0.92,-0.92,0.92,0.928,0.928,0.936,0.96,0.968,-1.028,-1.028,-1.032,-1.028,1.032,-1.08,1.1,1.096,-1.08,1.12,-0.892,0.904,0.896,0.924,0.928,0.916,0.908,0.912,0.92,-0.92,-0.96,-0.948,-0.952,-0.956,-0.932,-0.944,-0.948,1,1.004,1.008,1.012,1.032,-1.036,-1.036,-1.032,-1.04,-1.032,-1.024,-1.032,-1.036,-1.008,-0.976,-0.996,0.992,-0.976,-0.96,-0.956,-0.956,0.924,0.928,0.936,0.92,-0.924,-0.924,0.94,-0.936,0.964,0.96,-0.976,-0.996,0.964,0.956,0.968,1.028,1.02,1.012,0.996,0.968,0.94,-0.908,-0.92,-0.928,-0.924,-0.952,0.924,-0.888,-0.884,-0.88,-0.92,0.924,0.936,0.92,0.92,0.92,0.924,0.912,0.948,-0.952,-0.964,0.936,-0.9,-0.9,-0.896,-0.892,-0.936,0.932,0.94,-0.916,-0.944,-0.956,-0.944,-0.94,-0.932,-0.928,-0.94,0.916,0.924,0.928,0.916,0.92,-0.9,-0.896,-0.9,-0.896,-0.9,0.912,-0.908,-0.92,-0.924,1.06,-1,1.008,1.008,1.008,0.98,-0.996,-0.976,-0.988,0.996,0.976,0.944,0.92,-0.936,-0.944,-0.94,-0.94,0.964,-0.996,-0.996,0.992,-0.984,-0.992,-0.996,-1,-0.98,-0.976,-0.98,-0.988,-0.98,-0.984,1,1.008,0.944,0.936,0.932,0.932,0.936,0.924,-0.952,0.956,0.936,0.936,0.92,0.904,0.92,0.932,0.936,0.92,0.92,-1.052,-1.036,1.052,1.04,-0.964,0.944,0.904,0.896,-0.916,-0.92,-0.9,-0.888,0.916,0.908,-0.948,-0.948,-0.936,-0.928,-0.924,0.932,-0.952,-0.956,-1.06,1.052,1.04,1.04,1.036,1.024,-1.024,1.016,1.028,1.036,1.072,1.068,1.068,1.064,0.988,0.996,-1.028,-1.004,0.988,-0.98,-0.972,-0.96,-0.952
0.928,0.904,0.908,0.912,0.912,0.924,0.928,-0.948,-0.944,-0.924,-0.932,-0.916,-0.924,-0.92,0.956,0.972,-0.976,0.96,0.964,-0.968,0.912,0.908,0.908,-0.9,-0.92,1.024,-1.032,1.008,1.008,0.94,0.952,0.94,0.936,0.932,0.936,-0.992,-0.984,-0.972,0.956,0.952,-0.948,-0.94,0.936,0.952,-0.936,-0.932,-0.92,-0.92,-0.92,0.92,0.928,0.928,0.936,0.96,0.968,-1.028,-1.028,-1.032,-1.028,1.032,-1.08,-0.9,-0.904,0.92,-0.88,-0.892,0.904,0.896,0.924,0.928,0.916,0.908,0.912,0.92,-0.92,-0.96,-0.948,-0.952,-0.956,-0.932,-0.944,1.052,-1,-0.996,-0.992,-0.988,-0.968,0.964,0.964,0.968,0.96,0.968,0.976,0.968,0.964,0.992,1.024,1.004,0.992,-0.976,-0.96,-0.956,-0.956,0.924,0.928,0.936,0.92,-0.924,-0.924,0.94,-0.936,-1.036,-1.04,1.024,1.004,-1.036,-1.044,-1.032,1.028,1.02,1.012,0.996,0.968,0.94,-0.908,-0.92,-0.928,-0.924,-0.952,0.924,-0.888,-0.884,-0.88,-0.92,0.924,-1.064,-1.08,-1.08,-1.08,-1.076,-1.088,-1.052,-0.952,-0.964,0.936,-0.9,-0.9,-0.896,-0.892,-0.936,0.932,0.94,-0.916,-0.944,-0.956,-0.944,-0.94,-0.932,-0.928,-0.94,0.916,0.924,0.928,0.916,0.92,-0.9,-0.896,-0.9,-0.896,-0.9,0.912,-0.908,-0.92,-0.924,-0.94,-1,1.008,1.008,1.008,0.98,-0.996,-0.976,-0.988,0.996,0.976,0.944,0.92,-0.936,-0.944,-0.94,-0.94,0.964,-0.996,-0.996,0.992,-0.984,-0.992,-0.996,-1,1.02,1.024,1.02,1.012,1.02,1.016,-1,-0.992,0.944,0.936,0.932,0.932,0.936,0.924,-0.952,0.956,0.936,0.936,0.92,0.904,0.92,0.932,0.936,0.92,0.92,-1.052,-1.036,1.052,1.04,-0.964,0.944,0.904,0.896,-0.916,-0.92,-0.9,-0.888,0.916,0.908,-0.948,-0.948,-0.936,-0.928,-0.924,0.932,-0.952,-0.956,0.94,-0.948,-0.96,-0.96,-0.964,-0.976,0.976,-0.984,-0.972,-0.964,-0.928,-0.932,-0.932,-0.936,-1.012,-1.004,0.972,-1.004,0.988,-0.98,-0.972,-0.96,-0.952
0.928,0.904,0.908,0.912,0.912,0.924,0.928,-0.948,-0.944,-0.924,-0.932,-0.916,-0.924,-0.92,-1.044,-1.028,-0.976,0.96,0.964,-0.968,0.912,0.908,0.908,-0.9,-0.92,-0.976,0.968,-0.992,-0.992,-1.06,-1.048,-1.06,-1.064,-1.068,-1.064,1.008,1.016,1.028,0.956,0.952,-0.948,-0.94,0.936,0.952,-0.936,-0.932,-0.92,-0.92,-0.92,0.92,0.928,0.928,0.936,0.96,0.968,0.972,0.972,0.968,0.972,-0.968,0.92,-0.9,-0.904,0.92,-0.88,-0.892,0.904,0.896,0.924,0.928,0.916,0.908,0.912,0.92,-0.92,-0.96,-0.948,-0.952,-0.956,-0.932,-0.944,-0.948,1,1.004,1.008,1.012,-0.968,0.964,0.964,0.968,0.96,0.968,0.976,0.968,0.964,0.992,1.024,1.004,0.992,-0.976,-0.96,-0.956,-0.956,0.924,0.928,0.936,0.92,-0.924,-0.924,0.94,-0.936,-1.036,-1.04,1.024,1.004,-1.036,-1.044,-1.032,1.028,1.02,1.012,0.996,0.968,0.94,-0.908,-0.92,-0.928,-0.924,-0.952,0.924,-0.888,-0.884,-0.88,-0.92,0.924,-1.064,-1.08,-1.08,-1.08,-1.076,-1.088,-1.052,-0.952,-0.964,0.936,-0.9,-0.9,-0.896,-0.892,-0.936,0.932,0.94,-0.916,-0.944,-0.956,-0.944,-0.94,-0.932,-0.928,-0.94,0.916,-1.076,-1.072,-1.084,-1.08,1.1,1.104,1.1,1.104,1.1,-1.088,1.092,1.08,1.076,1.06,-1,1.008,1.008,1.008,0.98,-0.996,-0.976,-0.988,0.996,0.976,0.944,0.92,-0.936,-0.944,-0.94,-0.94,0.964,-0.996,-0.996,0.992,-0.984,-0.992,-0.996,-1,-0.98,-0.976,-0.98,-0.988,-0.98,-0.984,1,1.008,-1.056,-1.064,-1.068,-1.068,-1.064,-1.076,1.048,0.956,0.936,0.936,0.92,0.904,0.92,0.932,0.936,0.92,0.92,-1.052,-1.036,1.052,1.04,-0.964,0.944,0.904,0.896,-0.916,-0.92,-0.9,-0.888,0.916,0.908,-0.948,-0.948,-0.936,-0.928,-0.924,0.932,1.048,1.044,-1.06,1.052,1.04,1.04,1.036,1.024,-1.024,1.016,1.028,1.036,1.072,1.068,1.068,1.064,0.988,0.996,-1.028,-1.004,0.988,-0.98,-0.972,-0.96,-0.952
-1.072,-1.096,-1.092,0.912,0.912,0.924,0.928,-0.948,-0.944,-0.924,-0.932,-0.916,-0.924,-0.92,0.956,0.972,1.024,-1.04,-1.036,1.032,-1.088,-1.092,-1.092,1.1,1.08,1.024,-1.032,1.008,1.008,0.94,0.952,0.94,0.936,0.932,0.936,-0.992,-0.984,-0.972,0.956,0.952,-0.948,-0.94,0.936,-1.048,1.064,1.068,1.08,1.08,1.08,-1.08,-1.072,-1.072,-1.064,-1.04,-1.032,0.972,0.972,0.968,0.972,1.032,-1.08,1.1,1.096,-1.08,1.12,1.108,-1.096,-1.104,-1.076,-1.072,-1.084,-1.092,-1.088,-1.08,1.08,1.04,1.052,1.048,1.044,1.068,1.056,1.052,-1,-0.996,-0.992,-0.988,-0.968,0.964,0.964,0.968,0.96,0.968,0.976,0.968,0.964,0.992,1.024,1.004,0.992,-0.976,-0.96,-0.956,-0.956,0.924,0.928,0.936,0.92,1.076,1.076,-1.06,1.064,-1.036,-1.04,1.024,1.004,0.964,0.956,0.968,-0.972,-0.98,-0.988,-1.004,-1.032,-1.06,1.092,1.08,1.072,1.076,1.048,-1.076,1.112,1.116,1.12,1.08,-1.076,0.936,0.92,0.92,0.92,0.924,0.912,0.948,1.048,1.036,-1.064,1.1,1.1,1.104,1.108,1.064,-1.068,-1.06,1.084,1.056,1.044,1.056,1.06,1.068,1.072,1.06,-1.084,-1.076,-1.072,-1.084,-1.08,1.1,1.104,-0.9,-0.896,-0.9,0.912,-0.908,-0.92,-0.924,-0.94,1,-0.992,-0.992,-0.992,-1.02,1.004,1.024,1.012,-1.004,-1.024,-1.056,-1.08,1.064,1.056,1.06,1.06,-1.036,-0.996,-0.996,0.992,-0.984,-0.992,-0.996,-1,-0.98,-0.976,-0.98,-0.988,-0.98,-0.984,1,1.008,-1.056,-1.064,-1.068,-1.068,-1.064,-1.076,1.048,-1.044,-1.064,-1.064,-1.08,-1.096,-1.08,-1.068,-1.064,-1.08,-1.08,0.948,0.964,-0.948,-0.96,1.036,-1.056,-1.096,-1.104,1.084,1.08,1.1,1.112,-1.084,-1.092,1.052,1.052,1.064,1.072,1.076,-1.068,1.048,1.044,-1.06,1.052,1.04,1.04,1.036,1.024,-1.024,1.016,1.028,1.036,1.072,1.068,1.068,1.064,0.988,0.996,-1.028,-1.004,0.988,-0.98,-0.972,-0.96,-0.952
0.928,0.904,0.908,0.912,0.912,0.924,0.928,-0.948,-0.944,-0.924,-0.932,-0.916,-0.924,-0.92,0.956,-1.028,-0.976,0.96,0.964,-0.968,0.912,0.908,0.908,-0.9,-0.92,-0.976,0.968,-0.992,-0.992,-1.06,-1.048,-1.06,-1.064,-1.068,-1.064,1.008,1.016,1.028,-1.044,-1.048,1.052,1.06,-1.064,-1.048,1.064,1.068,-0.92,-0.92,-0.92,0.92,0.928,0.928,0.936,0.96,0.968,-1.028,-1.028,-1.032,-1.028,1.032,-1.08,1.1,1.096,-1.08,-0.88,-0.892,0.904,0.896,0.924,0.928,0.916,0.908,0.912,0.92,-0.92,-0.96,-0.948,-0.952,-0.956,-0.932,-0.944,-0.948,1,1.004,1.008,1.012,1.032,-1.036,-1.036,-1.032,-1.04,-1.032,-1.024,-1.032,-1.036,-1.008,-0.976,-0.996,-1.008,1.024,1.04,1.044,1.044,-1.076,-1.072,0.936,0.92,-0.924,-0.924,0.94,-0.936,0.964,0.96,-0.976,1.004,-1.036,-1.044,-1.032,1.028,1.02,1.012,0.996,0.968,0.94,-0.908,-0.92,-0.928,-0.924,-0.952,0.924,-0.888,-0.884,-0.88,-0.92,0.924,0.936,0.92,0.92,0.92,0.924,0.912,0.948,-0.952,-0.964,0.936,-0.9,-0.9,-0.896,-0.892,-0.936,0.932,0.94,-0.916,-0.944,-0.956,-0.944,-0.94,-0.932,-0.928,-0.94,0.916,0.924,0.928,0.916,0.92,-0.9,-0.896,-0.9,-0.896,-0.9,0.912,-0.908,-0.92,-0.924,-0.94,-1,1.008,1.008,1.008,0.98,-0.996,-0.976,-0.988,0.996,0.976,0.944,0.92,-0.936,-0.944,-0.94,-0.94,-1.036,1.004,1.004,-1.008,1.016,1.008,1.004,1,1.02,1.024,1.02,1.012,1.02,1.016,-1,-0.992,0.944,0.936,0.932,0.932,0.936,0.924,-0.952,0.956,0.936,0.936,0.92,0.904,-1.08,-1.068,-1.064,-1.08,-1.08,-1.052,-1.036,1.052,1.04,-0.964,0.944,0.904,0.896,-0.916,-0.92,-0.9,-0.888,0.916,0.908,-0.948,-0.948,-0.936,-0.928,-0.924,0.932,-0.952,-0.956,0.94,-0.948,-0.96,-0.96,-0.964,-0.976,0.976,-0.984,-0.972,-0.964,-0.928,-0.932,-0.932,-0.936,-1.012,0.996,-1.028,-1.004,0.988,-0.98,-0.972,-0.96,-0.952
-1.072,-1.096,-1.092,-1.088,-1.088,-1.076,-1.072,1.052,1.056,1.076,1.068,1.084,1.076,1.08,-1.044,-1.028,-0.976,0.96,0.964,-0.968,0.912,0.908,0.908,-0.9,1.08,1.024,-1.032,1.008,1.008,0.94,0.952,-1.06,-1.064,-1.068,-1.064,1.008,1.016,1.028,-1.044,-1.048,1.052,1.06,-1.064,-1.048,1.064,1.068,1.08,1.08,1.08,-1.08,-1.072,-1.072,-1.064,-1.04,-1.032,-1.028,-1.028,-1.032,-1.028,1.032,-1.08,1.1,1.096,-1.08,1.12,1.108,-1.096,-1.104,-1.076,-1.072,-1.084,-1.092,-1.088,-1.08,1.08,1.04,1.052,1.048,1.044,1.068,1.056,1.052,-1,-0.996,-0.992,-0.988,-0.968,0.964,0.964,0.968,0.96,0.968,0.976,0.968,0.964,-1.008,-0.976,-0.996,-1.008,1.024,1.04,1.044,1.044,-1.076,-1.072,-1.064,-1.08,1.076,1.076,-1.06,1.064,-1.036,0.96,-0.976,-0.996,0.964,0.956,0.968,-0.972,-0.98,-0.988,-1.004,-1.032,-1.06,1.092,1.08,1.072,1.076,1.048,-1.076,1.112,1.116,1.12,1.08,-1.076,-1.064,-1.08,-1.08,-1.08,-1.076,-1.088,0.948,1.048,1.036,-1.064,1.1,1.1,1.104,1.108,1.064,-1.068,-1.06,1.084,1.056,1.044,1.056,1.06,1.068,1.072,1.06,-1.084,-1.076,-1.072,-1.084,-1.08,1.1,1.104,1.1,1.104,1.1,-1.088,1.092,1.08,1.076,1.06,-1,1.008,1.008,1.008,0.98,-0.996,-0.976,-0.988,0.996,-1.024,-1.056,-1.08,1.064,1.056,1.06,1.06,-1.036,1.004,1.004,-1.008,1.016,1.008,1.004,1,1.02,1.024,1.02,-0.988,-0.98,-0.984,1,1.008,-1.056,-1.064,-1.068,-1.068,-1.064,-1.076,1.048,-1.044,-1.064,-1.064,-1.08,-1.096,0.92,0.932,0.936,0.92,0.92,0.948,0.964,-0.948,-0.96,1.036,-1.056,-1.096,-1.104,1.084,1.08,1.1,1.112,-1.084,-1.092,1.052,1.052,1.064,1.072,1.076,-1.068,1.048,1.044,-1.06,1.052,1.04,1.04,1.036,1.024,-1.024,1.016,1.028,1.036,-0.928,-0.932,-0.932,-0.936,-1.012,-1.004,0.972,0.996,-1.012,1.02,1.028,1.04,1.048
0.928,0.904,0.908,0.912,-1.088,-1.076,-1.072,1.052,1.056,1.076,1.068,1.084,1.076,1.08,-1.044,-1.028,-0.976,0.96,0.964,-0.968,0.912,0.908,0.908,-0.9,-0.92,1.024,-1.032,1.008,1.008,0.94,0.952,0.94,0.936,0.932,0.936,-0.992,-0.984,-0.972,0.956,0.952,-0.948,-0.94,0.936,0.952,-0.936,-0.932,-0.92,-0.92,-0.92,0.92,0.928,0.928,0.936,0.96,0.968,-1.028,-1.028,-1.032,-1.028,1.032,0.92,-0.9,-0.904,0.92,-0.88,-0.892,0.904,0.896,0.924,0.928,0.916,0.908,0.912,0.92,-0.92,-0.96,-0.948,-0.952,-0.956,-0.932,-0.944,-0.948,1,1.004,1.008,1.012,1.032,-1.036,-1.036,-1.032,-1.04,-1.032,-1.024,-1.032,-1.036,-1.008,-0.976,-0.996,-1.008,1.024,1.04,1.044,1.044,-1.076,-1.072,-1.064,0.92,-0.924,-0.924,0.94,-0.936,0.964,0.96,-0.976,-0.996,0.964,0.956,0.968,-0.972,-0.98,-0.988,-1.004,0.968,0.94,-0.908,-0.92,-0.928,-0.924,-0.952,0.924,-0.888,-0.884,-0.88,-0.92,0.924,0.936,0.92,0.92,0.92,0.924,0.912,0.948,1.048,1.036,-1.064,1.1,1.1,-0.896,-0.892,-0.936,0.932,0.94,-0.916,-0.944,-0.956,-0.944,-0.94,-0.932,-0.928,-0.94,0.916,0.924,0.928,0.916,0.92,-0.9,-0.896,-0.9,-0.896,-0.9,0.912,1.092,1.08,1.076,1.06,-1,1.008,1.008,1.008,0.98,-0.996,-0.976,-0.988,0.996,0.976,0.944,0.92,-0.936,-0.944,-0.94,-0.94,0.964,1.004,1.004,-1.008,1.016,1.008,1.004,1,1.02,1.024,1.02,1.012,1.02,1.016,-1,-0.992,0.944,0.936,0.932,0.932,0.936,0.924,-0.952,0.956,0.936,0.936,0.92,0.904,0.92,0.932,0.936,0.92,0.92,0.948,0.964,-0.948,-0.96,-0.964,0.944,0.904,0.896,-0.916,-0.92,-0.9,-0.888,0.916,0.908,-0.948,-0.948,-0.936,-0.928,-0.924,0.932,-0.952,-0.956,0.94,-0.948,-0.96,-0.96,-0.964,-0.976,0.976,-0.984,-0.972,-0.964,-0.928,-0.932,-0.932,-0.936,-1.012,-1.004,0.972,0.996,-1.012,-0.98,-0.972,-0.96,-0.952
0.928,0.904,0.908,0.912,0.912,0.924,0.928,1.052,1.056,1.076,1.068,1.084,1.076,1.08,-1.044,-1.028,-0.976,0.96,0.964,-0.968,0.912,0.908,0.908,-0.9,-0.92,-0.976,0.968,-0.992,-0.992,-1.06,-1.048,-1.06,-1.064,-1.068,0.936,-0.992,-0.984,-0.972,0.956,0.952,-0.948,-0.94,0.936,0.952,-0.936,-0.932,-0.92,-0.92,-0.92,0.92,0.928,0.928,0.936,0.96,0.968,0.972,0.972,0.968,0.972,-0.968,0.92,-0.9,-0.904,0.92,-0.88,-0.892,0.904,0.896,0.924,0.928,0.916,0.908,0.912,0.92,-0.92,-0.96,-0.948,-0.952,-0.956,-0.932,-0.944,-0.948,-1,-0.996,-0.992,-0.988,-0.968,0.964,0.964,0.968,0.96,0.968,0.976,0.968,0.964,0.992,1.024,1.004,0.992,-0.976,-0.96,-0.956,-0.956,0.924,0.928,0.936,0.92,-0.924,-0.924,0.94,-0.936,0.964,0.96,-0.976,-0.996,0.964,0.956,0.968,-0.972,-0.98,-0.988,-1.004,-1.032,-1.06,1.092,1.08,1.072,1.076,1.048,0.924,-0.888,-0.884,-0.88,-0.92,0.924,0.936,0.92,0.92,0.92,0.924,0.912,-1.052,-0.952,-0.964,0.936,-0.9,-0.9,-0.896,-0.892,-0.936,0.932,0.94,-0.916,-0.944,-0.956,-0.944,-0.94,-0.932,-0.928,-0.94,0.916,0.924,0.928,0.916,0.92,-0.9,-0.896,-0.9,-0.896,-0.9,0.912,-0.908,-0.92,1.076,1.06,-1,1.008,1.008,1.008,0.98,-0.996,-0.976,-0.988,0.996,0.976,0.944,0.92,-0.936,-0.944,-0.94,-0.94,0.964,-0.996,-0.996,0.992,-0.984,-0.992,-0.996,-1,-0.98,-0.976,-0.98,-0.988,-0.98,-0.984,1,1.008,-1.056,-1.064,-1.068,-1.068,-1.064,-1.076,1.048,0.956,0.936,0.936,0.92,0.904,0.92,0.932,0.936,0.92,0.92,0.948,0.964,-0.948,-0.96,-0.964,0.944,0.904,0.896,-0.916,-0.92,-0.9,-0.888,0.916,0.908,-0.948,-0.948,-0.936,-0.928,-0.924,0.932,-0.952,-0.956,0.94,-0.948,-0.96,-0.96,-0.964,-0.976,0.976,-0.984,-0.972,-0.964,-0.928,-0.932,-0.932,-0.936,-1.012,-1.004,0.972,0.996,-1.012,1.02,1.028,1.04,1.048
0.928,0.904,0.908,0.912,0.912,0.924,0.928,-0.948,-0.944,-0.924,-0.932,-0.916,-0.924,-0.92,0.956,0.972,1.024,-1.04,-1.036,1.032,0.912,0.908,0.908,-0.9,-0.92,-0.976,0.968,-0.992,-0.992,0.94,0.952,0.94,0.936,0.932,0.936,-0.992,-0.984,-0.972,0.956,0.952,-0.948,-0.94,0.936,0.952,-0.936,-0.932,-0.92,-0.92,-0.92,0.92,0.928,0.928,0.936,0.96,0.968,0.972,0.972,0.968,0.972,-0.968,0.92,-0.9,-0.904,0.92,-0.88,-0.892,0.904,0.896,0.924,0.928,0.916,0.908,0.912,0.92,-0.92,-0.96,-0.948,-0.952,-0.956,-0.932,-0.944,-0.948,-1,-0.996,-0.992,-0.988,-0.968,0.964,0.964,0.968,0.96,0.968,0.976,0.968,0.964,0.992,1.024,1.004,0.992,-0.976,-0.96,-0.956,-0.956,0.924,0.928,0.936,0.92,1.076,1.076,-1.06,1.064,-1.036,-1.04,1.024,1.004,-1.036,-1.044,-1.032,1.028,1.02,1.012,0.996,0.968,0.94,-0.908,-0.92,-0.928,-0.924,-0.952,0.924,-0.888,-0.884,-0.88,-0.92,0.924,0.936,0.92,0.92,0.92,0.924,0.912,0.948,1.048,1.036,-1.064,1.1,-0.9,-0.896,-0.892,-0.936,0.932,0.94,-0.916,-0.944,-0.956,-0.944,-0.94,-0.932,-0.928,-0.94,0.916,0.924,0.928,0.916,0.92,-0.9,-0.896,-0.9,-0.896,-0.9,0.912,-0.908,-0.92,-0.924,-0.94,-1,1.008,1.008,1.008,0.98,-0.996,-0.976,-0.988,0.996,0.976,0.944,0.92,-0.936,-0.944,-0.94,-0.94,-1.036,1.004,1.004,-1.008,1.016,1.008,1.004,1,1.02,1.024,1.02,1.012,1.02,1.016,-1,-0.992,0.944,0.936,0.932,0.932,0.936,0.924,-0.952,0.956,0.936,0.936,0.92,0.904,0.92,0.932,0.936,0.92,0.92,0.948,0.964,-0.948,-0.96,-0.964,0.944,0.904,0.896,-0.916,-0.92,-0.9,-0.888,0.916,0.908,-0.948,-0.948,-0.936,-0.928,-0.924,0.932,-0.952,-0.956,0.94,-0.948,-0.96,-0.96,-0.964,-0.976,0.976,-0.984,-0.972,-0.964,-0.928,-0.932,-0.932,-0.936,-1.012,-1.004,0.972,0.996,-1.012,-0.98,-0.972,-0.96,-0.952
-1.072,-1.096,-1.092,-1.088,-1.088,-1.076,-1.072,1.052,1.056,1.076,1.068,1.084,1.076,1.08,-1.044,-1.028,-0.976,0.96,0.964,-0.968,-1.088,-1.092,-1.092,1.1,1.08,1.024,0.968,-0.992,-0.992,-1.06,-1.048,-1.06,-1.064,-1.068,-1.064,1.008,1.016,1.028,-1.044,-1.048,1.052,1.06,-1.064,-1.048,1.064,1.068,1.08,1.08,1.08,-1.08,-1.072,-1.072,-1.064,-1.04,-1.032,0.972,0.972,0.968,0.972,-0.968,-1.08,1.1,1.096,-1.08,1.12,1.108,-1.096,-1.104,-1.076,-1.072,-1.084,-1.092,-1.088,-1.08,1.08,1.04,1.052,-0.952,-0.956,-0.932,-0.944,-0.948,1,1.004,1.008,1.012,1.032,-1.036,-1.036,-1.032,-1.04,-1.032,-1.024,-1.032,-1.036,-1.008,-0.976,-0.996,-1.008,1.024,1.04,1.044,1.044,-1.076,-1.072,-1.064,-1.08,1.076,1.076,-1.06,1.064,-1.036,-1.04,1.024,1.004,-1.036,-1.044,-1.032,1.028,1.02,1.012,0.996,0.968,0.94,-0.908,-0.92,-0.928,-0.924,-0.952,0.924,1.112,1.116,1.12,1.08,-1.076,-1.064,-1.08,-1.08,-1.08,-1.076,-1.088,0.948,1.048,1.036,-1.064,1.1,1.1,1.104,1.108,1.064,-1.068,-1.06,1.084,1.056,1.044,1.056,1.06,1.068,1.072,1.06,-1.084,0.924,0.928,0.916,0.92,-0.9,-0.896,-0.9,-0.896,-0.9,0.912,-0.908,-0.92,-0.924,-0.94,1,-0.992,-0.992,-0.992,-1.02,1.004,1.024,1.012,-1.004,-1.024,-1.056,-1.08,1.064,1.056,1.06,1.06,-1.036,1.004,1.004,-1.008,1.016,1.008,1.004,1,1.02,1.024,1.02,1.012,1.02,1.016,-1,-0.992,0.944,0.936,0.932,0.932,0.936,0.924,1.048,-1.044,-1.064,-1.064,-1.08,-1.096,-1.08,-1.068,-1.064,-1.08,-1.08,0.948,0.964,-0.948,-0.96,1.036,-1.056,-1.096,-1.104,1.084,1.08,1.1,1.112,-1.084,-1.092,1.052,1.052,1.064,1.072,1.076,-1.068,1.048,1.044,-1.06,1.052,1.04,1.04,1.036,1.024,-1.024,1.016,1.028,1.036,1.072,1.068,1.068,1.064,0.988,0.996,-1.028,0.996,-1.012,1.02,1.028,1.04,1.048
0.928,0.904,0.908,0.912,-1.088,-1.076,-1.072,1.052,1.056,1.076,1.068,1.084,1.076,1.08,-1.044,-1.028,-0.976,0.96,0.964,-0.968,0.912,0.908,0.908,-0.9,-0.92,-0.976,0.968,1.008,1.008,0.94,0.952,0.94,0.936,0.932,0.936,-0.992,-0.984,-0.972,0.956,0.952,-0.948,-0.94,0.936,0.952,-0.936,-0.932,-0.92,-0.92,-0.92,0.92,0.928,0.928,0.936,0.96,0.968,-1.028,-1.028,-1.032,-1.028,1.032,-1.08,1.1,1.096,-1.08,-0.88,-0.892,0.904,0.896,0.924,0.928,0.916,0.908,0.912,0.92,-0.92,-0.96,-0.948,-0.952,-0.956,-0.932,-0.944,-0.948,1,1.004,1.008,1.012,1.032,-1.036,-1.036,-1.032,-1.04,-1.032,-1.024,-1.032,-1.036,-1.008,-0.976,-0.996,-1.008,1.024,1.04,1.044,1.044,-1.076,0.928,0.936,0.92,-0.924,-0.924,0.94,-0.936,0.964,0.96,-0.976,-0.996,0.964,0.956,0.968,-0.972,-0.98,-0.988,-1.004,-1.032,-1.06,1.092,1.08,1.072,1.076,1.048,-1.076,-0.888,-0.884,-0.88,-0.92,0.924,0.936,0.92,0.92,0.92,0.924,0.912,0.948,-0.952,-0.964,0.936,-0.9,-0.9,-0.896,-0.892,-0.936,0.932,0.94,-0.916,-0.944,-0.956,-0.944,-0.94,-0.932,-0.928,-0.94,0.916,0.924,0.928,0.916,0.92,-0.9,-0.896,-0.9,-0.896,-0.9,0.912,-0.908,-0.92,-0.924,-0.94,1,-0.992,-0.992,-0.992,-1.02,-0.996,-0.976,-0.988,0.996,0.976,0.944,0.92,-0.936,-0.944,-0.94,-0.94,0.964,-0.996,-0.996,0.992,-0.984,-0.992,-0.996,-1,-0.98,-0.976,-0.98,-0.988,-0.98,-0.984,1,-0.992,0.944,0.936,0.932,0.932,0.936,0.924,-0.952,0.956,0.936,0.936,0.92,0.904,0.92,0.932,0.936,0.92,0.92,-1.052,-1.036,1.052,1.04,-0.964,0.944,0.904,0.896,-0.916,-0.92,-0.9,-0.888,0.916,0.908,-0.948,-0.948,-0.936,-0.928,-0.924,0.932,-0.952,-0.956,0.94,-0.948,-0.96,-0.96,-0.964,-0.976,0.976,-0.984,-0.972,-0.964,-0.928,-0.932,-0.932,-0.936,0.988,0.996,-1.028,-1.004,0.988,-0.98,-0.972,-0.96,-0.952
-1.072,-1.096,-1.092,-1.088,-1.088,-1.076,-1.072,1.052,1.056,1.076,1.068,1.084,1.076,1.08,-1.044,-1.028,-0.976,-1.04,-1.036,1.032,-1.088,-1.092,-1.092,1.1,1.08,1.024,-1.032,1.008,1.008,0.94,0.952,0.94,0.936,0.932,0.936,1.008,1.016,1.028,-1.044,-1.048,1.052,1.06,-1.064,-1.048,1.064,1.068,1.08,1.08,1.08,-1.08,-1.072,-1.072,-1.064,-1.04,-1.032,0.972,0.972,0.968,0.972,-0.968,-1.08,1.1,1.096,-1.08,1.12,1.108,-1.096,-1.104,-1.076,-1.072,-1.084,-1.092,-1.088,-1.08,1.08,1.04,1.052,1.048,1.044,1.068,1.056,1.052,-1,-0.996,-0.992,-0.988,-0.968,0.964,0.964,0.968,0.96,0.968,0.976,0.968,0.964,0.992,1.024,1.004,0.992,-0.976,-0.96,-0.956,-0.956,-1.076,-1.072,-1.064,-1.08,1.076,1.076,-1.06,1.064,-1.036,-1.04,1.024,1.004,-1.036,-1.044,-1.032,1.028,1.02,1.012,0.996,0.968,0.94,-0.908,-0.92,-0.928,-0.924,-0.952,-1.076,1.112,1.116,1.12,1.08,-1.076,-1.064,-1.08,-1.08,0.92,0.924,0.912,0.948,1.048,1.036,-1.064,1.1,1.1,1.104,1.108,1.064,-1.068,0.94,-0.916,-0.944,-0.956,-0.944,-0.94,-0.932,-0.928,-0.94,0.916,0.924,0.928,0.916,0.92,-0.9,-0.896,-0.9,-0.896,-0.9,0.912,-0.908,-0.92,-0.924,-0.94,1,-0.992,-0.992,-0.992,-1.02,1.004,1.024,1.012,-1.004,-1.024,-1.056,-1.08,1.064,1.056,1.06,1.06,-1.036,1.004,1.004,-1.008,1.016,1.008,1.004,1,1.02,1.024,1.02,1.012,-0.98,-0.984,1,1.008,-1.056,-1.064,-1.068,-1.068,-1.064,-1.076,1.048,-1.044,-1.064,-1.064,-1.08,-1.096,-1.08,-1.068,-1.064,-1.08,-1.08,0.948,0.964,-0.948,-0.96,1.036,-1.056,-1.096,-1.104,1.084,1.08,1.1,1.112,-1.084,-1.092,1.052,1.052,1.064,1.072,1.076,-1.068,1.048,1.044,-1.06,1.052,1.04,1.04,1.036,1.024,-1.024,1.016,1.028,1.036,1.072,1.068,1.068,1.064,-1.012,-1.004,0.972,0.996,-1.012,1.02,1.028,1.04,1.048
0.928,0.904,0.908,-1.088,-1.088,-1.076,-1.072,1.052,1.056,1.076,1.068,1.084,1.076,1.08,-1.044,-1.028,-0.976,0.96,0.964,-0.968,0.912,0.908,0.908,-0.9,-0.92,1.024,-1.032,1.008,1.008,0.94,0.952,0.94,0.936,0.932,0.936,-0.992,-0.984,-0.972,0.956,0.952,-0.948,-0.94,0.936,0.952,-0.936,-0.932,-0.92,-0.92,-0.92,0.92,0.928,0.928,0.936,0.96,0.968,-1.028,-1.028,-1.032,-1.028,1.032,-1.08,1.1,1.096,-1.08,1.12,1.108,-1.096,-1.104,-1.076,0.928,0.916,0.908,0.912,0.92,-0.92,1.04,1.052,1.048,1.044,1.068,1.056,1.052,-1,-0.996,-0.992,-0.988,-0.968,0.964,0.964,0.968,0.96,0.968,0.976,0.968,0.964,0.992,1.024,1.004,0.992,-0.976,-0.96,-0.956,-0.956,0.924,0.928,0.936,0.92,-0.924,-0.924,0.94,-0.936,0.964,0.96,-0.976,-0.996,-1.036,-1.044,-1.032,1.028,1.02,1.012,0.996,0.968,0.94,-0.908,-0.92,-0.928,-0.924,-0.952,0.924,-0.888,-0.884,-0.88,-0.92,0.924,0.936,0.92,0.92,0.92,0.924,0.912,-1.052,-0.952,-0.964,0.936,-0.9,-0.9,-0.896,-0.892,-0.936,0.932,0.94,-0.916,-0.944,-0.956,-0.944,-0.94,-0.932,-0.928,-0.94,0.916,0.924,0.928,0.916,0.92,-0.9,-0.896,-0.9,-0.896,-0.9,0.912,-0.908,-0.92,-0.924,-0.94,1,-0.992,-0.992,-0.992,-1.02,1.004,1.024,-0.988,0.996,0.976,0.944,0.92,-0.936,-0.944,-0.94,-0.94,-1.036,1.004,1.004,-1.008,1.016,1.008,1.004,1,1.02,1.024,1.02,1.012,1.02,1.016,-1,-0.992,0.944,0.936,0.932,0.932,0.936,0.924,-0.952,0.956,0.936,0.936,0.92,0.904,0.92,0.932,0.936,0.92,0.92,0.948,0.964,-0.948,-0.96,-0.964,0.944,0.904,0.896,-0.916,-0.92,-0.9,-0.888,0.916,0.908,-0.948,-0.948,-0.936,-0.928,-0.924,0.932,-0.952,-0.956,0.94,-0.948,-0.96,-0.96,-0.964,-0.976,0.976,-0.984,-0.972,-0.964,-0.928,-0.932,-0.932,-0.936,-1.012,-1.004,0.972,-1.004,0.988,-0.98,-0.972,-0.96,-0.952
0.928,0.904,0.908,0.912,0.912,0.924,0.928,-0.948,-0.944,-0.924,-0.932,-0.916,-0.924,-0.92,0.956,0.972,-0.976,0.96,0.964,-0.968,0.912,0.908,0.908,-0.9,-0.92,-0.976,0.968,-0.992,-0.992,-1.06,-1.048,-1.06,-1.064,-1.068,-1.064,1.008,1.016,1.028,0.956,0.952,-0.948,-0.94,0.936,0.952,-0.936,-0.932,-0.92,-0.92,-0.92,0.92,-1.072,-1.072,-1.064,-1.04,-1.032,0.972,0.972,0.968,0.972,-0.968,0.92,-0.9,-0.904,0.92,-0.88,-0.892,0.904,0.896,0.924,0.928,0.916,0.908,0.912,0.92,-0.92,1.04,1.052,1.048,1.044,1.068,1.056,1.052,-1,-0.996,-0.992,-0.988,-0.968,0.964,0.964,0.968,0.96,0.968,0.976,0.968,0.964,0.992,1.024,1.004,0.992,-0.976,-0.96,-0.956,-0.956,0.924,0.928,0.936,0.92,-0.924,-0.924,0.94,-0.936,0.964,-1.04,1.024,1.004,-1.036,-1.044,-1.032,1.028,1.02,1.012,0.996,0.968,0.94,-0.908,-0.92,-0.928,-0.924,-0.952,0.924,-0.888,-0.884,-0.88,-0.92,0.924,0.936,0.92,0.92,0.92,0.924,0.912,0.948,1.048,1.036,-1.064,-0.9,-0.9,-0.896,-0.892,-0.936,0.932,0.94,-0.916,-0.944,-0.956,-0.944,-0.94,-0.932,-0.928,-0.94,0.916,0.924,0.928,0.916,0.92,-0.9,-0.896,1.1,1.104,1.1,-1.088,1.092,1.08,1.076,1.06,-1,1.008,1.008,1.008,0.98,-0.996,-0.976,-0.988,0.996,0.976,0.944,0.92,-0.936,-0.944,-0.94,-0.94,0.964,-0.996,-0.996,0.992,-0.984,-0.992,-0.996,1,1.02,1.024,1.02,1.012,1.02,1.016,-1,-0.992,0.944,0.936,0.932,0.932,0.936,0.924,-0.952,0.956,0.936,0.936,0.92,0.904,0.92,0.932,0.936,0.92,0.92,0.948,0.964,-0.948,-0.96,-0.964,0.944,0.904,0.896,-0.916,-0.92,-0.9,-0.888,0.916,0.908,-0.948,-0.948,-0.936,-0.928,-0.924,0.932,-0.952,-0.956,0.94,-0.948,-0.96,-0.96,-0.964,-0.976,0.976,-0.984,-0.972,-0.964,-0.928,-0.932,-0.932,-0.936,0.988,0.996,-1.028,-1.004,0.988,-0.98,-0.972,-0.96,-0.952
0.928,0.904,0.908,0.912,0.912,0.924,0.928,-0.948,1.056,1.076,1.068,1.084,1.076,1.08,-1.044,-1.028,-0.976,0.96,0.964,-0.968,0.912,0.908,0.908,-0.9,-0.92,-0.976,0.968,-0.992,-0.992,0.94,0.952,0.94,0.936,0.932,0.936,-0.992,-0.984,-0.972,0.956,0.952,-0.948,-0.94,0.936,0.952,-0.936,-0.932,-0.92,-0.92,-0.92,0.92,0.928,0.928,0.936,-1.04,-1.032,0.972,0.972,0.968,0.972,-0.968,0.92,-0.9,-0.904,0.92,-0.88,-0.892,0.904,0.896,0.924,0.928,0.916,0.908,0.912,0.92,-0.92,-0.96,-0.948,-0.952,-0.956,-0.932,-0.944,-0.948,1,1.004,1.008,1.012,1.032,-1.036,0.964,0.968,0.96,0.968,0.976,0.968,0.964,0.992,1.024,1.004,0.992,-0.976,-0.96,-0.956,-0.956,0.924,0.928,0.936,0.92,-0.924,-0.924,0.94,-0.936,0.964,0.96,-0.976,-0.996,0.964,0.956,0.968,-0.972,-0.98,-0.988,-1.004,0.968,0.94,-0.908,-0.92,-0.928,-0.924,-0.952,0.924,-0.888,-0.884,-0.88,-0.92,0.924,-1.064,-1.08,-1.08,-1.08,-1.076,-1.088,-1.052,-0.952,-0.964,0.936,-0.9,-0.9,-0.896,-0.892,-0.936,0.932,0.94,-0.916,-0.944,-0.956,-0.944,-0.94,-0.932,-0.928,-0.94,0.916,0.924,0.928,0.916,0.92,-0.9,-0.896,-0.9,-0.896,-0.9,0.912,-0.908,-0.92,-0.924,-0.94,1,-0.992,-0.992,-0.992,-1.02,-0.996,-0.976,-0.988,0.996,0.976,0.944,0.92,-0.936,-0.944,-0.94,-0.94,0.964,-0.996,-0.996,0.992,-0.984,-0.992,-0.996,-1,-0.98,-0.976,-0.98,-0.988,-0.98,-0.984,1,1.008,-1.056,-1.064,-1.068,-1.068,-1.064,-1.076,1.048,-1.044,-1.064,0.936,0.92,0.904,0.92,0.932,0.936,0.92,0.92,-1.052,-1.036,1.052,1.04,-0.964,0.944,0.904,0.896,-0.916,-0.92,-0.9,-0.888,0.916,0.908,-0.948,-0.948,-0.936,-0.928,-0.924,0.932,-0.952,-0.956,-1.06,1.052,1.04,1.04,1.036,1.024,-1.024,1.016,1.028,1.036,1.072,1.068,1.068,1.064,0.988,0.996,-1.028,-1.004,0.988,-0.98,-0.972,-0.96,-0.952
0.928,0.904,0.908,0.912,0.912,0.924,0.928,-0.948,-0.944,-0.924,-0.932,-0.916,-0.924,-0.92,0.956,0.972,1.024,-1.04,-1.036,1.032,0.912,0.908,0.908,-0.9,-0.92,-0.976,0.968,-0.992,-0.992,-1.06,-1.048,0.94,0.936,0.932,0.936,-0.992,-0.984,-0.972,0.956,0.952,-0.948,-0.94,0.936,0.952,-0.936,-0.932,-0.92,-0.92,-0.92,0.92,0.928,0.928,0.936,0.96,0.968,-1.028,-1.028,-1.032,-1.028,1.032,-1.08,1.1,1.096,0.92,-0.88,-0.892,0.904,0.896,0.924,0.928,0.916,0.908,0.912,0.92,-0.92,-0.96,-0.948,-0.952,-0.956,-0.932,-0.944,-0.948,1,1.004,1.008,1.012,1.032,-1.036,-1.036,-1.032,-1.04,-1.032,-1.024,-1.032,-1.036,-1.008,1.024,1.004,0.992,-0.976,-0.96,-0.956,-0.956,0.924,0.928,0.936,0.92,-0.924,-0.924,0.94,-0.936,0.964,0.96,-0.976,-0.996,0.964,0.956,0.968,-0.972,-0.98,-0.988,-1.004,-1.032,-1.06,1.092,1.08,1.072,1.076,1.048,0.924,-0.888,-0.884,-0.88,-0.92,0.924,0.936,0.92,0.92,0.92,0.924,0.912,0.948,1.048,1.036,-1.064,1.1,1.1,1.104,-0.892,-0.936,0.932,0.94,-0.916,-0.944,-0.956,-0.944,-0.94,-0.932,-0.928,-0.94,0.916,0.924,0.928,0.916,0.92,-0.9,-0.896,-0.9,-0.896,-0.9,0.912,-0.908,-0.92,-0.924,-0.94,1,-0.992,-0.992,-0.992,0.98,-0.996,-0.976,-0.988,0.996,0.976,0.944,0.92,-0.936,-0.944,-0.94,-0.94,0.964,1.004,1.004,-1.008,1.016,1.008,1.004,1,1.02,1.024,1.02,1.012,1.02,1.016,-1,-0.992,0.944,0.936,0.932,0.932,0.936,0.924,-0.952,0.956,0.936,0.936,0.92,0.904,-1.08,-1.068,-1.064,-1.08,-1.08,-1.052,-1.036,1.052,1.04,-0.964,0.944,0.904,0.896,-0.916,-0.92,-0.9,-0.888,0.916,0.908,-0.948,-0.948,-0.936,-0.928,-0.924,0.932,-0.952,-0.956,-1.06,1.052,1.04,1.04,1.036,1.024,-1.024,1.016,1.028,1.036,1.072,1.068,1.068,1.064,0.988,0.996,-1.028,-1.004,0.988,-0.98,-0.972,-0.96,-0.952
0.928,0.904,0.908,0.912,0.912,0.924,0.928,-0.948,-0.944,-0.924,-0.932,-0.916,-0.924,-0.92,0.956,0.972,-0.976,0.96,0.964,-0.968,0.912,0.908,0.908,-0.9,-0.92,-0.976,0.968,-0.992,-0.992,0.94,0.952,0.94,0.936,0.932,0.936,-0.992,-0.984,-0.972,0.956,0.952,-0.948,-0.94,0.936,0.952,-0.936,-0.932,-0.92,-0.92,-0.92,0.92,0.928,0.928,0.936,0.96,0.968,-1.028,-1.028,-1.032,-1.028,1.032,0.92,-0.9,-0.904,0.92,-0.88,-0.892,0.904,0.896,0.924,0.928,0.916,0.908,0.912,0.92,-0.92,-0.96,-0.948,-0.952,-0.956,-0.932,-0.944,-0.948,1,1.004,1.008,1.012,-0.968,0.964,0.964,0.968,0.96,0.968,0.976,0.968,0.964,0.992,1.024,1.004,0.992,-0.976,-0.96,-0.956,-0.956,0.924,0.928,0.936,0.92,-0.924,-0.924,0.94,-0.936,0.964,0.96,-0.976,-0.996,0.964,0.956,0.968,-0.972,-0.98,-0.988,0.996,0.968,0.94,-0.908,-0.92,-0.928,-0.924,-0.952,0.924,-0.888,-0.884,-0.88,-0.92,0.924,0.936,0.92,0.92,0.92,0.924,0.912,-1.052,-0.952,-0.964,0.936,-0.9,-0.9,-0.896,-0.892,-0.936,0.932,0.94,-0.916,-0.944,-0.956,-0.944,-0.94,-0.932,-0.928,-0.94,0.916,0.924,0.928,0.916,0.92,-0.9,-0.896,-0.9,-0.896,-0.9,0.912,-0.908,-0.92,-0.924,-0.94,-1,1.008,1.008,1.008,0.98,-0.996,-0.976,-0.988,0.996,0.976,0.944,0.92,-0.936,-0.944,-0.94,-0.94,0.964,-0.996,-0.996,-1.008,1.016,1.008,1.004,1,1.02,1.024,1.02,1.012,1.02,1.016,-1,-0.992,0.944,0.936,0.932,0.932,0.936,0.924,-0.952,0.956,0.936,0.936,0.92,0.904,-1.08,-1.068,-1.064,-1.08,-1.08,-1.052,-1.036,1.052,1.04,-0.964,0.944,0.904,0.896,-0.916,-0.92,-0.9,-0.888,0.916,0.908,-0.948,-0.948,-0.936,-0.928,-0.924,0.932,-0.952,-0.956,0.94,-0.948,-0.96,-0.96,-0.964,-0.976,0.976,-0.984,-0.972,-0.964,-0.928,-0.932,-0.932,-0.936,-1.012,-1.004,0.972,0.996,0.988,-0.98,-0.972,-0.96,-0.952
0.928,0.904,0.908,0.912,0.912,0.924,0.928,-0.948,-0.944,-0.924,-0.932,-0.916,-0.924,-0.92,0.956,-1.028,-0.976,0.96,0.964,-0.968,0.912,0.908,0.908,-0.9,-0.92,-0.976,0.968,-0.992,-0.992,-1.06,-1.048,0.94,0.936,0.932,0.936,-0.992,-0.984,-0.972,0.956,0.952,-0.948,-0.94,0.936,0.952,-0.936,-0.932,-0.92,-0.92,-0.92,0.92,0.928,0.928,0.936,0.96,0.968,-1.028,-1.028,-1.032,-1.028,1.032,-1.08,1.1,1.096,-1.08,-0.88,-0.892,0.904,0.896,0.924,0.928,0.916,0.908,0.912,0.92,-0.92,-0.96,-0.948,-0.952,-0.956,-0.932,-0.944,-0.948,1,1.004,1.008,1.012,1.032,-1.036,-1.036,-1.032,0.96,0.968,0.976,0.968,0.964,0.992,1.024,1.004,0.992,-0.976,-0.96,-0.956,-0.956,0.924,0.928,0.936,0.92,-0.924,-0.924,0.94,-0.936,0.964,0.96,-0.976,-0.996,0.964,0.956,0.968,-0.972,-0.98,1.012,0.996,0.968,0.94,-0.908,-0.92,-0.928,-0.924,-0.952,0.924,-0.888,-0.884,-0.88,-0.92,0.924,0.936,0.92,0.92,0.92,0.924,0.912,0.948,-0.952,-0.964,0.936,-0.9,-0.9,-0.896,-0.892,-0.936,0.932,0.94,-0.916,-0.944,-0.956,-0.944,-0.94,-0.932,-0.928,-0.94,0.916,0.924,0.928,0.916,0.92,-0.9,-0.896,-0.9,-0.896,-0.9,0.912,-0.908,-0.92,-0.924,-0.94,1,-0.992,-0.992,-0.992,-1.02,1.004,1.024,1.012,-1.004,-1.024,0.944,0.92,-0.936,-0.944,-0.94,-0.94,-1.036,1.004,1.004,-1.008,1.016,1.008,1.004,1,1.02,1.024,1.02,1.012,1.02,1.016,-1,-0.992,0.944,0.936,0.932,0.932,0.936,0.924,-0.952,0.956,0.936,0.936,0.92,0.904,0.92,0.932,0.936,0.92,0.92,-1.052,-1.036,1.052,1.04,-0.964,0.944,0.904,0.896,-0.916,-0.92,-0.9,-0.888,0.916,0.908,-0.948,-0.948,-0.936,-0.928,1.076,-1.068,1.048,1.044,-1.06,1.052,1.04,1.04,1.036,1.024,-1.024,1.016,1.028,1.036,1.072,1.068,1.068,1.064,0.988,0.996,-1.028,-1.004,0.988,-0.98,-0.972,-0.96,-0.952
0.928,0.904,0.908,0.912,0.912,0.924,0.928,-0.948,-0.944,-0.924,-0.932,-0.916,-0.924,-0.92,0.956,0.972,1.024,-1.04,-1.036,1.032,0.912,0.908,0.908,-0.9,-0.92,-0.976,0.968,-0.992,-0.992,-1.06,-1.048,-1.06,-1.064,-1.068,-1.064,1.008,1.016,1.028,-1.044,-1.048,-0.948,-0.94,0.936,0.952,-0.936,-0.932,-0.92,-0.92,-0.92,0.92,0.928,0.928,0.936,0.96,0.968,0.972,0.972,0.968,0.972,-0.968,0.92,-0.9,-0.904,0.92,-0.88,-0.892,0.904,0.896,0.924,0.928,0.916,0.908,0.912,0.92,-0.92,-0.96,-0.948,-0.952,-0.956,-0.932,-0.944,-0.948,1,1.004,1.008,1.012,1.032,-1.036,-1.036,-1.032,-1.04,-1.032,-1.024,-1.032,-1.036,-1.008,-0.976,-0.996,-1.008,1.024,1.04,1.044,1.044,0.924,0.928,0.936,0.92,-0.924,-0.924,0.94,-0.936,0.964,0.96,-0.976,-0.996,0.964,0.956,0.968,-0.972,-0.98,-0.988,-1.004,-1.032,-1.06,1.092,1.08,1.072,1.076,1.048,-1.076,1.112,1.116,1.12,-0.92,0.924,0.936,0.92,0.92,0.92,0.924,0.912,0.948,1.048,1.036,-1.064,1.1,1.1,1.104,-0.892,-0.936,0.932,0.94,-0.916,-0.944,-0.956,-0.944,-0.94,-0.932,-0.928,-0.94,0.916,0.924,0.928,0.916,0.92,-0.9,-0.896,-0.9,-0.896,-0.9,-1.088,1.092,1.08,1.076,1.06,-1,1.008,1.008,1.008,0.98,-0.996,-0.976,-0.988,0.996,0.976,0.944,0.92,-0.936,-0.944,-0.94,-0.94,0.964,-0.996,-0.996,0.992,-0.984,-0.992,-0.996,1,1.02,1.024,1.02,1.012,1.02,1.016,-1,-0.992,0.944,0.936,0.932,0.932,0.936,0.924,-0.952,0.956,0.936,0.936,0.92,0.904,0.92,0.932,0.936,0.92,0.92,-1.052,-1.036,1.052,1.04,-0.964,0.944,0.904,0.896,-0.916,-0.92,-0.9,-0.888,0.916,0.908,-0.948,-0.948,-0.936,-0.928,-0.924,0.932,-0.952,-0.956,0.94,-0.948,-0.96,-0.96,-0.964,-0.976,0.976,-0.984,-0.972,-0.964,-0.928,-0.932,-0.932,-0.936,-1.012,-1.004,0.972,-1.004,0.988,-0.98,-0.972,-0.96,-0.952
0.928,0.904,0.908,0.912,0.912,0.924,0.928,-0.948,-0.944,-0.924,-0.932,-0.916,-0.924,-0.92,0.956,0.972,1.024,-1.04,-1.036,1.032,0.912,0.908,0.908,-0.9,-0.92,-0.976,0.968,-0.992,-0.992,-1.06,-1.048,-1.06,-1.064,-1.068,-1.064,1.008,1.016,1.028,-1.044,-1.048,1.052,-0.94,0.936,0.952,-0.936,-0.932,-0.92,-0.92,-0.92,0.92,0.928,0.928,-1.064,-1.04,-1.032,0.972,0.972,0.968,0.972,-0.968,0.92,-0.9,-0.904,0.92,-0.88,-0.892,0.904,0.896,0.924,0.928,0.916,0.908,0.912,0.92,-0.92,-0.96,-0.948,-0.952,-0.956,-0.932,-0.944,-0.948,1,1.004,1.008,1.012,1.032,-1.036,-1.036,-1.032,-1.04,-1.032,-1.024,-1.032,-1.036,0.992,1.024,1.004,0.992,-0.976,-0.96,-0.956,-0.956,0.924,0.928,0.936,0.92,-0.924,-0.924,0.94,-0.936,0.964,0.96,-0.976,-0.996,0.964,0.956,0.968,-0.972,-0.98,-0.988,-1.004,0.968,0.94,-0.908,-0.92,-0.928,-0.924,-0.952,0.924,-0.888,-0.884,-0.88,-0.92,0.924,0.936,0.92,0.92,0.92,0.924,0.912,0.948,1.048,1.036,-1.064,1.1,1.1,1.104,-0.892,-0.936,0.932,0.94,-0.916,-0.944,-0.956,-0.944,-0.94,-0.932,-0.928,-0.94,0.916,0.924,0.928,0.916,0.92,-0.9,-0.896,-0.9,-0.896,-0.9,0.912,-0.908,1.08,1.076,1.06,-1,1.008,1.008,1.008,0.98,-0.996,-0.976,-0.988,0.996,0.976,0.944,0.92,-0.936,-0.944,-0.94,-0.94,0.964,-0.996,-0.996,-1.008,1.016,1.008,1.004,1,1.02,1.024,1.02,1.012,1.02,1.016,-1,-0.992,0.944,0.936,0.932,0.932,0.936,0.924,-0.952,0.956,0.936,0.936,0.92,0.904,0.92,0.932,0.936,0.92,0.92,0.948,0.964,-0.948,-0.96,1.036,-1.056,0.904,0.896,-0.916,-0.92,-0.9,-0.888,0.916,0.908,-0.948,-0.948,-0.936,-0.928,-0.924,0.932,-0.952,1.044,-1.06,1.052,1.04,1.04,1.036,1.024,-1.024,1.016,1.028,1.036,1.072,1.068,1.068,1.064,0.988,0.996,-1.028,-1.004,0.988,-0.98,-0.972,-0.96,-0.952
0.928,0.904,0.908,0.912,0.912,0.924,0.928,-0.948,-0.944,-0.924,-0.932,-0.916,-0.924,-0.92,-1.044,-1.028,-0.976,0.96,0.964,-0.968,0.912,0.908,0.908,-0.9,-0.92,-0.976,0.968,-0.992,-0.992,0.94,0.952,0.94,0.936,0.932,0.936,-0.992,-0.984,-0.972,0.956,0.952,-0.948,-0.94,0.936,0.952,-0.936,-0.932,-0.92,-0.92,-0.92,0.92,0.928,0.928,0.936,0.96,0.968,0.972,0.972,0.968,0.972,-0.968,0.92,-0.9,-0.904,0.92,-0.88,-0.892,0.904,0.896,0.924,0.928,0.916,0.908,0.912,0.92,-0.92,-0.96,-0.948,-0.952,-0.956,-0.932,-0.944,-0.948,1,1.004,1.008,1.012,1.032,-1.036,-1.036,-1.032,-1.04,-1.032,-1.024,-1.032,-1.036,-1.008,-0.976,-0.996,-1.008,1.024,1.04,1.044,1.044,0.924,0.928,0.936,0.92,-0.924,-0.924,0.94,-0.936,0.964,0.96,-0.976,-0.996,0.964,0.956,0.968,-0.972,-0.98,-0.988,-1.004,-1.032,-1.06,1.092,1.08,1.072,1.076,1.048,0.924,-0.888,-0.884,-0.88,-0.92,0.924,0.936,0.92,0.92,0.92,0.924,0.912,-1.052,-0.952,-0.964,0.936,-0.9,-0.9,-0.896,-0.892,-0.936,0.932,0.94,-0.916,-0.944,-0.956,-0.944,-0.94,-0.932,-0.928,-0.94,0.916,0.924,0.928,0.916,0.92,-0.9,-0.896,-0.9,-0.896,-0.9,0.912,-0.908,-0.92,-0.924,-0.94,-1,1.008,1.008,1.008,0.98,-0.996,-0.976,-0.988,0.996,0.976,0.944,0.92,-0.936,-0.944,-0.94,-0.94,0.964,-0.996,-0.996,0.992,1.016,1.008,1.004,1,1.02,1.024,1.02,1.012,1.02,1.016,-1,-0.992,0.944,0.936,0.932,0.932,0.936,0.924,-0.952,0.956,0.936,0.936,0.92,0.904,0.92,0.932,0.936,0.92,0.92,0.948,0.964,-0.948,-0.96,-0.964,0.944,0.904,0.896,-0.916,-0.92,-0.9,-0.888,0.916,0.908,-0.948,-0.948,-0.936,-0.928,-0.924,0.932,-0.952,-0.956,0.94,-0.948,-0.96,-0.96,-0.964,-0.976,-1.024,1.016,1.028,1.036,1.072,1.068,1.068,1.064,0.988,0.996,-1.028,-1.004,0.988,-0.98,-0.972,-0.96,-0.952
-1.072,-1.096,-1.092,-1.088,-1.088,-1.076,-1.072,1.052,1.056,1.076,1.068,1.084,1.076,1.08,-1.044,-1.028,-0.976,0.96,0.964,-0.968,-1.088,-1.092,-1.092,1.1,1.08,1.024,-1.032,1.008,1.008,0.94,0.952,-1.06,-1.064,-1.068,-1.064,1.008,1.016,1.028,-1.044,-1.048,1.052,1.06,-1.064,-1.048,1.064,1.068,1.08,1.08,1.08,-1.08,-1.072,-1.072,-1.064,-1.04,-1.032,0.972,0.972,0.968,0.972,-0.968,0.92,-0.9,-0.904,0.92,-0.88,-0.892,-1.096,-1.104,-1.076,-1.072,-1.084,-1.092,-1.088,-1.08,1.08,1.04,1.052,1.048,1.044,1.068,1.056,1.052,-1,-0.996,-0.992,-0.988,-0.968,0.964,0.964,0.968,0.96,0.968,0.976,0.968,0.964,-1.008,-0.976,-0.996,-1.008,1.024,1.04,1.044,1.044,-1.076,-1.072,-1.064,-1.08,1.076,1.076,-1.06,1.064,-1.036,-1.04,1.024,1.004,-1.036,-1.044,-1.032,1.028,1.02,1.012,0.996,-1.032,-1.06,1.092,1.08,1.072,1.076,1.048,-1.076,1.112,1.116,1.12,1.08,-1.076,0.936,0.92,0.92,0.92,0.924,0.912,0.948,1.048,1.036,-1.064,1.1,1.1,1.104,1.108,1.064,-1.068,-1.06,1.084,1.056,1.044,1.056,1.06,1.068,1.072,1.06,-1.084,-1.076,-1.072,-1.084,-1.08,1.1,1.104,-0.9,-0.896,-0.9,0.912,-0.908,-0.92,-0.924,-0.94,1,-0.992,-0.992,-0.992,-1.02,1.004,1.024,1.012,-1.004,-1.024,-1.056,-1.08,1.064,1.056,1.06,1.06,-1.036,1.004,1.004,-1.008,1.016,1.008,1.004,1,1.02,1.024,1.02,1.012,1.02,1.016,-1,-0.992,0.944,0.936,0.932,0.932,0.936,0.924,-0.952,-1.044,-1.064,-1.064,-1.08,-1.096,-1.08,-1.068,-1.064,-1.08,-1.08,-1.052,-1.036,-0.948,-0.96,1.036,-1.056,-1.096,-1.104,1.084,1.08,1.1,1.112,-1.084,-1.092,1.052,1.052,1.064,1.072,1.076,-1.068,1.048,1.044,0.94,-0.948,-0.96,-0.96,-0.964,-0.976,0.976,-0.984,-0.972,-0.964,-0.928,-0.932,-0.932,-0.936,-1.012,-1.004,0.972,0.996,-1.012,1.02,1.028,1.04,1.048
-1.072,-1.096,-1.092,-1.088,-1.088,-1.076,-1.072,1.052,1.056,1.076,1.068,1.084,1.076,1.08,-1.044,-1.028,-0.976,0.96,0.964,1.032,-1.088,-1.092,-1.092,1.1,1.08,-0.976,0.968,-0.992,-0.992,-1.06,-1.048,-1.06,-1.064,-1.068,-1.064,1.008,1.016,1.028,-1.044,-1.048,1.052,1.06,-1.064,-1.048,1.064,1.068,1.08,1.08,1.08,-1.08,-1.072,-1.072,-1.064,-1.04,-1.032,-1.028,-1.028,-1.032,-1.028,1.032,-1.08,1.1,1.096,-1.08,1.12,1.108,-1.096,-1.104,-1.076,-1.072,-1.084,-1.092,-1.088,-1.08,1.08,1.04,1.052,1.048,1.044,1.068,1.056,1.052,-1,-0.996,-0.992,-0.988,-0.968,0.964,0.964,0.968,0.96,0.968,0.976,0.968,0.964,-1.008,-0.976,-0.996,-1.008,1.024,1.04,1.044,1.044,-1.076,-1.072,-1.064,-1.08,1.076,1.076,-1.06,1.064,-1.036,-1.04,1.024,1.004,0.964,0.956,0.968,-0.972,-0.98,-0.988,-1.004,-1.032,-1.06,1.092,1.08,1.072,1.076,1.048,-1.076,1.112,1.116,1.12,1.08,-1.076,-1.064,-1.08,-1.08,-1.08,-1.076,-1.088,-1.052,-0.952,-0.964,0.936,-0.9,-0.9,-0.896,-0.892,1.064,-1.068,0.94,-0.916,-0.944,-0.956,-0.944,-0.94,-0.932,-0.928,-0.94,0.916,0.924,0.928,0.916,0.92,-0.9,-0.896,-0.9,-0.896,-0.9,0.912,-0.908,-0.92,-0.924,-0.94,1,-0.992,-0.992,-0.992,-1.02,1.004,1.024,1.012,-1.004,-1.024,-1.056,-1.08,1.064,1.056,-0.94,-0.94,0.964,-0.996,-0.996,0.992,-0.984,-0.992,-0.996,-1,-0.98,-0.976,-0.98,-0.988,-0.98,-0.984,1,1.008,-1.056,-1.064,-1.068,-1.068,-1.064,-1.076,1.048,-1.044,-1.064,-1.064,-1.08,-1.096,-1.08,-1.068,-1.064,-1.08,-1.08,-1.052,-1.036,-0.948,-0.96,1.036,-1.056,-1.096,-1.104,1.084,1.08,1.1,1.112,-1.084,-1.092,1.052,1.052,1.064,1.072,1.076,0.932,-0.952,-0.956,0.94,-0.948,-0.96,-0.96,-0.964,-0.976,0.976,-0.984,-0.972,-0.964,-0.928,-0.932,-0.932,-0.936,-1.012,-1.004,0.972,0.996,-1.012,1.02,1.028,1.04,1.048
-1.072,-1.096,-1.092,-1.088,-1.088,-1.076,-1.072,-0.948,-0.944,-0.924,-0.932,-0.916,-0.924,-0.92,0.956,0.972,1.024,-1.04,-1.036,1.032,-1.088,-1.092,-1.092,1.1,1.08,1.024,-1.032,1.008,1.008,0.94,0.952,0.94,0.936,0.932,0.936,-0.992,-0.984,-0.972,0.956,0.952,-0.948,-0.94,-1.064,-1.048,1.064,1.068,1.08,1.08,1.08,-1.08,-1.072,-1.072,-1.064,-1.04,-1.032,-1.028,-1.028,-1.032,-1.028,1.032,-1.08,1.1,1.096,-1.08,1.12,1.108,-1.096,-1.104,-1.076,-1.072,-1.084,-1.092,-1.088,-1.08,1.08,1.04,1.052,1.048,1.044,1.068,1.056,1.052,-1,-0.996,-0.992,-0.988,-0.968,0.964,0.964,0.968,0.96,0.968,0.976,0.968,0.964,0.992,-0.976,-0.996,-1.008,1.024,1.04,1.044,1.044,-1.076,-1.072,-1.064,-1.08,1.076,1.076,-1.06,1.064,-1.036,-1.04,1.024,1.004,-1.036,-1.044,-1.032,1.028,1.02,-0.988,-1.004,-1.032,-1.06,1.092,1.08,1.072,1.076,1.048,-1.076,1.112,1.116,1.12,1.08,-1.076,0.936,0.92,0.92,0.92,0.924,0.912,0.948,1.048,1.036,-1.064,1.1,1.1,1.104,1.108,1.064,-1.068,-1.06,1.084,1.056,1.044,1.056,1.06,1.068,1.072,1.06,-1.084,-1.076,-1.072,-1.084,-1.08,1.1,1.104,1.1,1.104,1.1,-1.088,1.092,1.08,1.076,1.06,-1,1.008,1.008,1.008,0.98,1.004,1.024,1.012,-1.004,-1.024,-1.056,-1.08,1.064,1.056,1.06,1.06,-1.036,1.004,1.004,-1.008,1.016,1.008,1.004,1,1.02,1.024,1.02,1.012,1.02,1.016,-1,-0.992,-1.056,-1.064,-1.068,-1.068,-1.064,-1.076,1.048,-1.044,-1.064,-1.064,-1.08,-1.096,-1.08,-1.068,-1.064,-1.08,-1.08,0.948,0.964,-0.948,-0.96,1.036,-1.056,-1.096,-1.104,1.084,1.08,1.1,1.112,-1.084,-1.092,1.052,1.052,1.064,1.072,1.076,-1.068,1.048,1.044,-1.06,1.052,1.04,1.04,1.036,1.024,-1.024,1.016,1.028,-0.964,-0.928,-0.932,-0.932,-0.936,-1.012,-1.004,0.972,0.996,-1.012,1.02,1.028,1.04,1.048
0.928,0.904,0.908,0.912,-1.088,-1.076,-1.072,1.052,1.056,1.076,1.068,1.084,1.076,1.08,-1.044,-1.028,-0.976,0.96,0.964,-0.968,0.912,0.908,0.908,-0.9,-0.92,-0.976,0.968,-0.992,-0.992,0.94,0.952,0.94,0.936,0.932,0.936,-0.992,-0.984,-0.972,0.956,0.952,-0.948,-0.94,0.936,0.952,-0.936,-0.932,-0.92,-0.92,-0.92,0.92,0.928,0.928,0.936,0.96,0.968,-1.028,-1.028,-1.032,-1.028,1.032,0.92,-0.9,-0.904,0.92,-0.88,-0.892,0.904,0.896,0.924,0.928,0.916,0.908,0.912,0.92,-0.92,-0.96,-0.948,-0.952,-0.956,-0.932,-0.944,-0.948,1,1.004,1.008,1.012,1.032,-1.036,-1.036,-1.032,-1.04,-1.032,-1.024,-1.032,-1.036,0.992,1.024,1.004,0.992,-0.976,-0.96,-0.956,-0.956,0.924,0.928,0.936,0.92,-0.924,-0.924,0.94,-0.936,0.964,0.96,-0.976,-0.996,0.964,0.956,0.968,-0.972,-0.98,-0.988,-1.004,-1.032,-1.06,1.092,1.08,1.072,1.076,1.048,-1.076,1.112,1.116,-0.88,-0.92,0.924,0.936,-1.08,-1.08,-1.08,-1.076,-1.088,-1.052,-0.952,-0.964,0.936,-0.9,-0.9,-0.896,-0.892,-0.936,0.932,0.94,-0.916,1.056,1.044,1.056,1.06,1.068,1.072,1.06,-1.084,-1.076,-1.072,-1.084,-1.08,1.1,1.104,1.1,1.104,1.1,-1.088,1.092,1.08,1.076,1.06,-1,1.008,1.008,1.008,0.98,-0.996,-0.976,-0.988,0.996,0.976,0.944,0.92,-0.936,-0.944,-0.94,-0.94,0.964,1.004,1.004,-1.008,1.016,1.008,1.004,1,1.02,1.024,1.02,1.012,1.02,1.016,-1,-0.992,0.944,0.936,0.932,0.932,0.936,0.924,-0.952,0.956,0.936,0.936,0.92,0.904,0.92,0.932,0.936,0.92,0.92,0.948,-1.036,1.052,1.04,-0.964,0.944,0.904,0.896,-0.916,-0.92,-0.9,-0.888,0.916,0.908,-0.948,-0.948,-0.936,-0.928,-0.924,0.932,1.048,1.044,-1.06,1.052,1.04,1.04,1.036,1.024,-1.024,1.016,1.028,1.036,1.072,1.068,1.068,1.064,0.988,0.996,-1.028,-1.004,0.988,-0.98,-0.972,-0.96,-0.952
-1.072,-1.096,-1.092,-1.088,-1.088,-1.076,-1.072,-0.948,-0.944,-0.924,-0.932,-0.916,-0.924,-0.92,0.956,0.972,1.024,-1.04,-1.036,1.032,-1.088,-1.092,-1.092,1.1,1.08,1.024,-1.032,1.008,1.008,0.94,0.952,-1.06,-1.064,-1.068,-1.064,1.008,1.016,1.028,-1.044,-1.048,1.052,1.06,-1.064,-1.048,1.064,1.068,1.08,1.08,1.08,-1.08,-1.072,-1.072,-1.064,-1.04,-1.032,0.972,0.972,0.968,0.972,-0.968,0.92,-0.9,-0.904,0.92,-0.88,-0.892,-1.096,-1.104,-1.076,-1.072,-1.084,-1.092,-1.088,-1.08,1.08,1.04,1.052,1.048,1.044,1.068,1.056,1.052,-1,-0.996,-0.992,-0.988,-0.968,0.964,0.964,0.968,0.96,0.968,0.976,0.968,0.964,0.992,-0.976,-0.996,-1.008,1.024,1.04,1.044,1.044,-1.076,-1.072,-1.064,-1.08,1.076,1.076,-1.06,1.064,-1.036,-1.04,1.024,1.004,-1.036,-1.044,-1.032,1.028,1.02,1.012,0.996,0.968,0.94,-0.908,-0.92,-0.928,-0.924,1.048,-1.076,1.112,1.116,1.12,1.08,-1.076,-1.064,-1.08,-1.08,-1.08,-1.076,-1.088,-1.052,-0.952,-0.964,0.936,-0.9,-0.9,-0.896,1.108,1.064,-1.068,-1.06,1.084,1.056,1.044,1.056,1.06,1.068,1.072,1.06,-1.084,-1.076,-1.072,-1.084,-1.08,1.1,1.104,1.1,1.104,1.1,-1.088,-0.908,-0.92,-0.924,-0.94,1,-0.992,-0.992,-0.992,-1.02,1.004,1.024,1.012,-1.004,-1.024,-1.056,-1.08,1.064,1.056,1.06,1.06,-1.036,1.004,1.004,-1.008,1.016,1.008,1.004,1,1.02,1.024,1.02,1.012,1.02,1.016,-1,-0.992,0.944,0.936,0.932,0.932,0.936,0.924,1.048,-1.044,-1.064,-1.064,-1.08,-1.096,-1.08,-1.068,-1.064,-1.08,-1.08,-1.052,-1.036,-0.948,-0.96,1.036,-1.056,-1.096,-1.104,1.084,1.08,1.1,1.112,-1.084,-1.092,1.052,1.052,1.064,1.072,1.076,-1.068,1.048,1.044,-1.06,1.052,1.04,1.04,1.036,1.024,0.976,-0.984,-0.972,-0.964,-0.928,-0.932,-0.932,-0.936,-1.012,-1.004,0.972,0.996,-1.012,1.02,1.028,1.04,1.048
-1.072,-1.096,-1.092,-1.088,0.912,0.924,0.928,-0.948,-0.944,-0.924,-0.932,-0.916,-0.924,-0.92,0.956,0.972,1.024,-1.04,-1.036,1.032,-1.088,-1.092,-1.092,1.1,1.08,1.024,0.968,-0.992,-0.992,-1.06,-1.048,-1.06,-1.064,-1.068,-1.064,1.008,1.016,1.028,-1.044,-1.048,1.052,1.06,-1.064,-1.048,1.064,1.068,1.08,1.08,1.08,-1.08,-1.072,-1.072,-1.064,-1.04,-1.032,0.972,0.972,0.968,0.972,1.032,-1.08,1.1,1.096,-1.08,1.12,1.108,-1.096,-1.104,-1.076,-1.072,-1.084,-1.092,-1.088,-1.08,1.08,1.04,1.052,1.048,1.044,-0.932,-0.944,-0.948,1,1.004,1.008,1.012,1.032,-1.036,-1.036,-1.032,-1.04,-1.032,-1.024,-1.032,-1.036,-1.008,-0.976,-0.996,-1.008,1.024,1.04,1.044,1.044,-1.076,-1.072,-1.064,-1.08,1.076,1.076,-1.06,1.064,-1.036,-1.04,1.024,1.004,-1.036,-1.044,-1.032,1.028,1.02,1.012,0.996,-1.032,-1.06,1.092,1.08,1.072,1.076,1.048,-1.076,1.112,1.116,1.12,1.08,-1.076,-1.064,-1.08,-1.08,-1.08,-1.076,-1.088,-1.052,1.048,1.036,-1.064,1.1,1.1,1.104,1.108,1.064,-1.068,-1.06,1.084,1.056,1.044,1.056,1.06,1.068,1.072,1.06,-1.084,-1.076,-1.072,-1.084,-1.08,1.1,-0.896,-0.9,-0.896,-0.9,0.912,-0.908,-0.92,-0.924,-0.94,1,-0.992,-0.992,-0.992,-1.02,1.004,1.024,1.012,-1.004,-1.024,-1.056,-1.08,1.064,1.056,1.06,1.06,0.964,-0.996,-0.996,0.992,-0.984,-0.992,-0.996,-1,-0.98,-0.976,-0.98,-0.988,-0.98,-0.984,1,1.008,-1.056,-1.064,-1.068,-1.068,-1.064,-1.076,1.048,-1.044,-1.064,-1.064,-1.08,-1.096,0.92,0.932,0.936,0.92,0.92,0.948,0.964,-0.948,-0.96,1.036,-1.056,-1.096,-1.104,1.084,1.08,1.1,1.112,-1.084,-1.092,1.052,1.052,1.064,1.072,1.076,-1.068,1.048,1.044,-1.06,1.052,1.04,1.04,1.036,1.024,-1.024,1.016,1.028,1.036,1.072,-0.932,-0.932,-0.936,-1.012,-1.004,0.972,0.996,-1.012,1.02,1.028,1.04,1.048
0.928,0.904,0.908,0.912,0.912,0.924,0.928,-0.948,-0.944,-0.924,-0.932,-0.916,-0.924,-0.92,0.956,0.972,1.024,-1.04,-1.036,1.032,-1.088,-1.092,-1.092,1.1,-0.92,-0.976,0.968,-0.992,-0.992,-1.06,-1.048,0.94,0.936,0.932,0.936,-0.992,-0.984,-0.972,0.956,0.952,-0.948,-0.94,0.936,0.952,-0.936,-0.932,-0.92,-0.92,-0.92,0.92,0.928,0.928,0.936,0.96,0.968,-1.028,-1.028,-1.032,-1.028,-0.968,0.92,-0.9,-0.904,0.92,-0.88,-0.892,0.904,0.896,0.924,0.928,0.916,0.908,0.912,0.92,-0.92,-0.96,-0.948,-0.952,-0.956,-0.932,-0.944,-0.948,-1,-0.996,-0.992,-0.988,-0.968,0.964,0.964,0.968,0.96,0.968,0.976,0.968,0.964,0.992,1.024,1.004,0.992,-0.976,-0.96,-0.956,-0.956,0.924,0.928,0.936,0.92,-0.924,-0.924,0.94,-0.936,0.964,0.96,-0.976,-0.996,0.964,0.956,0.968,-0.972,-0.98,-0.988,-1.004,0.968,0.94,-0.908,-0.92,-0.928,-0.924,-0.952,0.924,-0.888,-0.884,-0.88,-0.92,0.924,0.936,0.92,0.92,0.92,0.924,0.912,0.948,-0.952,-0.964,0.936,-0.9,-0.9,-0.896,-0.892,-0.936,0.932,0.94,-0.916,-0.944,-0.956,-0.944,-0.94,-0.932,-0.928,-0.94,0.916,0.924,0.928,0.916,0.92,-0.9,-0.896,-0.9,-0.896,-0.9,0.912,-0.908,-0.92,-0.924,-0.94,-1,1.008,1.008,1.008,0.98,-0.996,-0.976,-0.988,0.996,0.976,0.944,0.92,-0.936,-0.944,-0.94,-0.94,0.964,-0.996,-0.996,0.992,-0.984,-0.992,-0.996,-1,-0.98,-0.976,-0.98,-0.988,-0.98,-0.984,1,1.008,-1.056,-1.064,-1.068,-1.068,-1.064,0.924,-0.952,0.956,0.936,0.936,0.92,0.904,0.92,0.932,0.936,0.92,0.92,0.948,0.964,-0.948,-0.96,-0.964,0.944,0.904,0.896,-0.916,-0.92,-0.9,-0.888,0.916,0.908,-0.948,-0.948,-0.936,-0.928,-0.924,0.932,-0.952,-0.956,0.94,-0.948,-0.96,-0.96,-0.964,-0.976,0.976,-0.984,-0.972,-0.964,-0.928,-0.932,-0.932,-0.936,-1.012,-1.004,0.972,0.996,-1.012,-0.98,-0.972,-0.96,-0.952
0.928,0.904,0.908,0.912,0.912,0.924,0.928,-0.948,-0.944,-0.924,-0.932,-0.916,-0.924,-0.92,0.956,0.972,-0.976,0.96,0.964,-0.968,0.912,0.908,0.908,-0.9,-0.92,-0.976,0.968,-0.992,-0.992,-1.06,-1.048,-1.06,-1.064,-1.068,-1.064,1.008,1.016,1.028,0.956,0.952,-0.948,-0.94,0.936,0.952,-0.936,-0.932,-0.92,-0.92,-0.92,0.92,0.928,0.928,0.936,0.96,0.968,0.972,0.972,0.968,0.972,-0.968,0.92,-0.9,-0.904,0.92,-0.88,-0.892,0.904,0.896,0.924,0.928,0.916,0.908,0.912,0.92,-0.92,-0.96,-0.948,-0.952,-0.956,-0.932,-0.944,-0.948,-1,-0.996,-0.992,-0.988,-0.968,0.964,0.964,0.968,0.96,0.968,0.976,0.968,0.964,0.992,1.024,1.004,0.992,-0.976,-0.96,-0.956,-0.956,0.924,0.928,0.936,0.92,-0.924,-0.924,-1.06,1.064,-1.036,-1.04,1.024,1.004,-1.036,-1.044,-1.032,1.028,1.02,1.012,0.996,0.968,0.94,-0.908,-0.92,-0.928,-0.924,-0.952,0.924,-0.888,-0.884,-0.88,-0.92,0.924,-1.064,-1.08,-1.08,-1.08,-1.076,-1.088,-1.052,-0.952,-0.964,0.936,-0.9,-0.9,-0.896,-0.892,-0.936,0.932,0.94,-0.916,-0.944,-0.956,-0.944,-0.94,-0.932,-0.928,-0.94,0.916,0.924,0.928,0.916,0.92,-0.9,-0.896,-0.9,-0.896,-0.9,-1.088,1.092,1.08,1.076,1.06,-1,1.008,1.008,1.008,0.98,-0.996,-0.976,-0.988,0.996,0.976,0.944,0.92,-0.936,-0.944,-0.94,-0.94,-1.036,1.004,1.004,-1.008,1.016,1.008,1.004,1,1.02,1.024,1.02,1.012,1.02,1.016,-1,-0.992,0.944,0.936,0.932,0.932,0.936,0.924,-0.952,0.956,0.936,0.936,0.92,0.904,0.92,0.932,0.936,0.92,0.92,0.948,0.964,-0.948,-0.96,1.036,-1.056,-1.096,-1.104,1.084,1.08,-0.9,-0.888,0.916,0.908,-0.948,-0.948,-0.936,-0.928,-0.924,0.932,-0.952,-0.956,0.94,-0.948,-0.96,-0.96,-0.964,-0.976,0.976,-0.984,-0.972,-0.964,-0.928,-0.932,-0.932,-0.936,0.988,0.996,-1.028,-1.004,0.988,-0.98,-0.972,-0.96,-0.952
0.928,0.904,0.908,0.912,0.912,0.924,0.928,-0.948,-0.944,-0.924,-0.932,-0.916,-0.924,-0.92,0.956,0.972,-0.976,0.96,0.964,-0.968,0.912,0.908,0.908,-0.9,-0.92,-0.976,0.968,-0.992,-0.992,0.94,0.952,0.94,0.936,0.932,0.936,-0.992,-0.984,-0.972,0.956,0.952,-0.948,-0.94,0.936,0.952,-0.936,-0.932,-0.92,-0.92,-0.92,0.92,0.928,0.928,0.936,0.96,0.968,-1.028,-1.028,-1.032,-1.028,1.032,0.92,-0.9,-0.904,0.92,-0.88,-0.892,0.904,0.896,0.924,0.928,0.916,0.908,0.912,0.92,-0.92,-0.96,-0.948,-0.952,-0.956,-0.932,-0.944,-0.948,1,1.004,1.008,1.012,-0.968,0.964,0.964,0.968,0.96,0.968,0.976,0.968,0.964,0.992,1.024,1.004,0.992,-0.976,-0.96,-0.956,-0.956,0.924,0.928,0.936,0.92,-0.924,-0.924,0.94,-0.936,0.964,0.96,-0.976,-0.996,0.964,0.956,0.968,-0.972,-0.98,-0.988,-1.004,0.968,0.94,-0.908,-0.92,-0.928,-0.924,-0.952,0.924,-0.888,-0.884,-0.88,-0.92,0.924,0.936,0.92,0.92,0.92,0.924,0.912,0.948,-0.952,-0.964,0.936,-0.9,-0.9,-0.896,-0.892,-0.936,0.932,0.94,-0.916,-0.944,-0.956,-0.944,-0.94,-0.932,-0.928,-0.94,0.916,0.924,0.928,0.916,0.92,-0.9,-0.896,-0.9,-0.896,-0.9,0.912,-0.908,1.08,1.076,1.06,-1,1.008,1.008,1.008,0.98,-0.996,-0.976,-0.988,0.996,0.976,0.944,0.92,-0.936,-0.944,-0.94,-0.94,0.964,-0.996,-0.996,0.992,-0.984,-0.992,-0.996,-1,-0.98,-0.976,-0.98,-0.988,-0.98,-0.984,1,-0.992,0.944,0.936,0.932,0.932,0.936,0.924,-0.952,0.956,0.936,0.936,0.92,0.904,0.92,0.932,0.936,0.92,0.92,0.948,-1.036,1.052,1.04,-0.964,0.944,0.904,0.896,-0.916,-0.92,-0.9,-0.888,0.916,0.908,-0.948,-0.948,-0.936,-0.928,-0.924,0.932,-0.952,-0.956,0.94,-0.948,-0.96,-0.96,-0.964,-0.976,0.976,-0.984,-0.972,-0.964,1.072,1.068,1.068,1.064,0.988,0.996,-1.028,-1.004,0.988,-0.98,-0.972,-0.96,-0.952
-1.072,-1.096,-1.092,-1.088,-1.088,-1.076,-1.072,1.052,1.056,-0.924,-0.932,-0.916,-0.924,-0.92,0.956,0.972,1.024,-1.04,-1.036,1.032,-1.088,-1.092,-1.092,1.1,1.08,1.024,-1.032,1.008,1.008,0.94,0.952,-1.06,-1.064,-1.068,-1.064,1.008,1.016,1.028,-1.044,-1.048,1.052,1.06,-1.064,-1.048,1.064,1.068,1.08,1.08,1.08,-1.08,-1.072,-1.072,0.936,0.96,0.968,-1.028,-1.028,-1.032,-1.028,1.032,-1.08,1.1,1.096,-1.08,1.12,1.108,-1.096,-1.104,-1.076,-1.072,-1.084,-1.092,-1.088,-1.08,1.08,1.04,1.052,1.048,1.044,1.068,1.056,1.052,-1,-0.996,-0.992,-0.988,-0.968,0.964,0.964,0.968,0.96,0.968,0.976,0.968,0.964,0.992,1.024,1.004,0.992,-0.976,-0.96,-0.956,-0.956,0.924,-1.072,-1.064,-1.08,1.076,1.076,-1.06,1.064,-1.036,-1.04,1.024,1.004,-1.036,-1.044,-1.032,-0.972,-0.98,-0.988,-1.004,-1.032,-1.06,1.092,1.08,1.072,1.076,1.048,-1.076,1.112,1.116,1.12,1.08,-1.076,-1.064,-1.08,-1.08,-1.08,-1.076,-1.088,-1.052,-0.952,-0.964,0.936,-0.9,-0.9,-0.896,-0.892,1.064,-1.068,-1.06,1.084,1.056,1.044,1.056,1.06,1.068,1.072,1.06,-1.084,-1.076,-1.072,-1.084,-1.08,1.1,1.104,1.1,1.104,1.1,-1.088,1.092,1.08,1.076,1.06,-1,1.008,1.008,1.008,0.98,-0.996,-0.976,1.012,-1.004,-1.024,-1.056,-1.08,1.064,1.056,1.06,1.06,0.964,-0.996,-0.996,0.992,-0.984,-0.992,-0.996,-1,-0.98,-0.976,-0.98,-0.988,-0.98,-0.984,1,1.008,-1.056,-1.064,-1.068,-1.068,-1.064,-1.076,1.048,-1.044,-1.064,-1.064,-1.08,-1.096,0.92,0.932,0.936,0.92,0.92,0.948,0.964,-0.948,-0.96,1.036,-1.056,-1.096,-1.104,1.084,1.08,1.1,1.112,-1.084,-1.092,1.052,1.052,1.064,1.072,1.076,-1.068,1.048,1.044,-1.06,1.052,1.04,1.04,1.036,1.024,-1.024,1.016,1.028,1.036,1.072,1.068,1.068,1.064,0.988,0.996,-1.028,-1.004,0.988,1.02,1.028,1.04,1.048
-1.072,-1.096,-1.092,-1.088,-1.088,-1.076,-1.072,1.052,1.056,1.076,1.068,1.084,1.076,1.08,-1.044,-1.028,1.024,-1.04,-1.036,1.032,-1.088,-1.092,-1.092,1.1,1.08,1.024,-1.032,1.008,1.008,0.94,0.952,0.94,0.936,0.932,0.936,-0.992,-0.984,-0.972,0.956,0.952,-0.948,1.06,-1.064,-1.048,1.064,1.068,1.08,1.08,1.08,-1.08,-1.072,-1.072,-1.064,-1.04,-1.032,0.972,0.972,0.968,0.972,-0.968,0.92,-0.9,-0.904,0.92,-0.88,-0.892,0.904,0.896,0.924,0.928,0.916,0.908,0.912,0.92,1.08,1.04,1.052,1.048,1.044,1.068,1.056,1.052,-1,-0.996,-0.992,-0.988,-0.968,0.964,0.964,0.968,0.96,0.968,0.976,0.968,0.964,0.992,1.024,1.004,0.992,1.024,1.04,1.044,1.044,-1.076,-1.072,-1.064,-1.08,1.076,1.076,-1.06,1.064,-1.036,-1.04,1.024,1.004,-1.036,-1.044,-1.032,1.028,1.02,1.012,0.996,0.968,0.94,-0.908,1.08,1.072,1.076,1.048,-1.076,1.112,1.116,1.12,1.08,-1.076,-1.064,-1.08,-1.08,-1.08,-1.076,-1.088,0.948,1.048,1.036,-1.064,1.1,1.1,1.104,1.108,1.064,-1.068,-1.06,1.084,1.056,1.044,-0.944,-0.94,-0.932,-0.928,-0.94,0.916,0.924,0.928,0.916,0.92,-0.9,-0.896,-0.9,-0.896,-0.9,0.912,-0.908,-0.92,-0.924,-0.94,1,-0.992,-0.992,-0.992,-1.02,1.004,1.024,1.012,-1.004,-1.024,-1.056,-1.08,1.064,1.056,1.06,1.06,-1.036,1.004,1.004,-1.008,1.016,1.008,1.004,1,1.02,1.024,1.02,1.012,1.02,1.016,-1,-0.992,0.944,0.936,0.932,0.932,0.936,0.924,1.048,-1.044,-1.064,-1.064,-1.08,-1.096,-1.08,-1.068,-1.064,-1.08,-1.08,-1.052,-1.036,1.052,1.04,1.036,-1.056,-1.096,-1.104,1.084,1.08,1.1,1.112,-1.084,-1.092,1.052,1.052,1.064,1.072,1.076,-1.068,1.048,1.044,0.94,-0.948,-0.96,-0.96,-0.964,-0.976,0.976,-0.984,-0.972,-0.964,-0.928,-0.932,-0.932,-0.936,-1.012,-1.004,0.972,0.996,-1.012,1.02,1.028,1.04,1.048
0.928,0.904,0.908,0.912,0.912,0.924,0.928,-0.948,-0.944,-0.924,-0.932,-0.916,-0.924,-0.92,0.956,0.972,1.024,-1.04,-1.036,1.032,-1.088,-1.092,-1.092,1.1,-0.92,-0.976,0.968,1.008,1.008,0.94,0.952,0.94,0.936,0.932,0.936,-0.992,-0.984,-0.972,0.956,0.952,-0.948,-0.94,0.936,0.952,-0.936,-0.932,-0.92,-0.92,-0.92,0.92,0.928,0.928,0.936,0.96,0.968,0.972,0.972,0.968,0.972,-0.968,0.92,-0.9,-0.904,0.92,-0.88,-0.892,0.904,0.896,0.924,0.928,0.916,0.908,0.912,0.92,-0.92,-0.96,-0.948,-0.952,-0.956,1.068,1.056,1.052,-1,-0.996,-0.992,-0.988,-0.968,0.964,0.964,0.968,0.96,0.968,0.976,0.968,0.964,0.992,1.024,1.004,0.992,-0.976,-0.96,-0.956,-0.956,0.924,0.928,0.936,0.92,-0.924,-0.924,0.94,-0.936,0.964,0.96,-0.976,-0.996,0.964,0.956,0.968,1.028,1.02,1.012,0.996,0.968,0.94,-0.908,-0.92,-0.928,-0.924,-0.952,0.924,-0.888,-0.884,-0.88,-0.92,0.924,0.936,0.92,0.92,0.92,0.924,0.912,-1.052,-0.952,-0.964,0.936,-0.9,-0.9,-0.896,-0.892,-0.936,0.932,0.94,-0.916,-0.944,-0.956,-0.944,-0.94,-0.932,1.072,1.06,-1.084,-1.076,-1.072,-1.084,-1.08,1.1,1.104,1.1,1.104,1.1,-1.088,1.092,1.08,1.076,1.06,-1,1.008,1.008,1.008,0.98,-0.996,-0.976,-0.988,0.996,0.976,0.944,0.92,-0.936,-0.944,-0.94,-0.94,0.964,-0.996,-0.996,0.992,1.016,1.008,1.004,1,1.02,1.024,1.02,1.012,1.02,1.016,-1,-0.992,0.944,0.936,0.932,0.932,0.936,0.924,-0.952,0.956,0.936,0.936,0.92,0.904,0.92,0.932,0.936,0.92,0.92,0.948,0.964,-0.948,-0.96,1.036,-1.056,-1.096,-1.104,1.084,1.08,1.1,1.112,-1.084,-1.092,-0.948,-0.948,-0.936,-0.928,-0.924,0.932,-0.952,-0.956,0.94,-0.948,-0.96,-0.96,-0.964,-0.976,0.976,-0.984,-0.972,-0.964,-0.928,-0.932,-0.932,-0.936,0.988,0.996,-1.028,-1.004,0.988,-0.98,-0.972,-0.96,-0.952
0.928,0.904,0.908,0.912,0.912,0.924,0.928,-0.948,-0.944,-0.924,-0.932,-0.916,-0.924,-0.92,0.956,0.972,1.024,0.96,0.964,-0.968,0.912,0.908,0.908,-0.9,-0.92,1.024,-1.032,1.008,1.008,0.94,0.952,0.94,0.936,0.932,0.936,-0.992,-0.984,-0.972,0.956,0.952,-0.948,-0.94,0.936,0.952,-0.936,-0.932,-0.92,-0.92,-0.92,0.92,0.928,0.928,0.936,0.96,0.968,-1.028,-1.028,-1.032,-1.028,1.032,-1.08,1.1,1.096,-1.08,1.12,1.108,0.904,0.896,0.924,0.928,0.916,0.908,0.912,0.92,-0.92,-0.96,-0.948,-0.952,-0.956,-0.932,-0.944,-0.948,1,1.004,1.008,1.012,1.032,-1.036,-1.036,-1.032,-1.04,-1.032,-1.024,0.968,0.964,0.992,1.024,1.004,0.992,-0.976,-0.96,-0.956,-0.956,0.924,0.928,0.936,0.92,-0.924,-0.924,0.94,-0.936,0.964,0.96,-0.976,-0.996,0.964,0.956,0.968,-0.972,-0.98,-0.988,-1.004,-1.032,-1.06,-0.908,-0.92,-0.928,-0.924,-0.952,0.924,-0.888,-0.884,-0.88,-0.92,0.924,0.936,0.92,0.92,0.92,0.924,0.912,-1.052,-0.952,-0.964,0.936,-0.9,-0.9,-0.896,-0.892,-0.936,0.932,0.94,-0.916,-0.944,-0.956,-0.944,-0.94,-0.932,-0.928,-0.94,0.916,0.924,0.928,0.916,0.92,-0.9,-0.896,-0.9,-0.896,-0.9,0.912,-0.908,-0.92,-0.924,-0.94,1,-0.992,-0.992,-0.992,-1.02,1.004,1.024,1.012,-1.004,0.976,0.944,0.92,-0.936,-0.944,-0.94,-0.94,0.964,-0.996,-0.996,0.992,-0.984,-0.992,-0.996,-1,-0.98,-0.976,-0.98,-0.988,-0.98,-0.984,1,1.008,-1.056,0.936,0.932,0.932,0.936,0.924,-0.952,0.956,0.936,0.936,0.92,0.904,0.92,0.932,0.936,0.92,0.92,0.948,0.964,-0.948,-0.96,-0.964,0.944,0.904,0.896,-0.916,-0.92,-0.9,-0.888,0.916,0.908,-0.948,-0.948,-0.936,-0.928,-0.924,0.932,-0.952,-0.956,0.94,-0.948,-0.96,-0.96,-0.964,-0.976,0.976,-0.984,-0.972,-0.964,-0.928,-0.932,-0.932,-0.936,-1.012,-1.004,0.972,0.996,-1.012,1.02,1.028,1.04,-0.952
0.928,0.904,0.908,0.912,0.912,0.924,0.928,-0.948,-0.944,-0.924,-0.932,-0.916,-0.924,-0.92,0.956,0.972,1.024,-1.04,-1.036,1.032,-1.088,-1.092,-1.092,1.1,1.08,1.024,-1.032,1.008,1.008,0.94,0.952,0.94,0.936,0.932,0.936,-0.992,-0.984,-0.972,0.956,0.952,-0.948,-0.94,-1.064,-1.048,1.064,1.068,1.08,1.08,1.08,-1.08,-1.072,-1.072,-1.064,0.96,0.968,-1.028,-1.028,-1.032,-1.028,1.032,-1.08,1.1,1.096,-1.08,1.12,1.108,-1.096,-1.104,-1.076,-1.072,-1.084,-1.092,-1.088,-1.08,1.08,1.04,1.052,1.048,1.044,1.068,1.056,1.052,-1,-0.996,-0.992,-0.988,-0.968,0.964,0.964,0.968,0.96,0.968,0.976,0.968,0.964,0.992,-0.976,-0.996,-1.008,1.024,1.04,1.044,1.044,-1.076,-1.072,-1.064,-1.08,1.076,-0.924,0.94,-0.936,0.964,0.96,-0.976,-0.996,0.964,0.956,0.968,-0.972,-0.98,-0.988,-1.004,-1.032,-1.06,1.092,1.08,1.072,1.076,1.048,-1.076,1.112,1.116,1.12,1.08,-1.076,0.936,0.92,0.92,0.92,0.924,0.912,0.948,1.048,1.036,-1.064,1.1,1.1,1.104,1.108,1.064,-1.068,-1.06,-0.916,-0.944,-0.956,-0.944,-0.94,-0.932,-0.928,-0.94,0.916,0.924,0.928,0.916,0.92,-0.9,-0.896,-0.9,-0.896,-0.9,0.912,-0.908,-0.92,-0.924,-0.94,1,-0.992,-0.992,-0.992,-1.02,1.004,1.024,1.012,-1.004,-1.024,-1.056,-1.08,1.064,1.056,1.06,1.06,-1.036,1.004,1.004,-1.008,1.016,1.008,-0.996,-1,-0.98,-0.976,-0.98,-0.988,-0.98,-0.984,1,1.008,-1.056,-1.064,-1.068,-1.068,-1.064,-1.076,1.048,-1.044,-1.064,-1.064,-1.08,-1.096,0.92,0.932,0.936,0.92,0.92,0.948,0.964,-0.948,-0.96,1.036,-1.056,-1.096,-1.104,1.084,1.08,1.1,1.112,-1.084,-1.092,-0.948,-0.948,-0.936,-0.928,-0.924,0.932,-0.952,-0.956,0.94,-0.948,-0.96,-0.96,-0.964,-0.976,0.976,-0.984,-0.972,-0.964,-0.928,-0.932,-0.932,-0.936,-1.012,-1.004,0.972,0.996,-1.012,1.02,1.028,1.04,1.048
-1.072,-1.096,-1.092,-1.088,-1.088,-1.076,-1.072,1.052,1.056,1.076,1.068,1.084,1.076,1.08,-1.044,-1.028,-0.976,0.96,0.964,-0.968,0.912,0.908,0.908,-0.9,1.08,1.024,-1.032,1.008,1.008,0.94,0.952,0.94,0.936,0.932,0.936,-0.992,-0.984,-0.972,0.956,0.952,-0.948,-0.94,-1.064,-1.048,1.064,1.068,1.08,1.08,1.08,-1.08,-1.072,-1.072,-1.064,-1.04,-1.032,0.972,0.972,0.968,0.972,-0.968,0.92,-0.9,-0.904,0.92,-0.88,1.108,-1.096,-1.104,-1.076,-1.072,-1.084,-1.092,-1.088,-1.08,1.08,1.04,1.052,1.048,1.044,1.068,1.056,1.052,-1,-0.996,-0.992,-0.988,-0.968,0.964,0.964,0.968,0.96,0.968,0.976,0.968,0.964,0.992,1.024,1.004,0.992,-0.976,-0.96,-0.956,1.044,-1.076,-1.072,-1.064,-1.08,1.076,1.076,-1.06,1.064,-1.036,-1.04,1.024,1.004,-1.036,-1.044,-1.032,1.028,1.02,1.012,0.996,0.968,0.94,1.092,1.08,1.072,1.076,1.048,-1.076,1.112,1.116,1.12,1.08,-1.076,-1.064,-1.08,-1.08,-1.08,-1.076,-1.088,0.948,1.048,1.036,-1.064,1.1,1.1,1.104,1.108,1.064,-1.068,-1.06,1.084,1.056,1.044,1.056,1.06,1.068,1.072,1.06,-1.084,-1.076,-1.072,-1.084,-1.08,1.1,1.104,1.1,1.104,1.1,-1.088,-0.908,-0.92,-0.924,-0.94,1,-0.992,-0.992,-0.992,-1.02,1.004,1.024,1.012,-1.004,-1.024,-1.056,-1.08,1.064,1.056,1.06,1.06,-1.036,1.004,1.004,-1.008,1.016,1.008,1.004,-1,-0.98,-0.976,-0.98,-0.988,-0.98,-0.984,1,1.008,-1.056,-1.064,-1.068,-1.068,-1.064,-1.076,1.048,-1.044,-1.064,-1.064,-1.08,-1.096,-1.08,-1.068,-1.064,-1.08,-1.08,0.948,0.964,-0.948,-0.96,1.036,-1.056,-1.096,-1.104,1.084,1.08,1.1,1.112,-1.084,-1.092,1.052,1.052,1.064,1.072,1.076,-1.068,1.048,1.044,-1.06,1.052,1.04,1.04,1.036,1.024,-1.024,1.016,1.028,1.036,1.072,1.068,1.068,1.064,0.988,-1.004,0.972,0.996,-1.012,1.02,1.028,1.04,1.048
-1.072,-1.096,-1.092,-1.088,0.912,0.924,0.928,-0.948,-0.944,-0.924,-0.932,-0.916,-0.924,-0.92,0.956,0.972,1.024,-1.04,-1.036,1.032,-1.088,-1.092,-1.092,1.1,1.08,1.024,-1.032,1.008,1.008,-1.06,-1.048,-1.06,-1.064,-1.068,-1.064,1.008,1.016,1.028,-1.044,-1.048,1.052,1.06,-1.064,-1.048,1.064,1.068,1.08,1.08,1.08,-1.08,-1.072,-1.072,-1.064,-1.04,-1.032,0.972,0.972,0.968,0.972,-0.968,0.92,-0.9,-0.904,0.92,-0.88,1.108,-1.096,-1.104,-1.076,-1.072,-1.084,-1.092,-1.088,-1.08,1.08,1.04,1.052,1.048,1.044,1.068,1.056,1.052,-1,-0.996,-0.992,-0.988,-0.968,0.964,0.964,0.968,0.96,0.968,0.976,0.968,0.964,-1.008,-0.976,-0.996,-1.008,1.024,1.04,1.044,1.044,-1.076,-1.072,-1.064,-1.08,1.076,1.076,-1.06,1.064,-1.036,-1.04,1.024,1.004,-1.036,-1.044,-1.032,1.028,1.02,1.012,0.996,0.968,0.94,-0.908,-0.92,-0.928,-0.924,1.048,-1.076,1.112,1.116,1.12,1.08,-1.076,-1.064,-1.08,-1.08,-1.08,-1.076,-1.088,-1.052,-0.952,-0.964,0.936,-0.9,1.1,1.104,1.108,1.064,-1.068,-1.06,1.084,1.056,1.044,1.056,1.06,1.068,1.072,1.06,-1.084,-1.076,-1.072,-1.084,-1.08,1.1,1.104,1.1,1.104,1.1,-1.088,1.092,1.08,1.076,-0.94,1,-0.992,-0.992,-0.992,-1.02,1.004,1.024,1.012,-1.004,-1.024,-1.056,-1.08,1.064,1.056,1.06,1.06,-1.036,1.004,1.004,-1.008,1.016,1.008,1.004,1,1.02,1.024,1.02,1.012,1.02,1.016,-1,-0.992,0.944,0.936,0.932,-1.068,-1.064,-1.076,1.048,-1.044,-1.064,-1.064,-1.08,-1.096,-1.08,-1.068,-1.064,-1.08,-1.08,-1.052,-1.036,1.052,1.04,-0.964,0.944,0.904,0.896,1.084,1.08,1.1,1.112,-1.084,-1.092,1.052,1.052,1.064,1.072,1.076,-1.068,1.048,1.044,-1.06,1.052,1.04,1.04,1.036,1.024,-1.024,1.016,1.028,1.036,1.072,1.068,1.068,1.064,-1.012,-1.004,0.972,0.996,-1.012,1.02,1.028,1.04,1.048
0.928,0.904,0.908,0.912,-1.088,-1.076,-1.072,1.052,1.056,1.076,1.068,1.084,1.076,1.08,-1.044,-1.028,-0.976,0.96,0.964,-0.968,0.912,0.908,0.908,-0.9,-0.92,1.024,-1.032,1.008,1.008,0.94,0.952,0.94,0.936,0.932,0.936,-0.992,-0.984,-0.972,0.956,0.952,-0.948,-0.94,0.936,0.952,-0.936,-0.932,-0.92,-0.92,-0.92,0.92,0.928,0.928,0.936,0.96,0.968,0.972,0.972,0.968,0.972,-0.968,0.92,-0.9,-0.904,0.92,-0.88,-0.892,0.904,0.896,0.924,0.928,0.916,0.908,0.912,0.92,-0.92,-0.96,-0.948,-0.952,-0.956,-0.932,-0.944,-0.948,1,1.004,1.008,1.012,1.032,-1.036,-1.036,-1.032,-1.04,-1.032,-1.024,-1.032,-1.036,-1.008,-0.976,-0.996,-1.008,-0.976,-0.96,-0.956,-0.956,0.924,0.928,0.936,0.92,-0.924,-0.924,0.94,-0.936,0.964,0.96,-0.976,-0.996,0.964,0.956,0.968,-0.972,-0.98,-0.988,-1.004,-1.032,-1.06,1.092,1.08,1.072,1.076,-0.952,0.924,-0.888,-0.884,-0.88,-0.92,0.924,0.936,0.92,0.92,0.92,0.924,0.912,0.948,-0.952,-0.964,0.936,-0.9,-0.9,-0.896,-0.892,-0.936,0.932,0.94,-0.916,-0.944,-0.956,-0.944,-0.94,-0.932,-0.928,-0.94,0.916,-1.076,-1.072,-1.084,-1.08,1.1,1.104,1.1,1.104,1.1,-1.088,1.092,1.08,1.076,1.06,-1,1.008,1.008,1.008,0.98,-0.996,-0.976,-0.988,0.996,0.976,0.944,0.92,-0.936,-0.944,-0.94,-0.94,0.964,-0.996,1.004,-1.008,1.016,1.008,1.004,1,1.02,1.024,1.02,1.012,1.02,1.016,-1,-0.992,0.944,0.936,0.932,0.932,0.936,0.924,-0.952,0.956,0.936,0.936,0.92,0.904,0.92,0.932,0.936,0.92,0.92,-1.052,-1.036,1.052,1.04,-0.964,0.944,0.904,0.896,-0.916,-0.92,-0.9,-0.888,0.916,0.908,-0.948,-0.948,-0.936,-0.928,-0.924,0.932,-0.952,-0.956,0.94,-0.948,-0.96,-0.96,-0.964,-0.976,0.976,-0.984,-0.972,-0.964,-0.928,1.068,1.068,1.064,0.988,0.996,-1.028,-1.004,0.988,-0.98,-0.972,-0.96,-0.952
-1.072,-1.096,-1.092,-1.088,-1.088,-1.076,-1.072,1.052,1.056,1.076,1.068,1.084,1.076,1.08,-1.044,-1.028,1.024,-1.04,-1.036,1.032,-1.088,-1.092,-1.092,1.1,1.08,-0.976,0.968,-0.992,-0.992,-1.06,-1.048,-1.06,-1.064,-1.068,-1.064,1.008,1.016,1.028,-1.044,-1.048,1.052,1.06,-1.064,-1.048,1.064,1.068,1.08,1.08,1.08,-1.08,-1.072,-1.072,-1.064,-1.04,-1.032,-1.028,-1.028,-1.032,-1.028,1.032,-1.08,1.1,1.096,-1.08,1.12,1.108,-1.096,-1.104,-1.076,-1.072,-1.084,-1.092,-1.088,-1.08,1.08,1.04,1.052,1.048,1.044,1.068,1.056,1.052,-1,-0.996,-0.992,-0.988,-0.968,0.964,0.964,0.968,0.96,0.968,0.976,0.968,0.964,0.992,1.024,1.004,0.992,-0.976,-0.96,-0.956,-0.956,-1.076,-1.072,-1.064,-1.08,1.076,1.076,-1.06,1.064,-1.036,-1.04,1.024,1.004,-1.036,-1.044,-1.032,1.028,1.02,1.012,0.996,0.968,0.94,-0.908,-0.92,-0.928,-0.924,-0.952,-1.076,1.112,1.116,1.12,1.08,-1.076,-1.064,-1.08,-1.08,-1.08,-1.076,-1.088,-1.052,-0.952,-0.964,0.936,-0.9,-0.9,-0.896,1.108,1.064,-1.068,-1.06,1.084,1.056,1.044,1.056,1.06,1.068,1.072,1.06,-1.084,-1.076,0.928,0.916,0.92,-0.9,-0.896,-0.9,-0.896,-0.9,0.912,-0.908,-0.92,-0.924,-0.94,1,-0.992,-0.992,-0.992,-1.02,1.004,1.024,1.012,-1.004,-1.024,-1.056,-1.08,1.064,1.056,1.06,1.06,-1.036,1.004,1.004,-1.008,1.016,1.008,1.004,-1,-0.98,-0.976,-0.98,-0.988,-0.98,-0.984,1,1.008,-1.056,-1.064,-1.068,-1.068,-1.064,-1.076,1.048,-1.044,-1.064,-1.064,-1.08,-1.096,-1.08,-1.068,-1.064,-1.08,-1.08,-1.052,-1.036,1.052,1.04,1.036,-1.056,-1.096,-1.104,1.084,1.08,1.1,1.112,-1.084,-1.092,1.052,1.052,1.064,1.072,1.076,-1.068,1.048,1.044,-1.06,1.052,1.04,1.04,1.036,1.024,-1.024,1.016,1.028,1.036,1.072,1.068,1.068,1.064,0.988,0.996,-1.028,0.996,-1.012,1.02,1.028,1.04,1.048
0.928,0.904,0.908,0.912,-1.088,-1.076,-1.072,1.052,1.056,1.076,1.068,1.084,1.076,1.08,-1.044,-1.028,-0.976,0.96,0.964,-0.968,0.912,0.908,0.908,-0.9,-0.92,-0.976,0.968,-0.992,-0.992,-1.06,-1.048,0.94,0.936,0.932,0.936,-0.992,-0.984,-0.972,0.956,0.952,-0.948,-0.94,0.936,0.952,-0.936,-0.932,-0.92,-0.92,-0.92,0.92,0.928,0.928,0.936,0.96,0.968,-1.028,-1.028,-1.032,-1.028,1.032,-1.08,1.1,1.096,0.92,-0.88,-0.892,0.904,0.896,0.924,0.928,0.916,0.908,0.912,0.92,-0.92,-0.96,-0.948,-0.952,-0.956,-0.932,-0.944,-0.948,1,1.004,1.008,1.012,1.032,-1.036,-1.036,-1.032,-1.04,-1.032,-1.024,-1.032,-1.036,-1.008,1.024,1.004,0.992,-0.976,-0.96,-0.956,-0.956,0.924,0.928,0.936,0.92,-0.924,-0.924,0.94,-0.936,0.964,0.96,-0.976,-0.996,0.964,0.956,0.968,-0.972,-0.98,-0.988,-1.004,-1.032,-1.06,-0.908,-0.92,-0.928,-0.924,-0.952,0.924,-0.888,-0.884,-0.88,-0.92,0.924,0.936,0.92,0.92,0.92,0.924,0.912,0.948,1.048,1.036,-1.064,-0.9,-0.9,-0.896,-0.892,-0.936,0.932,0.94,-0.916,-0.944,-0.956,-0.944,-0.94,-0.932,-0.928,-0.94,0.916,-1.076,-1.072,-1.084,-1.08,1.1,1.104,1.1,1.104,1.1,-1.088,1.092,1.08,1.076,1.06,-1,1.008,1.008,1.008,0.98,-0.996,-0.976,-0.988,0.996,0.976,0.944,0.92,-0.936,-0.944,-0.94,-0.94,0.964,-0.996,-0.996,0.992,-0.984,1.008,1.004,1,1.02,1.024,1.02,1.012,1.02,1.016,-1,-0.992,0.944,0.936,0.932,0.932,0.936,0.924,-0.952,0.956,0.936,0.936,0.92,0.904,0.92,0.932,0.936,0.92,0.92,0.948,0.964,-0.948,-0.96,1.036,-1.056,-1.096,-1.104,1.084,1.08,1.1,-0.888,0.916,0.908,-0.948,-0.948,-0.936,-0.928,-0.924,0.932,-0.952,-0.956,-1.06,1.052,1.04,1.04,1.036,1.024,-1.024,1.016,1.028,1.036,1.072,1.068,1.068,1.064,0.988,0.996,-1.028,-1.004,0.988,-0.98,-0.972,-0.96,-0.952
0.928,0.904,0.908,0.912,0.912,0.924,0.928,-0.948,-0.944,-0.924,-0.932,-0.916,-0.924,-0.92,0.956,0.972,1.024,-1.04,-1.036,1.032,-1.088,-1.092,-1.092,1.1,-0.92,-0.976,0.968,-0.992,-0.992,0.94,0.952,0.94,0.936,0.932,0.936,-0.992,-0.984,-0.972,0.956,0.952,-0.948,-0.94,0.936,0.952,-0.936,-0.932,-0.92,-0.92,-0.92,0.92,0.928,0.928,0.936,0.96,0.968,0.972,0.972,0.968,0.972,-0.968,0.92,-0.9,-0.904,0.92,-0.88,-0.892,0.904,0.896,0.924,0.928,0.916,0.908,0.912,0.92,-0.92,-0.96,-0.948,-0.952,-0.956,-0.932,-0.944,-0.948,1,1.004,1.008,1.012,1.032,-1.036,-1.036,-1.032,-1.04,-1.032,-1.024,-1.032,-1.036,-1.008,1.024,1.004,0.992,-0.976,-0.96,-0.956,-0.956,0.924,0.928,0.936,0.92,-0.924,-0.924,0.94,-0.936,0.964,0.96,-0.976,-0.996,0.964,0.956,0.968,-0.972,-0.98,-0.988,-1.004,-1.032,-1.06,-0.908,-0.92,-0.928,-0.924,-0.952,0.924,-0.888,-0.884,-0.88,-0.92,0.924,0.936,0.92,0.92,0.92,0.924,0.912,0.948,1.048,1.036,-1.064,1.1,1.1,1.104,-0.892,-0.936,0.932,0.94,-0.916,1.056,1.044,1.056,1.06,1.068,1.072,1.06,-1.084,-1.076,-1.072,-1.084,-1.08,1.1,1.104,1.1,1.104,1.1,-1.088,1.092,1.08,1.076,1.06,-1,1.008,1.008,1.008,0.98,-0.996,-0.976,-0.988,0.996,0.976,0.944,0.92,-0.936,-0.944,-0.94,-0.94,0.964,-0.996,-0.996,0.992,-0.984,-0.992,-0.996,-1,-0.98,-0.976,-0.98,-0.988,-0.98,-0.984,1,1.008,-1.056,-1.064,-1.068,-1.068,-1.064,-1.076,-0.952,0.956,0.936,0.936,0.92,0.904,0.92,0.932,0.936,0.92,0.92,-1.052,-1.036,1.052,1.04,-0.964,0.944,0.904,0.896,-0.916,-0.92,-0.9,-0.888,0.916,0.908,-0.948,-0.948,-0.936,-0.928,-0.924,0.932,-0.952,-0.956,0.94,-0.948,-0.96,-0.96,-0.964,-0.976,0.976,-0.984,-0.972,-0.964,-0.928,1.068,1.068,1.064,0.988,0.996,-1.028,-1.004,0.988,-0.98,-0.972,-0.96,-0.952
0.928,0.904,0.908,0.912,0.912,0.924,0.928,-0.948,-0.944,-0.924,-0.932,-0.916,1.076,1.08,-1.044,-1.028,-0.976,0.96,0.964,-0.968,0.912,0.908,0.908,-0.9,-0.92,-0.976,0.968,-0.992,-0.992,-1.06,-1.048,-1.06,-1.064,-1.068,0.936,-0.992,-0.984,-0.972,0.956,0.952,-0.948,-0.94,0.936,0.952,-0.936,-0.932,-0.92,-0.92,-0.92,0.92,0.928,0.928,0.936,0.96,0.968,-1.028,-1.028,-1.032,-1.028,1.032,0.92,-0.9,-0.904,0.92,-0.88,-0.892,0.904,0.896,0.924,0.928,0.916,0.908,0.912,0.92,-0.92,-0.96,-0.948,-0.952,-0.956,-0.932,-0.944,-0.948,1,1.004,1.008,1.012,1.032,-1.036,-1.036,-1.032,-1.04,-1.032,-1.024,-1.032,-1.036,-1.008,-0.976,-0.996,-1.008,1.024,1.04,1.044,1.044,-1.076,-1.072,-1.064,0.92,-0.924,-0.924,0.94,-0.936,0.964,0.96,-0.976,-0.996,0.964,0.956,-1.032,1.028,1.02,1.012,0.996,0.968,0.94,-0.908,-0.92,-0.928,-0.924,-0.952,0.924,-0.888,-0.884,-0.88,-0.92,0.924,0.936,-1.08,-1.08,-1.08,-1.076,-1.088,-1.052,-0.952,-0.964,0.936,-0.9,-0.9,-0.896,-0.892,-0.936,0.932,-1.06,1.084,1.056,1.044,1.056,1.06,1.068,1.072,1.06,-1.084,-1.076,-1.072,-1.084,-1.08,1.1,1.104,1.1,1.104,1.1,-1.088,1.092,1.08,1.076,1.06,-1,1.008,1.008,1.008,0.98,-0.996,-0.976,-0.988,0.996,0.976,0.944,0.92,-0.936,-0.944,-0.94,-0.94,0.964,-0.996,-0.996,0.992,-0.984,-0.992,-0.996,-1,-0.98,-0.976,-0.98,-0.988,-0.98,-0.984,1,1.008,-1.056,-1.064,-1.068,-1.068,-1.064,0.924,-0.952,0.956,0.936,0.936,0.92,0.904,0.92,0.932,0.936,0.92,0.92,0.948,0.964,-0.948,-0.96,-0.964,0.944,0.904,0.896,-0.916,-0.92,-0.9,-0.888,0.916,0.908,-0.948,-0.948,-0.936,-0.928,-0.924,0.932,-0.952,-0.956,0.94,-0.948,-0.96,-0.96,-0.964,-0.976,0.976,-0.984,-0.972,-0.964,-0.928,-0.932,-0.932,-0.936,-1.012,-1.004,0.972,0.996,-1.012,1.02,-0.972,-0.96,-0.952
0.928,0.904,0.908,0.912,0.912,0.924,0.928,1.052,1.056,1.076,1.068,1.084,1.076,1.08,-1.044,-1.028,-0.976,0.96,0.964,-0.968,0.912,0.908,0.908,-0.9,-0.92,1.024,-1.032,1.008,1.008,0.94,0.952,0.94,0.936,0.932,0.936,-0.992,-0.984,-0.972,0.956,0.952,-0.948,-0.94,0.936,0.952,-0.936,-0.932,-0.92,-0.92,-0.92,0.92,-1.072,-1.072,-1.064,-1.04,-1.032,0.972,0.972,0.968,0.972,-0.968,0.92,-0.9,-0.904,0.92,-0.88,-0.892,0.904,0.896,0.924,0.928,0.916,0.908,0.912,0.92,-0.92,-0.96,-0.948,-0.952,-0.956,-0.932,-0.944,-0.948,1,1.004,1.008,1.012,1.032,-1.036,-1.036,-1.032,-1.04,-1.032,-1.024,-1.032,-1.036,-1.008,-0.976,-0.996,-1.008,1.024,1.04,1.044,1.044,0.924,0.928,0.936,0.92,-0.924,-0.924,0.94,-0.936,0.964,0.96,-0.976,-0.996,0.964,0.956,0.968,-0.972,-0.98,1.012,0.996,0.968,0.94,-0.908,-0.92,-0.928,-0.924,-0.952,0.924,-0.888,-0.884,-0.88,-0.92,0.924,0.936,0.92,0.92,0.92,0.924,0.912,0.948,-0.952,-0.964,0.936,-0.9,-0.9,-0.896,-0.892,-0.936,0.932,-1.06,1.084,1.056,1.044,1.056,1.06,1.068,1.072,1.06,-1.084,-1.076,-1.072,-1.084,-1.08,1.1,1.104,1.1,1.104,1.1,-1.088,1.092,1.08,1.076,1.06,-1,1.008,1.008,1.008,0.98,-0.996,-0.976,-0.988,0.996,0.976,0.944,0.92,-0.936,-0.944,-0.94,-0.94,0.964,-0.996,-0.996,0.992,-0.984,-0.992,-0.996,-1,-0.98,-0.976,-0.98,-0.988,-0.98,-0.984,1,-0.992,0.944,0.936,0.932,0.932,0.936,0.924,-0.952,0.956,0.936,0.936,0.92,0.904,0.92,0.932,0.936,0.92,0.92,0.948,-1.036,1.052,1.04,-0.964,0.944,0.904,0.896,-0.916,-0.92,-0.9,-0.888,0.916,0.908,-0.948,-0.948,-0.936,-0.928,-0.924,0.932,1.048,1.044,-1.06,1.052,1.04,1.04,1.036,1.024,-1.024,1.016,1.028,1.036,1.072,1.068,1.068,1.064,0.988,0.996,-1.028,-1.004,0.988,-0.98,-0.972,-0.96,-0.952
0.928,0.904,0.908,0.912,0.912,0.924,0.928,-0.948,-0.944,-0.924,-0.932,-0.916,-0.924,-0.92,0.956,0.972,1.024,-1.04,-1.036,1.032,0.912,0.908,0.908,-0.9,-0.92,1.024,-1.032,1.008,1.008,0.94,0.952,0.94,0.936,0.932,0.936,-0.992,-0.984,-0.972,0.956,0.952,-0.948,-0.94,0.936,0.952,-0.936,-0.932,-0.92,-0.92,-0.92,0.92,0.928,0.928,0.936,0.96,0.968,-1.028,-1.028,-1.032,-1.028,1.032,-1.08,1.1,1.096,-1.08,-0.88,-0.892,0.904,0.896,0.924,0.928,0.916,0.908,0.912,0.92,-0.92,-0.96,-0.948,-0.952,-0.956,-0.932,-0.944,-0.948,1,1.004,1.008,1.012,1.032,-1.036,-1.036,-1.032,-1.04,-1.032,-1.024,-1.032,-1.036,0.992,1.024,1.004,0.992,-0.976,-0.96,-0.956,-0.956,0.924,0.928,0.936,0.92,-0.924,-0.924,0.94,-0.936,0.964,0.96,-0.976,-0.996,0.964,0.956,0.968,-0.972,-0.98,-0.988,-1.004,-1.032,-1.06,-0.908,-0.92,-0.928,-0.924,-0.952,0.924,-0.888,-0.884,-0.88,-0.92,0.924,-1.064,-1.08,-1.08,-1.08,-1.076,-1.088,-1.052,-0.952,-0.964,0.936,-0.9,-0.9,-0.896,-0.892,-0.936,0.932,0.94,-0.916,-0.944,-0.956,-0.944,-0.94,-0.932,-0.928,-0.94,0.916,0.924,0.928,0.916,0.92,-0.9,-0.896,-0.9,-0.896,-0.9,0.912,-0.908,-0.92,-0.924,-0.94,1,-0.992,-0.992,-0.992,0.98,-0.996,-0.976,-0.988,0.996,0.976,0.944,0.92,-0.936,-0.944,-0.94,-0.94,0.964,1.004,1.004,-1.008,1.016,1.008,1.004,1,1.02,1.024,1.02,1.012,1.02,1.016,-1,-0.992,0.944,0.936,0.932,0.932,0.936,0.924,-0.952,0.956,0.936,0.936,0.92,0.904,0.92,0.932,0.936,0.92,0.92,0.948,0.964,-0.948,-0.96,1.036,-1.056,-1.096,-1.104,1.084,-0.92,-0.9,-0.888,0.916,0.908,-0.948,-0.948,-0.936,-0.928,-0.924,0.932,-0.952,-0.956,0.94,-0.948,-0.96,-0.96,-0.964,-0.976,0.976,-0.984,-0.972,-0.964,-0.928,-0.932,-0.932,-0.936,-1.012,-1.004,0.972,0.996,-1.012,1.02,1.028,1.04,1.048
0.928,0.904,0.908,0.912,0.912,0.924,0.928,-0.948,-0.944,-0.924,-0.932,-0.916,-0.924,-0.92,0.956,0.972,1.024,0.96,0.964,-0.968,0.912,0.908,0.908,-0.9,-0.92,-0.976,0.968,-0.992,-0.992,-1.06,-1.048,0.94,0.936,0.932,0.936,-0.992,-0.984,-0.972,0.956,0.952,-0.948,-0.94,0.936,0.952,-0.936,-0.932,-0.92,-0.92,-0.92,0.92,0.928,0.928,0.936,0.96,0.968,-1.028,-1.028,-1.032,-1.028,1.032,-1.08,1.1,1.096,-1.08,1.12,-0.892,0.904,0.896,0.924,0.928,0.916,0.908,0.912,0.92,-0.92,-0.96,-0.948,-0.952,-0.956,-0.932,-0.944,-0.948,1,1.004,1.008,1.012,1.032,-1.036,-1.036,-1.032,-1.04,-1.032,-1.024,-1.032,-1.036,0.992,1.024,1.004,0.992,-0.976,-0.96,-0.956,-0.956,0.924,0.928,0.936,0.92,-0.924,-0.924,0.94,1.064,-1.036,-1.04,1.024,1.004,-1.036,-1.044,-1.032,1.028,1.02,1.012,0.996,0.968,0.94,-0.908,-0.92,-0.928,-0.924,-0.952,0.924,-0.888,-0.884,-0.88,-0.92,0.924,0.936,0.92,0.92,0.92,0.924,0.912,0.948,-0.952,-0.964,0.936,-0.9,-0.9,-0.896,-0.892,-0.936,0.932,0.94,-0.916,-0.944,-0.956,-0.944,-0.94,-0.932,-0.928,-0.94,0.916,0.924,0.928,0.916,0.92,-0.9,-0.896,-0.9,-0.896,-0.9,0.912,-0.908,-0.92,-0.924,-0.94,-1,1.008,1.008,1.008,0.98,-0.996,-0.976,-0.988,0.996,0.976,0.944,0.92,-0.936,-0.944,-0.94,-0.94,0.964,1.004,1.004,-1.008,1.016,1.008,1.004,1,1.02,1.024,1.02,1.012,1.02,1.016,-1,-0.992,0.944,0.936,0.932,0.932,0.936,0.924,-0.952,0.956,0.936,0.936,0.92,0.904,0.92,0.932,0.936,0.92,0.92,-1.052,-1.036,1.052,1.04,-0.964,0.944,0.904,0.896,-0.916,-0.92,-0.9,-0.888,0.916,0.908,-0.948,-0.948,-0.936,-0.928,-0.924,0.932,-0.952,-0.956,0.94,-0.948,-0.96,-0.96,1.036,1.024,-1.024,1.016,1.028,1.036,1.072,1.068,1.068,1.064,0.988,0.996,-1.028,-1.004,0.988,-0.98,-0.972,-0.96,-0.952
0.928,0.904,0.908,0.912,0.912,0.924,0.928,-0.948,-0.944,-0.924,-0.932,-0.916,-0.924,-0.92,0.956,0.972,1.024,-1.04,-1.036,1.032,0.912,0.908,0.908,-0.9,-0.92,-0.976,0.968,-0.992,-0.992,-1.06,-1.048,-1.06,-1.064,-1.068,-1.064,1.008,1.016,1.028,-1.044,-1.048,1.052,1.06,-1.064,-1.048,-0.936,-0.932,-0.92,-0.92,-0.92,0.92,0.928,0.928,0.936,0.96,0.968,-1.028,-1.028,-1.032,-1.028,1.032,-1.08,-0.9,-0.904,0.92,-0.88,-0.892,0.904,0.896,0.924,0.928,0.916,0.908,0.912,0.92,-0.92,-0.96,-0.948,-0.952,-0.956,-0.932,-0.944,-0.948,1,1.004,1.008,1.012,1.032,-1.036,-1.036,-1.032,-1.04,-1.032,-1.024,-1.032,-1.036,-1.008,-0.976,-0.996,-1.008,1.024,1.04,1.044,1.044,-1.076,0.928,0.936,0.92,-0.924,-0.924,0.94,-0.936,0.964,0.96,-0.976,-0.996,0.964,0.956,0.968,-0.972,-0.98,-0.988,-1.004,0.968,0.94,-0.908,-0.92,-0.928,-0.924,-0.952,0.924,-0.888,-0.884,-0.88,-0.92,0.924,0.936,0.92,0.92,0.92,0.924,0.912,0.948,1.048,1.036,-1.064,1.1,1.1,1.104,-0.892,-0.936,0.932,0.94,-0.916,-0.944,-0.956,1.056,1.06,1.068,1.072,1.06,-1.084,-1.076,-1.072,-1.084,-1.08,1.1,1.104,1.1,1.104,1.1,-1.088,1.092,1.08,1.076,1.06,-1,1.008,1.008,1.008,0.98,-0.996,-0.976,-0.988,0.996,0.976,0.944,0.92,-0.936,-0.944,-0.94,-0.94,0.964,-0.996,-0.996,0.992,-0.984,-0.992,-0.996,-1,-0.98,-0.976,-0.98,-0.988,-0.98,-0.984,1,1.008,-1.056,-1.064,0.932,0.932,0.936,0.924,-0.952,0.956,0.936,0.936,0.92,0.904,0.92,0.932,0.936,0.92,0.92,0.948,0.964,-0.948,-0.96,-0.964,0.944,0.904,0.896,-0.916,-0.92,-0.9,-0.888,0.916,0.908,-0.948,-0.948,-0.936,-0.928,-0.924,0.932,-0.952,-0.956,0.94,-0.948,-0.96,-0.96,-0.964,-0.976,0.976,-0.984,-0.972,-0.964,-0.928,-0.932,-0.932,-0.936,0.988,0.996,-1.028,-1.004,0.988,-0.98,-0.972,-0.96,-0.952
0.928,0.904,0.908,0.912,-1.088,-1.076,-1.072,1.052,1.056,1.076,1.068,1.084,1.076,1.08,-1.044,-1.028,-0.976,0.96,0.964,-0.968,0.912,0.908,0.908,-0.9,-0.92,1.024,-1.032,1.008,1.008,0.94,0.952,0.94,0.936,0.932,0.936,-0.992,-0.984,-0.972,0.956,0.952,-0.948,-0.94,0.936,0.952,-0.936,-0.932,-0.92,-0.92,-0.92,0.92,0.928,0.928,0.936,0.96,0.968,-1.028,-1.028,-1.032,0.972,-0.968,0.92,-0.9,-0.904,0.92,-0.88,-0.892,0.904,0.896,0.924,0.928,0.916,0.908,0.912,0.92,-0.92,-0.96,-0.948,-0.952,-0.956,-0.932,-0.944,-0.948,1,1.004,1.008,1.012,1.032,-1.036,-1.036,-1.032,-1.04,-1.032,-1.024,-1.032,-1.036,-1.008,-0.976,-0.996,-1.008,1.024,1.04,1.044,-0.956,0.924,0.928,0.936,0.92,-0.924,-0.924,0.94,-0.936,0.964,0.96,-0.976,-0.996,0.964,0.956,0.968,1.028,1.02,1.012,0.996,0.968,0.94,-0.908,-0.92,-0.928,-0.924,-0.952,0.924,-0.888,-0.884,-0.88,-0.92,0.924,0.936,0.92,0.92,0.92,0.924,0.912,0.948,1.048,1.036,-1.064,1.1,1.1,1.104,-0.892,1.064,-1.068,-1.06,1.084,1.056,1.044,1.056,1.06,1.068,1.072,1.06,-1.084,-1.076,-1.072,-1.084,-1.08,1.1,1.104,1.1,1.104,1.1,-1.088,1.092,1.08,1.076,1.06,-1,1.008,1.008,1.008,0.98,-0.996,-0.976,-0.988,0.996,0.976,0.944,0.92,-0.936,-0.944,-0.94,-0.94,0.964,-0.996,-0.996,0.992,-0.984,-0.992,-0.996,-1,-0.98,-0.976,-0.98,-0.988,-0.98,-0.984,1,1.008,0.944,0.936,0.932,0.932,0.936,0.924,-0.952,0.956,0.936,0.936,0.92,0.904,-1.08,-1.068,-1.064,-1.08,-1.08,-1.052,-1.036,1.052,1.04,-0.964,0.944,0.904,0.896,-0.916,-0.92,-0.9,-0.888,0.916,0.908,-0.948,-0.948,-0.936,-0.928,-0.924,0.932,-0.952,-0.956,0.94,-0.948,-0.96,-0.96,-0.964,-0.976,0.976,-0.984,-0.972,-0.964,-0.928,-0.932,-0.932,-0.936,-1.012,-1.004,0.972,0.996,-1.012,-0.98,-0.972,-0.96,-0.952
-1.072,-1.096,-1.092,-1.088,-1.088,-1.076,-1.072,1.052,1.056,-0.924,-0.932,-0.916,-0.924,-0.92,0.956,0.972,1.024,-1.04,-1.036,1.032,-1.088,-1.092,-1.092,1.1,1.08,1.024,-1.032,1.008,1.008,-1.06,-1.048,-1.06,-1.064,-1.068,-1.064,1.008,1.016,1.028,-1.044,-1.048,1.052,1.06,-1.064,-1.048,1.064,1.068,1.08,1.08,1.08,-1.08,-1.072,-1.072,-1.064,-1.04,-1.032,0.972,0.972,0.968,0.972,1.032,-1.08,1.1,1.096,-1.08,1.12,1.108,-1.096,-1.104,-1.076,-1.072,-1.084,-1.092,-1.088,-1.08,1.08,1.04,-0.948,-0.952,-0.956,-0.932,-0.944,-0.948,1,1.004,1.008,1.012,1.032,-1.036,-1.036,-1.032,-1.04,-1.032,-1.024,-1.032,-1.036,-1.008,-0.976,-0.996,-1.008,1.024,1.04,1.044,1.044,-1.076,-1.072,-1.064,-1.08,1.076,1.076,-1.06,1.064,-1.036,0.96,-0.976,-0.996,0.964,0.956,0.968,-0.972,-0.98,-0.988,-1.004,-1.032,-1.06,1.092,1.08,1.072,1.076,1.048,-1.076,1.112,1.116,1.12,1.08,-1.076,0.936,0.92,0.92,0.92,0.924,0.912,0.948,1.048,1.036,-1.064,1.1,1.1,1.104,1.108,1.064,-1.068,-1.06,1.084,1.056,1.044,1.056,1.06,1.068,1.072,1.06,-1.084,0.924,0.928,0.916,0.92,-0.9,-0.896,-0.9,-0.896,-0.9,0.912,-0.908,-0.92,-0.924,-0.94,1,-0.992,-0.992,-0.992,-1.02,1.004,1.024,1.012,-1.004,-1.024,-1.056,-1.08,1.064,1.056,1.06,1.06,0.964,-0.996,-0.996,0.992,-0.984,-0.992,-0.996,-1,-0.98,-0.976,-0.98,-0.988,-0.98,-0.984,1,1.008,-1.056,-1.064,-1.068,-1.068,-1.064,-1.076,1.048,-1.044,-1.064,-1.064,-1.08,-1.096,-1.08,-1.068,-1.064,-1.08,-1.08,-1.052,-1.036,1.052,1.04,1.036,-1.056,-1.096,-1.104,1.084,1.08,1.1,1.112,-1.084,-1.092,1.052,1.052,1.064,1.072,1.076,-1.068,1.048,1.044,0.94,-0.948,-0.96,-0.96,-0.964,-0.976,0.976,-0.984,-0.972,-0.964,-0.928,-0.932,-0.932,-0.936,-1.012,-1.004,0.972,0.996,-1.012,1.02,1.028,1.04,1.048
0.928,0.904,0.908,0.912,0.912,0.924,0.928,-0.948,-0.944,-0.924,-0.932,-0.916,-0.924,-0.92,0.956,0.972,1.024,-1.04,-1.036,1.032,0.912,0.908,0.908,-0.9,-0.92,-0.976,0.968,-0.992,-0.992,-1.06,-1.048,-1.06,-1.064,-1.068,-1.064,1.008,1.016,1.028,-1.044,-1.048,1.052,1.06,-1.064,-1.048,1.064,1.068,1.08,1.08,-0.92,0.92,0.928,0.928,0.936,0.96,0.968,-1.028,-1.028,-1.032,-1.028,-0.968,0.92,-0.9,-0.904,0.92,-0.88,-0.892,0.904,0.896,0.924,0.928,0.916,0.908,0.912,0.92,-0.92,-0.96,-0.948,-0.952,-0.956,-0.932,-0.944,-0.948,1,1.004,1.008,1.012,1.032,-1.036,-1.036,-1.032,-1.04,-1.032,-1.024,-1.032,-1.036,-1.008,-0.976,-0.996,-1.008,1.024,1.04,1.044,1.044,-1.076,0.928,0.936,0.92,-0.924,-0.924,0.94,-0.936,0.964,0.96,-0.976,-0.996,0.964,0.956,0.968,-0.972,-0.98,-0.988,-1.004,-1.032,-1.06,-0.908,-0.92,-0.928,-0.924,-0.952,0.924,-0.888,-0.884,-0.88,-0.92,0.924,-1.064,-1.08,-1.08,-1.08,-1.076,-1.088,-1.052,-0.952,-0.964,0.936,-0.9,-0.9,-0.896,-0.892,-0.936,0.932,0.94,-0.916,-0.944,-0.956,-0.944,-0.94,-0.932,-0.928,-0.94,0.916,-1.076,-1.072,-1.084,-1.08,1.1,1.104,1.1,1.104,1.1,-1.088,1.092,1.08,1.076,1.06,-1,1.008,1.008,1.008,0.98,-0.996,-0.976,-0.988,0.996,0.976,0.944,0.92,-0.936,-0.944,-0.94,-0.94,0.964,-0.996,-0.996,-1.008,1.016,1.008,1.004,1,1.02,1.024,1.02,1.012,1.02,1.016,-1,-0.992,0.944,0.936,0.932,0.932,0.936,0.924,-0.952,0.956,0.936,0.936,0.92,0.904,0.92,0.932,0.936,0.92,0.92,0.948,0.964,-0.948,-0.96,1.036,-1.056,0.904,0.896,-0.916,-0.92,-0.9,-0.888,0.916,0.908,-0.948,-0.948,-0.936,-0.928,-0.924,0.932,-0.952,-0.956,0.94,-0.948,-0.96,-0.96,-0.964,-0.976,0.976,1.016,1.028,1.036,1.072,1.068,1.068,1.064,0.988,0.996,-1.028,-1.004,0.988,-0.98,-0.972,-0.96,-0.952
-1.072,-1.096,-1.092,-1.088,-1.088,-1.076,-1.072,1.052,1.056,1.076,1.068,1.084,1.076,1.08,-1.044,-1.028,-0.976,-1.04,-1.036,1.032,-1.088,-1.092,-1.092,1.1,1.08,1.024,-1.032,1.008,1.008,0.94,0.952,0.94,0.936,0.932,0.936,-0.992,-0.984,-0.972,0.956,0.952,-0.948,-0.94,0.936,0.952,-0.936,-0.932,-0.92,1.08,1.08,-1.08,-1.072,-1.072,-1.064,-1.04,-1.032,-1.028,-1.028,-1.032,-1.028,1.032,-1.08,1.1,1.096,-1.08,1.12,1.108,-1.096,-1.104,-1.076,-1.072,-1.084,-1.092,-1.088,-1.08,1.08,1.04,1.052,1.048,1.044,1.068,1.056,1.052,-1,-0.996,-0.992,-0.988,-0.968,0.964,0.964,0.968,0.96,0.968,0.976,0.968,0.964,-1.008,-0.976,-0.996,-1.008,1.024,1.04,1.044,1.044,-1.076,-1.072,-1.064,-1.08,1.076,1.076,-1.06,1.064,-1.036,-1.04,1.024,1.004,-1.036,-1.044,-1.032,1.028,1.02,1.012,0.996,0.968,0.94,1.092,1.08,1.072,1.076,1.048,-1.076,1.112,1.116,1.12,1.08,-1.076,-1.064,-1.08,-1.08,-1.08,-1.076,-1.088,-1.052,1.048,1.036,-1.064,1.1,1.1,1.104,1.108,1.064,-1.068,-1.06,1.084,1.056,1.044,1.056,1.06,1.068,1.072,1.06,-1.084,-1.076,-1.072,-1.084,-1.08,1.1,1.104,1.1,-0.896,-0.9,0.912,-0.908,-0.92,-0.924,-0.94,1,-0.992,-0.992,-0.992,-1.02,1.004,1.024,1.012,-1.004,-1.024,-1.056,-1.08,1.064,1.056,1.06,1.06,-1.036,1.004,1.004,-1.008,-0.984,-0.992,-0.996,-1,-0.98,-0.976,-0.98,-0.988,-0.98,-0.984,1,1.008,-1.056,-1.064,-1.068,-1.068,-1.064,-1.076,1.048,-1.044,-1.064,-1.064,-1.08,-1.096,-1.08,-1.068,-1.064,-1.08,-1.08,-1.052,-1.036,1.052,1.04,-0.964,0.944,0.904,0.896,-0.916,-0.92,-0.9,-0.888,0.916,0.908,1.052,1.052,1.064,-0.928,-0.924,0.932,-0.952,-0.956,0.94,-0.948,-0.96,-0.96,-0.964,-0.976,0.976,-0.984,-0.972,-0.964,-0.928,-0.932,-0.932,-0.936,-1.012,-1.004,0.972,0.996,-1.012,1.02,1.028,1.04,1.048
0.928,0.904,0.908,0.912,0.912,0.924,0.928,-0.948,-0.944,1.076,1.068,1.084,1.076,1.08,-1.044,-1.028,-0.976,0.96,0.964,-0.968,0.912,0.908,0.908,-0.9,-0.92,1.024,-1.032,1.008,1.008,0.94,0.952,0.94,0.936,0.932,0.936,-0.992,-0.984,-0.972,0.956,0.952,-0.948,-0.94,0.936,0.952,-0.936,-0.932,-0.92,-0.92,-0.92,0.92,0.928,0.928,0.936,0.96,0.968,0.972,0.972,0.968,0.972,-0.968,0.92,-0.9,-0.904,0.92,-0.88,-0.892,0.904,0.896,0.924,0.928,0.916,0.908,0.912,0.92,-0.92,-0.96,-0.948,-0.952,-0.956,-0.932,-0.944,-0.948,-1,-0.996,-0.992,-0.988,-0.968,0.964,0.964,0.968,0.96,0.968,0.976,0.968,0.964,0.992,1.024,1.004,0.992,-0.976,-0.96,-0.956,-0.956,0.924,0.928,0.936,0.92,-0.924,-0.924,0.94,-0.936,0.964,0.96,-0.976,-0.996,0.964,0.956,0.968,-0.972,-0.98,-0.988,-1.004,-1.032,-1.06,-0.908,-0.92,-0.928,-0.924,-0.952,0.924,-0.888,-0.884,-0.88,-0.92,0.924,-1.064,-1.08,-1.08,-1.08,-1.076,-1.088,-1.052,-0.952,-0.964,0.936,-0.9,-0.9,-0.896,-0.892,-0.936,0.932,0.94,-0.916,-0.944,-0.956,-0.944,-0.94,-0.932,-0.928,-0.94,0.916,0.924,0.928,0.916,0.92,-0.9,-0.896,-0.9,-0.896,-0.9,0.912,-0.908,-0.92,-0.924,-0.94,1,-0.992,-0.992,-0.992,-1.02,1.004,1.024,-0.988,0.996,0.976,0.944,0.92,-0.936,-0.944,-0.94,-0.94,0.964,-0.996,-0.996,0.992,-0.984,-0.992,-0.996,-1,-0.98,-0.976,-0.98,-0.988,-0.98,-0.984,1,1.008,0.944,0.936,0.932,0.932,0.936,0.924,-0.952,0.956,0.936,0.936,0.92,0.904,0.92,0.932,0.936,0.92,0.92,0.948,0.964,-0.948,-0.96,-0.964,0.944,0.904,0.896,-0.916,-0.92,-0.9,-0.888,0.916,0.908,-0.948,-0.948,-0.936,-0.928,-0.924,0.932,-0.952,-0.956,-1.06,1.052,1.04,1.04,1.036,1.024,-1.024,1.016,1.028,1.036,1.072,1.068,1.068,1.064,0.988,0.996,-1.028,-1.004,0.988,-0.98,-0.972,-0.96,-0.952
0.928,0.904,0.908,0.912,0.912,0.924,0.928,-0.948,-0.944,-0.924,-0.932,-0.916,-0.924,-0.92,0.956,0.972,1.024,-1.04,-1.036,1.032,-1.088,-1.092,-1.092,-0.9,-0.92,-0.976,0.968,-0.992,-0.992,-1.06,-1.048,0.94,0.936,0.932,0.936,-0.992,-0.984,-0.972,0.956,0.952,-0.948,-0.94,0.936,0.952,-0.936,-0.932,-0.92,-0.92,-0.92,0.92,0.928,0.928,0.936,0.96,0.968,-1.028,-1.028,-1.032,-1.028,1.032,0.92,-0.9,-0.904,0.92,-0.88,-0.892,0.904,0.896,0.924,0.928,0.916,0.908,0.912,0.92,-0.92,-0.96,-0.948,-0.952,-0.956,-0.932,-0.944,-0.948,1,1.004,1.008,1.012,1.032,-1.036,-1.036,-1.032,-1.04,-1.032,-1.024,-1.032,-1.036,-1.008,1.024,1.004,0.992,-0.976,-0.96,-0.956,-0.956,0.924,0.928,0.936,0.92,-0.924,-0.924,0.94,-0.936,0.964,-1.04,1.024,1.004,-1.036,-1.044,-1.032,1.028,1.02,1.012,0.996,0.968,0.94,-0.908,-0.92,-0.928,-0.924,-0.952,0.924,-0.888,-0.884,-0.88,-0.92,0.924,0.936,0.92,0.92,0.92,0.924,0.912,0.948,1.048,1.036,-1.064,-0.9,-0.9,-0.896,-0.892,1.064,-1.068,-1.06,1.084,1.056,1.044,1.056,1.06,1.068,1.072,1.06,-1.084,-1.076,-1.072,-1.084,-1.08,1.1,1.104,1.1,1.104,1.1,-1.088,1.092,1.08,1.076,1.06,-1,1.008,1.008,1.008,0.98,-0.996,-0.976,-0.988,0.996,0.976,0.944,0.92,-0.936,-0.944,-0.94,-0.94,0.964,-0.996,-0.996,0.992,-0.984,-0.992,-0.996,-1,-0.98,-0.976,-0.98,-0.988,-0.98,-0.984,1,1.008,0.944,0.936,0.932,0.932,0.936,0.924,-0.952,0.956,0.936,0.936,0.92,0.904,0.92,-1.068,-1.064,-1.08,-1.08,-1.052,-1.036,1.052,1.04,-0.964,0.944,0.904,0.896,-0.916,-0.92,-0.9,-0.888,0.916,0.908,-0.948,-0.948,-0.936,-0.928,1.076,-1.068,1.048,1.044,-1.06,1.052,1.04,1.04,1.036,1.024,-1.024,1.016,1.028,1.036,1.072,1.068,1.068,1.064,0.988,0.996,-1.028,-1.004,0.988,-0.98,-0.972,-0.96,-0.952
-1.072,-1.096,-1.092,0.912,0.912,0.924,0.928,-0.948,-0.944,-0.924,-0.932,-0.916,-0.924,-0.92,0.956,0.972,1.024,-1.04,-1.036,1.032,-1.088,-1.092,-1.092,1.1,1.08,1.024,-1.032,1.008,1.008,0.94,0.952,0.94,0.936,0.932,0.936,1.008,1.016,1.028,-1.044,-1.048,1.052,1.06,-1.064,-1.048,1.064,1.068,1.08,1.08,1.08,-1.08,-1.072,-1.072,-1.064,-1.04,-1.032,-1.028,-1.028,-1.032,-1.028,1.032,-1.08,1.1,1.096,-1.08,1.12,1.108,-1.096,-1.104,-1.076,-1.072,-1.084,-1.092,-1.088,-1.08,1.08,1.04,1.052,1.048,1.044,1.068,1.056,1.052,-1,-0.996,-0.992,-0.988,-0.968,0.964,0.964,0.968,0.96,0.968,0.976,0.968,0.964,0.992,-0.976,-0.996,-1.008,1.024,1.04,1.044,1.044,-1.076,-1.072,-1.064,-1.08,1.076,1.076,-1.06,1.064,-1.036,-1.04,1.024,1.004,-1.036,-1.044,-1.032,-0.972,-0.98,-0.988,-1.004,-1.032,-1.06,1.092,1.08,1.072,1.076,1.048,-1.076,1.112,1.116,1.12,1.08,-1.076,-1.064,-1.08,-1.08,-1.08,-1.076,-1.088,-1.052,-0.952,-0.964,0.936,-0.9,-0.9,-0.896,-0.892,1.064,-1.068,-1.06,1.084,1.056,1.044,1.056,1.06,1.068,1.072,1.06,-1.084,-1.076,-1.072,-1.084,-1.08,1.1,1.104,1.1,1.104,1.1,-1.088,1.092,1.08,1.076,1.06,-1,1.008,1.008,1.008,0.98,-0.996,-0.976,1.012,-1.004,-1.024,-1.056,-1.08,1.064,1.056,1.06,1.06,-1.036,1.004,1.004,0.992,-0.984,-0.992,-0.996,-1,-0.98,-0.976,-0.98,-0.988,-0.98,-0.984,1,1.008,-1.056,-1.064,-1.068,-1.068,-1.064,-1.076,1.048,-1.044,-1.064,-1.064,-1.08,-1.096,-1.08,-1.068,-1.064,-1.08,-1.08,0.948,0.964,-0.948,-0.96,1.036,-1.056,-1.096,-1.104,1.084,1.08,1.1,1.112,-1.084,-1.092,1.052,1.052,1.064,1.072,1.076,-1.068,1.048,1.044,-1.06,1.052,1.04,1.04,1.036,1.024,-1.024,1.016,1.028,1.036,1.072,1.068,1.068,1.064,0.988,0.996,-1.028,-1.004,0.988,-0.98,-0.972,-0.96,-0.952
0.928,0.904,0.908,0.912,0.912,0.924,0.928,-0.948,-0.944,-0.924,-0.932,-0.916,-0.924,-0.92,0.956,0.972,1.024,-1.04,-1.036,1.032,0.912,0.908,0.908,-0.9,-0.92,-0.976,0.968,-0.992,-0.992,0.94,0.952,0.94,0.936,0.932,0.936,-0.992,-0.984,-0.972,0.956,0.952,-0.948,-0.94,0.936,0.952,-0.936,-0.932,-0.92,-0.92,-0.92,0.92,0.928,0.928,0.936,0.96,0.968,0.972,0.972,0.968,0.972,-0.968,0.92,-0.9,-0.904,0.92,-0.88,-0.892,0.904,0.896,0.924,0.928,0.916,0.908,0.912,0.92,-0.92,-0.96,1.052,1.048,1.044,1.068,1.056,1.052,-1,-0.996,-0.992,-0.988,-0.968,0.964,0.964,0.968,0.96,0.968,0.976,0.968,0.964,0.992,1.024,1.004,0.992,-0.976,-0.96,-0.956,-0.956,0.924,0.928,0.936,0.92,-0.924,-0.924,0.94,-0.936,0.964,0.96,-0.976,-0.996,0.964,0.956,0.968,-0.972,-0.98,-0.988,-1.004,-1.032,0.94,-0.908,-0.92,-0.928,-0.924,-0.952,0.924,-0.888,-0.884,-0.88,-0.92,0.924,0.936,0.92,-1.08,-1.08,-1.076,-1.088,-1.052,-0.952,-0.964,0.936,-0.9,-0.9,-0.896,-0.892,-0.936,0.932,0.94,-0.916,-0.944,-0.956,-0.944,-0.94,-0.932,-0.928,-0.94,0.916,0.924,0.928,0.916,0.92,-0.9,-0.896,-0.9,-0.896,-0.9,0.912,-0.908,-0.92,-0.924,1.06,-1,1.008,1.008,1.008,0.98,-0.996,-0.976,-0.988,0.996,0.976,0.944,0.92,-0.936,-0.944,-0.94,-0.94,0.964,-0.996,-0.996,0.992,-0.984,-0.992,-0.996,-1,-0.98,-0.976,-0.98,-0.988,-0.98,-0.984,1,1.008,0.944,0.936,0.932,0.932,0.936,0.924,-0.952,0.956,0.936,0.936,0.92,0.904,0.92,0.932,0.936,0.92,0.92,0.948,0.964,-0.948,1.04,-0.964,0.944,0.904,0.896,-0.916,-0.92,-0.9,-0.888,0.916,0.908,-0.948,-0.948,-0.936,-0.928,-0.924,0.932,-0.952,-0.956,0.94,-0.948,-0.96,-0.96,-0.964,-0.976,0.976,-0.984,-0.972,-0.964,-0.928,-0.932,-0.932,-0.936,-1.012,-1.004,0.972,-1.004,0.988,-0.98,-0.972,-0.96,-0.952
0.928,0.904,0.908,0.912,0.912,0.924,0.928,-0.948,-0.944,-0.924,-0.932,-0.916,-0.924,-0.92,0.956,0.972,1.024,-1.04,-1.036,1.032,0.912,0.908,0.908,-0.9,-0.92,-0.976,0.968,-0.992,-0.992,-1.06,-1.048,-1.06,-1.064,0.932,0.936,-0.992,-0.984,-0.972,0.956,0.952,-0.948,-0.94,0.936,0.952,-0.936,-0.932,-0.92,-0.92,-0.92,0.92,0.928,0.928,0.936,0.96,0.968,-1.028,-1.028,-1.032,-1.028,1.032,-1.08,-0.9,-0.904,0.92,-0.88,-0.892,0.904,0.896,0.924,0.928,0.916,0.908,0.912,0.92,-0.92,-0.96,-0.948,-0.952,-0.956,-0.932,-0.944,-0.948,1,1.004,1.008,1.012,1.032,-1.036,-1.036,-1.032,-1.04,-1.032,-1.024,-1.032,-1.036,0.992,1.024,1.004,0.992,-0.976,-0.96,-0.956,-0.956,0.924,0.928,0.936,0.92,-0.924,-0.924,0.94,-0.936,0.964,0.96,-0.976,-0.996,0.964,0.956,0.968,-0.972,-0.98,-0.988,-1.004,-1.032,-1.06,1.092,1.08,1.072,1.076,1.048,-1.076,-0.888,-0.884,-0.88,-0.92,0.924,0.936,0.92,0.92,0.92,0.924,-1.088,-1.052,-0.952,-0.964,0.936,-0.9,-0.9,-0.896,-0.892,-0.936,0.932,0.94,-0.916,-0.944,-0.956,-0.944,-0.94,-0.932,-0.928,-0.94,0.916,0.924,0.928,0.916,0.92,-0.9,-0.896,-0.9,-0.896,-0.9,0.912,-0.908,-0.92,-0.924,-0.94,1,-0.992,-0.992,-0.992,-1.02,1.004,1.024,-0.988,0.996,0.976,0.944,0.92,-0.936,-0.944,-0.94,-0.94,0.964,-0.996,-0.996,0.992,-0.984,-0.992,-0.996,-1,-0.98,-0.976,-0.98,-0.988,-0.98,-0.984,1,1.008,0.944,0.936,0.932,0.932,0.936,0.924,-0.952,0.956,0.936,0.936,0.92,0.904,0.92,0.932,0.936,0.92,0.92,0.948,0.964,-0.948,-0.96,1.036,-1.056,-1.096,-1.104,1.084,1.08,1.1,1.112,0.916,0.908,1.052,1.052,1.064,1.072,1.076,-1.068,1.048,1.044,-1.06,1.052,1.04,1.04,1.036,1.024,-1.024,1.016,1.028,1.036,1.072,1.068,1.068,1.064,0.988,0.996,-1.028,-1.004,0.988,-0.98,-0.972,-0.96,-0.952
-1.072,-1.096,-1.092,-1.088,-1.088,-1.076,-1.072,1.052,1.056,1.076,1.068,1.084,1.076,1.08,-1.044,-1.028,-0.976,-1.04,-1.036,1.032,-1.088,-1.092,-1.092,1.1,1.08,1.024,-1.032,1.008,1.008,0.94,0.952,0.94,0.936,0.932,0.936,1.008,1.016,1.028,-1.044,-1.048,1.052,1.06,-1.064,-1.048,1.064,1.068,1.08,1.08,1.08,-1.08,-1.072,-1.072,-1.064,-1.04,-1.032,-1.028,-1.028,-1.032,-1.028,1.032,-1.08,1.1,1.096,-1.08,1.12,1.108,-1.096,-1.104,-1.076,-1.072,-1.084,-1.092,-1.088,-1.08,1.08,1.04,1.052,1.048,1.044,-0.932,-0.944,-0.948,1,1.004,1.008,1.012,1.032,-1.036,-1.036,-1.032,-1.04,-1.032,-1.024,-1.032,-1.036,-1.008,-0.976,-0.996,-1.008,1.024,1.04,1.044,1.044,-1.076,-1.072,-1.064,-1.08,1.076,1.076,-1.06,1.064,-1.036,-1.04,1.024,1.004,-1.036,-1.044,-1.032,1.028,1.02,1.012,0.996,0.968,0.94,-0.908,-0.92,-0.928,-0.924,-0.952,0.924,-0.888,-0.884,1.12,1.08,-1.076,-1.064,-1.08,-1.08,-1.08,-1.076,0.912,0.948,1.048,1.036,-1.064,1.1,1.1,1.104,1.108,1.064,-1.068,-1.06,1.084,1.056,1.044,1.056,1.06,1.068,1.072,1.06,-1.084,-1.076,-1.072,-1.084,-1.08,1.1,1.104,1.1,1.104,1.1,-1.088,1.092,1.08,1.076,-0.94,1,-0.992,-0.992,-0.992,-1.02,1.004,1.024,1.012,-1.004,-1.024,-1.056,-1.08,1.064,1.056,-0.94,-0.94,0.964,-0.996,-0.996,0.992,-0.984,-0.992,-0.996,-1,-0.98,-0.976,-0.98,-0.988,-0.98,-0.984,1,1.008,-1.056,-1.064,-1.068,-1.068,-1.064,-1.076,1.048,-1.044,-1.064,-1.064,-1.08,-1.096,-1.08,-1.068,-1.064,0.92,0.92,0.948,0.964,-0.948,-0.96,1.036,-1.056,-1.096,-1.104,1.084,1.08,1.1,1.112,-1.084,-1.092,1.052,1.052,1.064,1.072,1.076,-1.068,1.048,1.044,-1.06,1.052,1.04,1.04,1.036,1.024,-1.024,1.016,1.028,1.036,1.072,1.068,1.068,1.064,-1.012,-1.004,0.972,0.996,-1.012,1.02,1.028,1.04,1.048
-1.072,-1.096,-1.092,-1.088,-1.088,-1.076,-1.072,1.052,1.056,1.076,1.068,-0.916,-0.924,-0.92,0.956,0.972,1.024,-1.04,-1.036,1.032,-1.088,-1.092,-1.092,1.1,1.08,1.024,-1.032,1.008,1.008,0.94,0.952,0.94,0.936,0.932,0.936,-0.992,-0.984,-0.972,0.956,0.952,-0.948,-0.94,0.936,0.952,-0.936,-0.932,-0.92,-0.92,1.08,-1.08,-1.072,-1.072,-1.064,-1.04,-1.032,0.972,0.972,0.968,0.972,-0.968,0.92,-0.9,-0.904,0.92,-0.88,-0.892,0.904,0.896,0.924,0.928,0.916,0.908,0.912,-1.08,1.08,1.04,1.052,1.048,1.044,-0.932,-0.944,-0.948,1,1.004,1.008,1.012,1.032,-1.036,-1.036,-1.032,-1.04,-1.032,-1.024,-1.032,-1.036,-1.008,-0.976,-0.996,-1.008,1.024,1.04,1.044,1.044,-1.076,-1.072,-1.064,-1.08,1.076,1.076,-1.06,1.064,-1.036,0.96,-0.976,-0.996,0.964,0.956,0.968,-0.972,-0.98,-0.988,-1.004,-1.032,-1.06,1.092,1.08,1.072,1.076,1.048,-1.076,1.112,1.116,1.12,1.08,-1.076,-1.064,-1.08,-1.08,-1.08,-1.076,-1.088,-1.052,1.048,1.036,-1.064,1.1,1.1,1.104,1.108,1.064,-1.068,-1.06,1.084,1.056,1.044,1.056,1.06,1.068,1.072,1.06,-1.084,-1.076,-1.072,-1.084,-1.08,1.1,1.104,1.1,1.104,1.1,-1.088,1.092,1.08,1.076,1.06,-1,1.008,1.008,1.008,0.98,-0.996,-0.976,-0.988,0.996,-1.024,-1.056,-1.08,1.064,1.056,1.06,1.06,-1.036,1.004,1.004,-1.008,-0.984,-0.992,-0.996,-1,-0.98,-0.976,-0.98,-0.988,-0.98,-0.984,1,1.008,-1.056,-1.064,-1.068,-1.068,-1.064,-1.076,1.048,-1.044,-1.064,-1.064,-1.08,-1.096,-1.08,-1.068,-1.064,-1.08,-1.08,-1.052,-1.036,1.052,1.04,-0.964,0.944,0.904,0.896,-0.916,-0.92,-0.9,1.112,-1.084,-1.092,1.052,1.052,1.064,1.072,1.076,0.932,-0.952,-0.956,0.94,-0.948,-0.96,-0.96,-0.964,-0.976,0.976,-0.984,-0.972,-0.964,-0.928,-0.932,-0.932,-0.936,-1.012,-1.004,0.972,0.996,-1.012,1.02,1.028,1.04,1.048
0.928,0.904,0.908,0.912,0.912,0.924,0.928,1.052,1.056,1.076,1.068,1.084,1.076,1.08,-1.044,-1.028,-0.976,0.96,0.964,-0.968,0.912,0.908,0.908,-0.9,-0.92,-0.976,0.968,-0.992,-0.992,0.94,0.952,0.94,0.936,0.932,0.936,-0.992,-0.984,-0.972,0.956,0.952,-0.948,-0.94,0.936,0.952,-0.936,-0.932,-0.92,-0.92,-0.92,0.92,0.928,0.928,0.936,0.96,0.968,-1.028,-1.028,-1.032,-1.028,1.032,-1.08,1.1,1.096,-1.08,1.12,1.108,-1.096,-1.104,-1.076,0.928,0.916,0.908,0.912,0.92,-0.92,-0.96,-0.948,-0.952,-0.956,-0.932,-0.944,-0.948,1,1.004,1.008,1.012,1.032,-1.036,-1.036,-1.032,-1.04,0.968,0.976,0.968,0.964,0.992,1.024,1.004,0.992,-0.976,-0.96,-0.956,-0.956,0.924,0.928,0.936,0.92,-0.924,-0.924,0.94,-0.936,0.964,0.96,-0.976,-0.996,0.964,0.956,0.968,-0.972,-0.98,-0.988,0.996,0.968,0.94,-0.908,-0.92,-0.928,-0.924,-0.952,0.924,-0.888,-0.884,-0.88,-0.92,0.924,0.936,0.92,0.92,0.92,0.924,0.912,-1.052,-0.952,-0.964,0.936,-0.9,-0.9,-0.896,-0.892,-0.936,0.932,0.94,-0.916,-0.944,-0.956,-0.944,-0.94,-0.932,-0.928,-0.94,0.916,0.924,0.928,0.916,0.92,-0.9,-0.896,-0.9,-0.896,-0.9,0.912,-0.908,-0.92,-0.924,-0.94,1,-0.992,-0.992,-0.992,-1.02,-0.996,-0.976,-0.988,0.996,0.976,0.944,0.92,-0.936,-0.944,-0.94,-0.94,0.964,-0.996,-0.996,0.992,-0.984,-0.992,-0.996,-1,-0.98,-0.976,-0.98,-0.988,-0.98,-0.984,1,1.008,0.944,0.936,0.932,0.932,0.936,0.924,-0.952,0.956,0.936,0.936,0.92,0.904,0.92,0.932,0.936,0.92,0.92,0.948,0.964,-0.948,-0.96,1.036,-1.056,-1.096,0.896,-0.916,-0.92,-0.9,-0.888,0.916,0.908,-0.948,-0.948,-0.936,-0.928,-0.924,0.932,-0.952,-0.956,0.94,-0.948,-0.96,-0.96,-0.964,-0.976,0.976,-0.984,-0.972,-0.964,-0.928,-0.932,-0.932,-0.936,-1.012,-1.004,-1.028,-1.004,0.988,-0.98,-0.972,-0.96,-0.952
0.928,0.904,0.908,0.912,0.912,0.924,0.928,-0.948,-0.944,-0.924,-0.932,-0.916,-0.924,-0.92,0.956,0.972,1.024,-1.04,-1.036,1.032,-1.088,-1.092,-1.092,1.1,1.08,1.024,-1.032,1.008,1.008,0.94,0.952,0.94,0.936,0.932,0.936,1.008,1.016,1.028,-1.044,-1.048,1.052,1.06,-1.064,-1.048,1.064,1.068,1.08,1.08,1.08,-1.08,-1.072,-1.072,-1.064,-1.04,-1.032,0.972,0.972,0.968,0.972,-0.968,0.92,-0.9,-0.904,0.92,-0.88,-0.892,0.904,0.896,0.924,0.928,0.916,0.908,0.912,0.92,1.08,1.04,1.052,1.048,1.044,1.068,1.056,1.052,-1,-0.996,-0.992,-0.988,-0.968,0.964,-1.036,-1.032,-1.04,-1.032,-1.024,-1.032,-1.036,-1.008,-0.976,-0.996,-1.008,1.024,1.04,1.044,1.044,-1.076,-1.072,-1.064,-1.08,1.076,1.076,-1.06,1.064,-1.036,-1.04,1.024,1.004,-1.036,-1.044,-1.032,1.028,1.02,1.012,0.996,0.968,0.94,-0.908,-0.92,-0.928,-0.924,-0.952,0.924,1.112,1.116,1.12,1.08,-1.076,-1.064,-1.08,-1.08,-1.08,-1.076,-1.088,-1.052,1.048,1.036,-1.064,1.1,1.1,1.104,1.108,1.064,-1.068,-1.06,1.084,1.056,1.044,1.056,1.06,1.068,1.072,1.06,-1.084,-1.076,-1.072,-1.084,-1.08,1.1,1.104,1.1,1.104,1.1,-1.088,1.092,1.08,1.076,1.06,-1,1.008,1.008,1.008,0.98,-0.996,-0.976,-0.988,0.996,-1.024,-1.056,-1.08,1.064,1.056,1.06,1.06,-1.036,1.004,1.004,-1.008,1.016,1.008,1.004,1,1.02,1.024,1.02,1.012,-0.98,-0.984,1,1.008,-1.056,-1.064,-1.068,-1.068,-1.064,-1.076,1.048,-1.044,-1.064,-1.064,-1.08,-1.096,-1.08,-1.068,-1.064,-1.08,-1.08,-1.052,-1.036,1.052,1.04,1.036,-1.056,-1.096,-1.104,1.084,1.08,1.1,1.112,-1.084,-1.092,1.052,1.052,1.064,1.072,1.076,-1.068,1.048,1.044,-1.06,1.052,1.04,1.04,1.036,1.024,-1.024,1.016,1.028,1.036,1.072,1.068,1.068,1.064,0.988,0.996,-1.028,-1.004,0.988,1.02,1.028,1.04,1.048
-1.072,-1.096,-1.092,-1.088,-1.088,-1.076,-1.072,1.052,1.056,1.076,1.068,1.084,1.076,1.08,-1.044,-1.028,-0.976,0.96,0.964,-0.968,-1.088,-1.092,-1.092,1.1,1.08,-0.976,0.968,-0.992,-0.992,-1.06,-1.048,-1.06,-1.064,-1.068,-1.064,1.008,1.016,1.028,-1.044,-1.048,1.052,1.06,-1.064,-1.048,1.064,1.068,1.08,1.08,1.08,-1.08,-1.072,-1.072,-1.064,-1.04,-1.032,0.972,0.972,0.968,0.972,-0.968,-1.08,1.1,1.096,-1.08,1.12,1.108,-1.096,-1.104,-1.076,-1.072,-1.084,-1.092,-1.088,-1.08,1.08,1.04,1.052,1.048,1.044,1.068,1.056,1.052,-1,-0.996,-0.992,-0.988,-0.968,0.964,0.964,0.968,0.96,0.968,0.976,0.968,0.964,0.992,-0.976,-0.996,-1.008,1.024,1.04,1.044,1.044,-1.076,-1.072,-1.064,-1.08,1.076,1.076,-1.06,1.064,-1.036,-1.04,1.024,1.004,-1.036,-1.044,-1.032,1.028,1.02,1.012,0.996,0.968,0.94,-0.908,-0.92,-0.928,-0.924,-0.952,0.924,-0.888,-0.884,-0.88,1.08,-1.076,-1.064,-1.08,-1.08,-1.08,-1.076,-1.088,0.948,1.048,1.036,-1.064,1.1,1.1,1.104,1.108,1.064,-1.068,-1.06,1.084,1.056,1.044,1.056,1.06,1.068,1.072,1.06,-1.084,-1.076,-1.072,-1.084,-1.08,1.1,1.104,1.1,1.104,1.1,-1.088,1.092,1.08,1.076,1.06,-1,1.008,1.008,1.008,0.98,-0.996,-0.976,-0.988,0.996,0.976,0.944,-1.08,1.064,1.056,1.06,1.06,-1.036,1.004,1.004,-1.008,-0.984,-0.992,-0.996,-1,-0.98,-0.976,-0.98,-0.988,-0.98,-0.984,1,1.008,-1.056,-1.064,-1.068,-1.068,-1.064,-1.076,1.048,-1.044,-1.064,-1.064,-1.08,-1.096,-1.08,-1.068,-1.064,-1.08,-1.08,0.948,0.964,-0.948,-0.96,1.036,-1.056,-1.096,-1.104,1.084,1.08,1.1,1.112,-1.084,-1.092,1.052,1.052,1.064,1.072,1.076,-1.068,1.048,1.044,0.94,-0.948,-0.96,-0.96,-0.964,-0.976,0.976,-0.984,-0.972,-0.964,-0.928,-0.932,-0.932,-0.936,-1.012,-1.004,0.972,0.996,-1.012,1.02,1.028,1.04,1.048
-1.072,-1.096,-1.092,-1.088,-1.088,-1.076,-1.072,1.052,1.056,1.076,1.068,1.084,1.076,1.08,-1.044,-1.028,-0.976,-1.04,-1.036,1.032,-1.088,-1.092,-1.092,1.1,1.08,1.024,-1.032,1.008,1.008,0.94,0.952,0.94,0.936,0.932,0.936,-0.992,-0.984,-0.972,0.956,0.952,-0.948,-0.94,0.936,0.952,-0.936,-0.932,-0.92,-0.92,1.08,-1.08,-1.072,-1.072,-1.064,-1.04,-1.032,0.972,0.972,0.968,0.972,-0.968,0.92,-0.9,-0.904,0.92,-0.88,-0.892,0.904,0.896,0.924,0.928,0.916,0.908,0.912,0.92,1.08,1.04,1.052,1.048,1.044,1.068,1.056,1.052,-1,-0.996,-0.992,-0.988,-0.968,0.964,0.964,0.968,0.96,0.968,0.976,0.968,0.964,-1.008,-0.976,-0.996,-1.008,1.024,1.04,1.044,1.044,-1.076,-1.072,-1.064,-1.08,1.076,1.076,-1.06,1.064,-1.036,-1.04,1.024,1.004,-1.036,-1.044,-1.032,1.028,1.02,1.012,0.996,-1.032,-1.06,1.092,1.08,1.072,1.076,1.048,-1.076,1.112,1.116,1.12,1.08,-1.076,-1.064,-1.08,0.92,0.92,0.924,0.912,0.948,1.048,1.036,-1.064,1.1,1.1,1.104,1.108,1.064,-1.068,-1.06,1.084,-0.944,-0.956,-0.944,-0.94,-0.932,-0.928,-0.94,0.916,0.924,0.928,0.916,0.92,-0.9,-0.896,-0.9,-0.896,-0.9,0.912,-0.908,-0.92,-0.924,-0.94,1,-0.992,-0.992,-0.992,-1.02,1.004,1.024,1.012,-1.004,-1.024,-1.056,-1.08,1.064,1.056,1.06,1.06,0.964,-0.996,-0.996,0.992,-0.984,-0.992,-0.996,-1,-0.98,-0.976,-0.98,-0.988,-0.98,-0.984,1,1.008,-1.056,-1.064,-1.068,-1.068,-1.064,-1.076,1.048,-1.044,-1.064,-1.064,-1.08,-1.096,-1.08,-1.068,-1.064,-1.08,-1.08,-1.052,-1.036,1.052,1.04,-0.964,0.944,0.904,0.896,-0.916,-0.92,-0.9,-0.888,-1.084,-1.092,1.052,1.052,1.064,1.072,1.076,-1.068,1.048,1.044,-1.06,1.052,1.04,1.04,1.036,1.024,-1.024,1.016,1.028,1.036,1.072,1.068,1.068,1.064,0.988,0.996,-1.028,-1.004,0.988,1.02,1.028,1.04,1.048
0.928,0.904,0.908,0.912,0.912,0.924,0.928,-0.948,-0.944,-0.924,-0.932,-0.916,-0.924,-0.92,0.956,0.972,-0.976,0.96,0.964,-0.968,0.912,0.908,0.908,-0.9,-0.92,-0.976,0.968,-0.992,-0.992,0.94,0.952,0.94,0.936,0.932,0.936,-0.992,-0.984,-0.972,0.956,0.952,-0.948,-0.94,0.936,0.952,-0.936,-0.932,-0.92,-0.92,-0.92,0.92,0.928,0.928,0.936,0.96,0.968,-1.028,-1.028,-1.032,-1.028,1.032,-1.08,1.1,1.096,0.92,-0.88,-0.892,0.904,0.896,0.924,0.928,0.916,0.908,0.912,0.92,-0.92,-0.96,-0.948,-0.952,-0.956,-0.932,-0.944,-0.948,1,1.004,1.008,1.012,1.032,-1.036,-1.036,-1.032,-1.04,-1.032,-1.024,-1.032,-1.036,-1.008,-0.976,-0.996,-1.008,-0.976,-0.96,-0.956,-0.956,0.924,0.928,0.936,0.92,-0.924,-0.924,0.94,-0.936,0.964,0.96,-0.976,-0.996,0.964,0.956,0.968,-0.972,-0.98,-0.988,-1.004,-1.032,-1.06,1.092,1.08,1.072,1.076,1.048,0.924,-0.888,-0.884,-0.88,-0.92,0.924,0.936,0.92,0.92,0.92,0.924,0.912,0.948,1.048,1.036,0.936,-0.9,-0.9,-0.896,-0.892,-0.936,0.932,0.94,-0.916,-0.944,-0.956,-0.944,-0.94,-0.932,-0.928,-0.94,0.916,0.924,0.928,0.916,0.92,-0.9,-0.896,-0.9,-0.896,-0.9,-1.088,1.092,1.08,1.076,1.06,-1,1.008,1.008,1.008,0.98,-0.996,-0.976,-0.988,0.996,0.976,0.944,0.92,-0.936,-0.944,-0.94,-0.94,0.964,-0.996,-0.996,0.992,-0.984,-0.992,-0.996,-1,-0.98,-0.976,-0.98,-0.988,-0.98,-0.984,1,1.008,-1.056,-1.064,-1.068,-1.068,-1.064,-1.076,1.048,-1.044,-1.064,-1.064,0.92,0.904,-1.08,-1.068,-1.064,-1.08,-1.08,-1.052,-1.036,1.052,1.04,-0.964,0.944,0.904,0.896,-0.916,-0.92,-0.9,-0.888,0.916,0.908,-0.948,-0.948,-0.936,-0.928,-0.924,0.932,1.048,1.044,-1.06,1.052,1.04,1.04,1.036,1.024,-1.024,1.016,1.028,1.036,1.072,1.068,1.068,1.064,0.988,0.996,-1.028,-1.004,0.988,-0.98,-0.972,-0.96,-0.952
0.928,0.904,0.908,0.912,0.912,0.924,0.928,-0.948,-0.944,-0.924,-0.932,-0.916,-0.924,-0.92,0.956,0.972,-0.976,0.96,0.964,-0.968,0.912,0.908,0.908,-0.9,-0.92,-0.976,0.968,-0.992,-0.992,-1.06,-1.048,-1.06,-1.064,-1.068,-1.064,1.008,-0.984,-0.972,0.956,0.952,-0.948,-0.94,0.936,0.952,-0.936,-0.932,-0.92,-0.92,-0.92,0.92,0.928,0.928,0.936,0.96,0.968,0.972,0.972,0.968,0.972,-0.968,0.92,-0.9,-0.904,0.92,-0.88,-0.892,0.904,0.896,0.924,0.928,0.916,0.908,0.912,0.92,-0.92,-0.96,-0.948,-0.952,-0.956,-0.932,-0.944,-0.948,1,1.004,1.008,1.012,1.032,-1.036,-1.036,-1.032,-1.04,-1.032,-1.024,-1.032,-1.036,-1.008,-0.976,-0.996,-1.008,1.024,1.04,1.044,1.044,-1.076,-1.072,-1.064,0.92,-0.924,-0.924,0.94,-0.936,0.964,0.96,-0.976,-0.996,0.964,0.956,0.968,-0.972,-0.98,-0.988,-1.004,-1.032,-1.06,1.092,1.08,1.072,1.076,1.048,0.924,-0.888,-0.884,-0.88,-0.92,0.924,0.936,0.92,0.92,0.92,0.924,0.912,0.948,1.048,1.036,-1.064,1.1,-0.9,-0.896,-0.892,-0.936,0.932,0.94,-0.916,-0.944,-0.956,-0.944,-0.94,-0.932,-0.928,-0.94,0.916,0.924,0.928,0.916,0.92,-0.9,-0.896,-0.9,-0.896,-0.9,0.912,-0.908,-0.92,-0.924,-0.94,1,-0.992,-0.992,-0.992,-1.02,1.004,1.024,1.012,-1.004,0.976,0.944,0.92,-0.936,-0.944,-0.94,-0.94,0.964,-0.996,-0.996,0.992,-0.984,-0.992,1.004,1,1.02,1.024,1.02,1.012,1.02,1.016,-1,-0.992,0.944,0.936,0.932,0.932,0.936,0.924,-0.952,0.956,0.936,0.936,0.92,0.904,0.92,0.932,0.936,0.92,0.92,-1.052,-1.036,1.052,1.04,-0.964,0.944,0.904,0.896,-0.916,-0.92,-0.9,-0.888,0.916,0.908,-0.948,-0.948,-0.936,-0.928,-0.924,0.932,-0.952,-0.956,0.94,-0.948,-0.96,-0.96,-0.964,-0.976,0.976,-0.984,-0.972,-0.964,-0.928,-0.932,-0.932,-0.936,0.988,0.996,-1.028,-1.004,0.988,-0.98,-0.972,-0.96,-0.952
0.928,0.904,0.908,0.912,0.912,0.924,0.928,-0.948,-0.944,-0.924,-0.932,-0.916,-0.924,-0.92,0.956,-1.028,-0.976,0.96,0.964,-0.968,0.912,0.908,0.908,-0.9,-0.92,-0.976,0.968,-0.992,-0.992,0.94,0.952,0.94,0.936,0.932,0.936,-0.992,-0.984,-0.972,0.956,0.952,-0.948,-0.94,0.936,0.952,-0.936,-0.932,-0.92,-0.92,-0.92,0.92,0.928,0.928,0.936,0.96,0.968,-1.028,-1.028,-1.032,-1.028,1.032,-1.08,1.1,1.096,-1.08,1.12,-0.892,0.904,0.896,0.924,0.928,0.916,0.908,0.912,0.92,-0.92,1.04,1.052,1.048,1.044,1.068,1.056,1.052,-1,-0.996,-0.992,-0.988,-0.968,0.964,0.964,0.968,0.96,0.968,0.976,0.968,0.964,0.992,1.024,1.004,0.992,-0.976,-0.96,-0.956,-0.956,0.924,0.928,0.936,0.92,-0.924,1.076,-1.06,1.064,-1.036,-1.04,1.024,1.004,-1.036,-1.044,-1.032,1.028,1.02,1.012,0.996,0.968,0.94,-0.908,-0.92,-0.928,-0.924,-0.952,0.924,-0.888,-0.884,-0.88,-0.92,0.924,0.936,0.92,0.92,0.92,0.924,0.912,-1.052,-0.952,-0.964,0.936,-0.9,-0.9,-0.896,-0.892,-0.936,0.932,0.94,-0.916,-0.944,-0.956,-0.944,-0.94,-0.932,-0.928,-0.94,0.916,0.924,0.928,0.916,0.92,-0.9,-0.896,-0.9,-0.896,-0.9,0.912,-0.908,-0.92,-0.924,-0.94,1,1.008,1.008,1.008,0.98,-0.996,-0.976,-0.988,0.996,0.976,0.944,0.92,-0.936,-0.944,-0.94,-0.94,0.964,-0.996,-0.996,0.992,-0.984,-0.992,-0.996,-1,-0.98,-0.976,-0.98,-0.988,-0.98,-0.984,1,1.008,-1.056,-1.064,-1.068,-1.068,-1.064,-1.076,1.048,-1.044,-1.064,0.936,0.92,0.904,0.92,0.932,0.936,0.92,0.92,0.948,0.964,-0.948,-0.96,1.036,-1.056,-1.096,-1.104,-0.916,-0.92,-0.9,-0.888,0.916,0.908,-0.948,-0.948,-0.936,-0.928,-0.924,0.932,-0.952,-0.956,0.94,-0.948,-0.96,-0.96,-0.964,-0.976,0.976,-0.984,-0.972,-0.964,-0.928,-0.932,-0.932,-0.936,-1.012,-1.004,0.972,0.996,-1.012,-0.98,-0.972,-0.96,-0.952
-1.072,-1.096,-1.092,-1.088,-1.088,-1.076,-1.072,1.052,1.056,-0.924,-0.932,-0.916,-0.924,-0.92,0.956,0.972,1.024,-1.04,-1.036,1.032,-1.088,-1.092,-1.092,1.1,1.08,1.024,-1.032,1.008,1.008,-1.06,-1.048,-1.06,-1.064,-1.068,-1.064,1.008,1.016,1.028,-1.044,-1.048,1.052,1.06,-1.064,-1.048,1.064,1.068,1.08,1.08,1.08,-1.08,-1.072,-1.072,-1.064,-1.04,-1.032,0.972,0.972,0.968,0.972,-0.968,-1.08,1.1,1.096,-1.08,1.12,1.108,-1.096,-1.104,-1.076,-1.072,-1.084,-1.092,-1.088,-1.08,1.08,1.04,1.052,1.048,1.044,1.068,1.056,1.052,-1,-0.996,-0.992,-0.988,-0.968,0.964,0.964,0.968,0.96,0.968,0.976,0.968,0.964,0.992,1.024,1.004,0.992,-0.976,-0.96,-0.956,-0.956,0.924,-1.072,-1.064,-1.08,1.076,1.076,-1.06,1.064,-1.036,-1.04,1.024,1.004,-1.036,-1.044,-1.032,1.028,1.02,1.012,0.996,0.968,0.94,-0.908,-0.92,-0.928,-0.924,-0.952,0.924,1.112,1.116,1.12,1.08,-1.076,-1.064,-1.08,-1.08,-1.08,-1.076,-1.088,-1.052,-0.952,-0.964,-1.064,1.1,1.1,1.104,1.108,1.064,-1.068,-1.06,1.084,1.056,1.044,1.056,1.06,1.068,1.072,1.06,-1.084,-1.076,-1.072,-1.084,-1.08,1.1,1.104,1.1,1.104,1.1,-1.088,1.092,1.08,1.076,-0.94,1,-0.992,-0.992,-0.992,-1.02,1.004,1.024,1.012,-1.004,-1.024,-1.056,-1.08,1.064,1.056,1.06,1.06,-1.036,1.004,1.004,-1.008,-0.984,-0.992,-0.996,-1,-0.98,-0.976,-0.98,-0.988,-0.98,-0.984,1,1.008,-1.056,-1.064,-1.068,-1.068,-1.064,-1.076,1.048,-1.044,-1.064,-1.064,-1.08,-1.096,-1.08,-1.068,-1.064,-1.08,-1.08,-1.052,-1.036,1.052,1.04,1.036,-1.056,-1.096,-1.104,1.084,1.08,1.1,1.112,-1.084,-1.092,1.052,1.052,1.064,1.072,1.076,-1.068,1.048,1.044,-1.06,1.052,-0.96,-0.96,-0.964,-0.976,0.976,-0.984,-0.972,-0.964,-0.928,-0.932,-0.932,-0.936,-1.012,-1.004,0.972,0.996,-1.012,1.02,1.028,1.04,1.048
-1.072,-1.096,-1.092,-1.088,-1.088,-1.076,-1.072,1.052,1.056,1.076,1.068,-0.916,-0.924,-0.92,0.956,0.972,1.024,-1.04,-1.036,1.032,-1.088,-1.092,-1.092,1.1,1.08,1.024,-1.032,1.008,1.008,0.94,0.952,0.94,0.936,0.932,0.936,-0.992,-0.984,-0.972,0.956,0.952,-0.948,-0.94,0.936,0.952,1.064,1.068,1.08,1.08,1.08,-1.08,-1.072,-1.072,-1.064,-1.04,-1.032,0.972,0.972,0.968,0.972,-0.968,0.92,-0.9,-0.904,0.92,-0.88,1.108,-1.096,-1.104,-1.076,-1.072,-1.084,-1.092,-1.088,-1.08,1.08,1.04,1.052,1.048,1.044,1.068,1.056,1.052,-1,-0.996,-0.992,-0.988,-0.968,0.964,0.964,0.968,0.96,0.968,0.976,0.968,0.964,0.992,-0.976,-0.996,-1.008,1.024,1.04,1.044,1.044,-1.076,-1.072,-1.064,-1.08,1.076,1.076,-1.06,1.064,-1.036,-1.04,1.024,1.004,-1.036,-1.044,-1.032,1.028,1.02,1.012,0.996,-1.032,-1.06,1.092,1.08,1.072,1.076,1.048,-1.076,1.112,1.116,1.12,1.08,-1.076,0.936,0.92,0.92,0.92,0.924,0.912,0.948,1.048,1.036,-1.064,1.1,1.1,1.104,1.108,1.064,-1.068,-1.06,1.084,1.056,1.044,1.056,1.06,1.068,1.072,1.06,-1.084,-1.076,-1.072,-1.084,0.92,-0.9,-0.896,-0.9,-0.896,-0.9,0.912,-0.908,-0.92,-0.924,-0.94,1,-0.992,-0.992,-0.992,-1.02,1.004,1.024,1.012,-1.004,-1.024,-1.056,-1.08,1.064,1.056,1.06,1.06,-1.036,-0.996,-0.996,0.992,-0.984,-0.992,-0.996,-1,-0.98,-0.976,-0.98,-0.988,-0.98,-0.984,1,1.008,-1.056,-1.064,-1.068,-1.068,-1.064,-1.076,1.048,-1.044,-1.064,-1.064,-1.08,-1.096,-1.08,-1.068,-1.064,-1.08,-1.08,-1.052,-1.036,1.052,1.04,1.036,-1.056,-1.096,-1.104,1.084,1.08,1.1,1.112,-1.084,-1.092,-0.948,-0.948,-0.936,-0.928,-0.924,0.932,-0.952,-0.956,0.94,-0.948,-0.96,-0.96,-0.964,-0.976,0.976,-0.984,-0.972,-0.964,-0.928,-0.932,-0.932,-0.936,-1.012,-1.004,0.972,0.996,-1.012,1.02,1.028,1.04,1.048
0.928,0.904,0.908,0.912,0.912,0.924,0.928,-0.948,-0.944,-0.924,-0.932,-0.916,-0.924,-0.92,0.956,0.972,1.024,-1.04,-1.036,1.032,0.912,0.908,0.908,-0.9,-0.92,-0.976,0.968,-0.992,-0.992,-1.06,-1.048,0.94,0.936,0.932,0.936,-0.992,-0.984,-0.972,0.956,0.952,-0.948,-0.94,0.936,0.952,-0.936,-0.932,-0.92,-0.92,-0.92,0.92,0.928,0.928,0.936,0.96,0.968,0.972,0.972,0.968,0.972,-0.968,0.92,-0.9,-0.904,0.92,-0.88,-0.892,0.904,0.896,0.924,0.928,0.916,0.908,0.912,0.92,-0.92,-0.96,-0.948,-0.952,-0.956,-0.932,-0.944,-0.948,1,1.004,1.008,1.012,1.032,-1.036,-1.036,-1.032,-1.04,-1.032,-1.024,-1.032,-1.036,-1.008,1.024,1.004,0.992,-0.976,-0.96,-0.956,-0.956,0.924,0.928,0.936,0.92,-0.924,-0.924,0.94,-0.936,0.964,0.96,-0.976,-0.996,-1.036,-1.044,-1.032,1.028,1.02,1.012,0.996,0.968,0.94,-0.908,-0.92,-0.928,-0.924,-0.952,0.924,-0.888,-0.884,-0.88,-0.92,0.924,-1.064,-1.08,-1.08,-1.08,-1.076,-1.088,-1.052,-0.952,-0.964,0.936,-0.9,-0.9,-0.896,-0.892,-0.936,0.932,0.94,-0.916,-0.944,-0.956,-0.944,-0.94,-0.932,-0.928,-0.94,0.916,0.924,0.928,0.916,0.92,-0.9,-0.896,-0.9,-0.896,-0.9,0.912,-0.908,-0.92,-0.924,-0.94,1,-0.992,-0.992,-0.992,-1.02,-0.996,-0.976,-0.988,0.996,0.976,0.944,0.92,-0.936,-0.944,-0.94,-0.94,0.964,-0.996,-0.996,0.992,-0.984,-0.992,-0.996,1,1.02,1.024,1.02,1.012,1.02,1.016,-1,-0.992,0.944,0.936,0.932,0.932,0.936,0.924,-0.952,0.956,0.936,0.936,0.92,0.904,0.92,0.932,0.936,0.92,0.92,0.948,0.964,-0.948,-0.96,1.036,-1.056,-1.096,-1.104,1.084,-0.92,-0.9,-0.888,0.916,0.908,-0.948,-0.948,-0.936,-0.928,-0.924,0.932,-0.952,-0.956,0.94,-0.948,-0.96,-0.96,-0.964,1.024,-1.024,1.016,1.028,1.036,1.072,1.068,1.068,1.064,0.988,0.996,-1.028,-1.004,0.988,-0.98,-0.972,-0.96,-0.952
0.928,0.904,0.908,0.912,0.912,0.924,0.928,-0.948,-0.944,-0.924,-0.932,-0.916,-0.924,-0.92,0.956,0.972,1.024,-1.04,-1.036,1.032,-1.088,-1.092,-1.092,1.1,-0.92,-0.976,0.968,-0.992,-0.992,-1.06,-1.048,-1.06,-1.064,-1.068,-1.064,1.008,1.016,1.028,0.956,0.952,-0.948,-0.94,0.936,0.952,-0.936,-0.932,-0.92,-0.92,-0.92,0.92,0.928,0.928,0.936,0.96,0.968,0.972,0.972,0.968,0.972,-0.968,0.92,-0.9,-0.904,0.92,-0.88,-0.892,0.904,0.896,0.924,0.928,0.916,0.908,0.912,0.92,-0.92,-0.96,-0.948,-0.952,-0.956,-0.932,-0.944,-0.948,1,1.004,1.008,1.012,-0.968,0.964,0.964,0.968,0.96,0.968,0.976,0.968,0.964,0.992,1.024,1.004,0.992,-0.976,-0.96,-0.956,-0.956,0.924,0.928,0.936,0.92,-0.924,-0.924,0.94,-0.936,0.964,0.96,-0.976,-0.996,0.964,0.956,0.968,-0.972,-0.98,-0.988,-1.004,0.968,0.94,-0.908,-0.92,-0.928,-0.924,-0.952,0.924,-0.888,-0.884,-0.88,-0.92,0.924,0.936,0.92,0.92,0.92,0.924,0.912,0.948,-0.952,-0.964,0.936,-0.9,-0.9,-0.896,-0.892,-0.936,0.932,0.94,-0.916,-0.944,-0.956,-0.944,-0.94,-0.932,-0.928,-0.94,0.916,0.924,0.928,0.916,0.92,-0.9,-0.896,-0.9,-0.896,-0.9,0.912,-0.908,-0.92,-0.924,-0.94,1,-0.992,-0.992,-0.992,-1.02,-0.996,-0.976,-0.988,0.996,0.976,0.944,0.92,-0.936,-0.944,-0.94,-0.94,0.964,-0.996,-0.996,0.992,-0.984,-0.992,-0.996,-1,-0.98,-0.976,-0.98,-0.988,-0.98,-0.984,1,-0.992,0.944,0.936,0.932,0.932,0.936,0.924,-0.952,0.956,0.936,0.936,0.92,0.904,0.92,0.932,0.936,0.92,0.92,0.948,0.964,-0.948,-0.96,-0.964,0.944,0.904,0.896,-0.916,-0.92,-0.9,-0.888,0.916,0.908,-0.948,-0.948,-0.936,-0.928,-0.924,0.932,-0.952,-0.956,0.94,-0.948,-0.96,-0.96,-0.964,-0.976,0.976,-0.984,-0.972,-0.964,-0.928,-0.932,-0.932,-0.936,-1.012,-1.004,0.972,0.996,-1.012,-0.98,-0.972,-0.96,-0.952
0.928,0.904,0.908,0.912,0.912,0.924,0.928,-0.948,-0.944,-0.924,-0.932,-0.916,-0.924,-0.92,0.956,0.972,1.024,-1.04,-1.036,1.032,0.912,0.908,0.908,-0.9,-0.92,-0.976,0.968,-0.992,-0.992,-1.06,-1.048,-1.06,-1.064,-1.068,0.936,-0.992,-0.984,-0.972,0.956,0.952,-0.948,-0.94,0.936,0.952,-0.936,-0.932,-0.92,-0.92,-0.92,0.92,0.928,0.928,0.936,0.96,-1.032,0.972,0.972,0.968,0.972,-0.968,0.92,-0.9,-0.904,0.92,-0.88,-0.892,0.904,0.896,0.924,0.928,0.916,0.908,0.912,0.92,-0.92,-0.96,-0.948,-0.952,-0.956,-0.932,-0.944,-0.948,1,1.004,1.008,1.012,1.032,-1.036,-1.036,-1.032,-1.04,-1.032,-1.024,-1.032,-1.036,0.992,1.024,1.004,0.992,-0.976,-0.96,-0.956,-0.956,0.924,0.928,0.936,0.92,-0.924,-0.924,0.94,-0.936,0.964,-1.04,1.024,1.004,-1.036,-1.044,-1.032,1.028,1.02,1.012,0.996,0.968,0.94,-0.908,-0.92,-0.928,-0.924,-0.952,0.924,-0.888,-0.884,-0.88,-0.92,0.924,0.936,0.92,0.92,0.92,0.924,0.912,-1.052,-0.952,-0.964,0.936,-0.9,-0.9,-0.896,-0.892,-0.936,0.932,-1.06,1.084,1.056,1.044,1.056,1.06,1.068,1.072,1.06,-1.084,-1.076,-1.072,-1.084,-1.08,1.1,1.104,1.1,1.104,1.1,-1.088,1.092,1.08,1.076,1.06,-1,1.008,1.008,1.008,0.98,-0.996,-0.976,-0.988,0.996,0.976,0.944,0.92,-0.936,-0.944,-0.94,-0.94,0.964,-0.996,-0.996,0.992,-0.984,-0.992,-0.996,-1,-0.98,-0.976,-0.98,-0.988,-0.98,-0.984,1,1.008,-1.056,-1.064,-1.068,-1.068,-1.064,-1.076,-0.952,0.956,0.936,0.936,0.92,0.904,0.92,0.932,0.936,0.92,0.92,-1.052,-1.036,1.052,1.04,-0.964,0.944,0.904,0.896,-0.916,-0.92,-0.9,-0.888,0.916,0.908,-0.948,-0.948,-0.936,-0.928,-0.924,0.932,-0.952,-0.956,0.94,-0.948,-0.96,-0.96,-0.964,-0.976,0.976,-0.984,-0.972,-0.964,-0.928,-0.932,-0.932,-0.936,-1.012,-1.004,0.972,0.996,-1.012,1.02,-0.972,-0.96,-0.952
0.928,0.904,0.908,0.912,0.912,0.924,0.928,-0.948,-0.944,-0.924,-0.932,-0.916,-0.924,-0.92,0.956,0.972,1.024,-1.04,-1.036,1.032,0.912,0.908,0.908,-0.9,-0.92,-0.976,0.968,-0.992,-0.992,0.94,0.952,0.94,0.936,0.932,0.936,-0.992,-0.984,-0.972,0.956,0.952,-0.948,-0.94,0.936,0.952,-0.936,-0.932,-0.92,-0.92,-0.92,0.92,0.928,0.928,0.936,0.96,0.968,0.972,0.972,0.968,0.972,-0.968,0.92,-0.9,-0.904,0.92,-0.88,-0.892,0.904,0.896,0.924,0.928,0.916,0.908,0.912,0.92,-0.92,-0.96,-0.948,-0.952,-0.956,-0.932,-0.944,-0.948,1,1.004,1.008,1.012,1.032,-1.036,-1.036,-1.032,-1.04,-1.032,-1.024,-1.032,-1.036,-1.008,1.024,1.004,0.992,-0.976,-0.96,-0.956,-0.956,0.924,0.928,0.936,0.92,-0.924,-0.924,0.94,-0.936,0.964,0.96,-0.976,-0.996,0.964,0.956,0.968,-0.972,-0.98,-0.988,-1.004,-1.032,-1.06,1.092,1.08,1.072,1.076,1.048,-1.076,-0.888,-0.884,-0.88,-0.92,0.924,0.936,0.92,0.92,0.92,0.924,0.912,0.948,-0.952,-0.964,0.936,-0.9,-0.9,-0.896,-0.892,-0.936,0.932,0.94,-0.916,1.056,1.044,1.056,1.06,1.068,1.072,1.06,-1.084,-1.076,-1.072,-1.084,-1.08,1.1,1.104,1.1,1.104,1.1,-1.088,1.092,1.08,1.076,1.06,-1,1.008,1.008,1.008,0.98,-0.996,-0.976,-0.988,0.996,0.976,0.944,0.92,-0.936,-0.944,-0.94,-0.94,0.964,-0.996,-0.996,0.992,-0.984,-0.992,-0.996,-1,-0.98,-0.976,-0.98,-0.988,-0.98,-0.984,1,1.008,-1.056,-1.064,-1.068,-1.068,-1.064,-1.076,1.048,-1.044,0.936,0.936,0.92,0.904,0.92,0.932,0.936,0.92,0.92,0.948,0.964,-0.948,-0.96,1.036,-1.056,-1.096,0.896,-0.916,-0.92,-0.9,-0.888,0.916,0.908,-0.948,-0.948,-0.936,-0.928,-0.924,0.932,-0.952,-0.956,0.94,-0.948,-0.96,-0.96,-0.964,-0.976,0.976,-0.984,-0.972,-0.964,-0.928,-0.932,-0.932,-0.936,0.988,0.996,-1.028,-1.004,0.988,-0.98,-0.972,-0.96,-0.952
-1.072,-1.096,0.908,0.912,0.912,0.924,0.928,-0.948,-0.944,-0.924,-0.932,-0.916,-0.924,-0.92,0.956,0.972,1.024,-1.04,-1.036,1.032,-1.088,-1.092,-1.092,1.1,1.08,1.024,-1.032,1.008,1.008,-1.06,-1.048,-1.06,-1.064,-1.068,-1.064,1.008,1.016,1.028,-1.044,-1.048,1.052,1.06,-1.064,-1.048,1.064,1.068,1.08,1.08,1.08,-1.08,-1.072,-1.072,-1.064,-1.04,-1.032,0.972,0.972,0.968,0.972,-0.968,0.92,-0.9,-0.904,0.92,-0.88,1.108,-1.096,-1.104,-1.076,-1.072,-1.084,-1.092,-1.088,-1.08,1.08,1.04,1.052,1.048,1.044,1.068,1.056,1.052,-1,-0.996,-0.992,-0.988,-0.968,0.964,0.964,0.968,0.96,0.968,0.976,0.968,0.964,0.992,1.024,1.004,0.992,1.024,1.04,1.044,1.044,-1.076,-1.072,-1.064,-1.08,1.076,1.076,-1.06,1.064,-1.036,-1.04,1.024,1.004,-1.036,-1.044,-1.032,1.028,1.02,1.012,0.996,0.968,0.94,-0.908,-0.92,-0.928,-0.924,-0.952,0.924,-0.888,-0.884,1.12,1.08,-1.076,-1.064,-1.08,-1.08,-1.08,-1.076,-1.088,0.948,1.048,1.036,-1.064,1.1,1.1,1.104,1.108,1.064,-1.068,-1.06,1.084,1.056,1.044,1.056,1.06,1.068,1.072,1.06,-1.084,0.924,0.928,0.916,0.92,-0.9,-0.896,-0.9,-0.896,-0.9,0.912,-0.908,-0.92,-0.924,-0.94,1,-0.992,-0.992,-0.992,-1.02,1.004,1.024,1.012,-1.004,-1.024,-1.056,-1.08,1.064,1.056,1.06,1.06,-1.036,-0.996,-0.996,0.992,-0.984,-0.992,-0.996,-1,-0.98,-0.976,-0.98,-0.988,-0.98,-0.984,1,1.008,-1.056,-1.064,-1.068,-1.068,-1.064,-1.076,1.048,-1.044,-1.064,-1.064,-1.08,0.904,0.92,0.932,0.936,0.92,0.92,0.948,0.964,-0.948,-0.96,1.036,-1.056,-1.096,-1.104,1.084,1.08,1.1,1.112,-1.084,-1.092,1.052,1.052,1.064,1.072,1.076,-1.068,1.048,1.044,0.94,-0.948,-0.96,-0.96,-0.964,-0.976,0.976,-0.984,-0.972,-0.964,-0.928,-0.932,-0.932,-0.936,-1.012,-1.004,0.972,0.996,-1.012,1.02,1.028,1.04,1.048
0.928,0.904,0.908,0.912,0.912,0.924,0.928,-0.948,-0.944,-0.924,-0.932,-0.916,-0.924,-0.92,0.956,0.972,1.024,-1.04,-1.036,1.032,-1.088,-1.092,-1.092,-0.9,-0.92,-0.976,0.968,-0.992,-0.992,0.94,0.952,0.94,0.936,0.932,0.936,-0.992,-0.984,-0.972,0.956,0.952,-0.948,-0.94,0.936,0.952,-0.936,-0.932,-0.92,-0.92,-0.92,0.92,0.928,0.928,0.936,0.96,0.968,0.972,0.972,0.968,0.972,-0.968,0.92,-0.9,-0.904,0.92,-0.88,-0.892,0.904,0.896,0.924,0.928,0.916,0.908,0.912,0.92,-0.92,-0.96,-0.948,-0.952,-0.956,-0.932,-0.944,-0.948,1,1.004,1.008,1.012,1.032,-1.036,-1.036,-1.032,-1.04,-1.032,-1.024,-1.032,-1.036,0.992,1.024,1.004,0.992,-0.976,-0.96,-0.956,-0.956,0.924,0.928,0.936,0.92,-0.924,-0.924,0.94,-0.936,0.964,0.96,-0.976,-0.996,0.964,0.956,0.968,-0.972,-0.98,-0.988,-1.004,-1.032,-1.06,1.092,1.08,1.072,1.076,-0.952,0.924,-0.888,-0.884,-0.88,-0.92,0.924,0.936,0.92,0.92,-1.08,-1.076,-1.088,-1.052,-0.952,-0.964,0.936,-0.9,-0.9,-0.896,-0.892,-0.936,0.932,0.94,-0.916,-0.944,-0.956,-0.944,-0.94,-0.932,-0.928,-0.94,0.916,0.924,0.928,0.916,0.92,1.1,1.104,1.1,1.104,1.1,-1.088,1.092,1.08,1.076,1.06,-1,1.008,1.008,1.008,0.98,-0.996,-0.976,-0.988,0.996,0.976,0.944,0.92,-0.936,-0.944,-0.94,-0.94,0.964,-0.996,-0.996,0.992,-0.984,-0.992,-0.996,-1,-0.98,-0.976,-0.98,-0.988,-0.98,-0.984,1,1.008,-1.056,-1.064,-1.068,-1.068,-1.064,-1.076,1.048,-1.044,-1.064,-1.064,0.92,0.904,0.92,0.932,0.936,0.92,0.92,0.948,0.964,-0.948,-0.96,-0.964,0.944,0.904,0.896,-0.916,-0.92,-0.9,-0.888,0.916,0.908,-0.948,-0.948,-0.936,-0.928,-0.924,0.932,-0.952,-0.956,0.94,-0.948,-0.96,-0.96,-0.964,-0.976,0.976,-0.984,-0.972,-0.964,-0.928,-0.932,-0.932,-0.936,-1.012,-1.004,0.972,0.996,-1.012,1.02,1.028,-0.96,-0.952
-1.072,-1.096,-1.092,-1.088,-1.088,-1.076,-1.072,1.052,1.056,1.076,1.068,1.084,1.076,1.08,-1.044,-1.028,-0.976,0.96,0.964,-0.968,-1.088,-1.092,-1.092,1.1,1.08,1.024,-1.032,1.008,1.008,0.94,0.952,0.94,0.936,0.932,0.936,-0.992,1.016,1.028,-1.044,-1.048,1.052,1.06,-1.064,-1.048,1.064,1.068,1.08,1.08,1.08,-1.08,-1.072,-1.072,-1.064,-1.04,-1.032,0.972,0.972,0.968,-1.028,1.032,-1.08,1.1,1.096,-1.08,1.12,1.108,-1.096,-1.104,-1.076,-1.072,-1.084,-1.092,-1.088,-1.08,1.08,1.04,1.052,1.048,1.044,1.068,1.056,1.052,-1,-0.996,-0.992,-0.988,-0.968,0.964,0.964,0.968,0.96,0.968,0.976,0.968,0.964,0.992,-0.976,-0.996,-1.008,1.024,1.04,1.044,1.044,-1.076,-1.072,-1.064,-1.08,1.076,1.076,-1.06,1.064,-1.036,-1.04,1.024,1.004,-1.036,-1.044,-1.032,1.028,1.02,1.012,0.996,0.968,0.94,-0.908,-0.92,-0.928,-0.924,-0.952,-1.076,1.112,1.116,1.12,1.08,-1.076,-1.064,-1.08,-1.08,-1.08,-1.076,-1.088,0.948,1.048,1.036,-1.064,1.1,1.1,1.104,1.108,1.064,-1.068,-1.06,1.084,1.056,1.044,1.056,1.06,1.068,1.072,1.06,-1.084,0.924,0.928,0.916,0.92,-0.9,-0.896,-0.9,-0.896,-0.9,0.912,-0.908,-0.92,-0.924,-0.94,1,-0.992,-0.992,-0.992,-1.02,1.004,1.024,1.012,-1.004,-1.024,-1.056,-1.08,1.064,1.056,1.06,1.06,-1.036,-0.996,-0.996,0.992,-0.984,-0.992,-0.996,-1,-0.98,-0.976,-0.98,-0.988,-0.98,-0.984,1,1.008,-1.056,-1.064,-1.068,-1.068,-1.064,-1.076,1.048,-1.044,-1.064,-1.064,-1.08,-1.096,-1.08,-1.068,-1.064,-1.08,-1.08,-1.052,-1.036,1.052,1.04,-0.964,0.944,0.904,0.896,-0.916,1.08,1.1,1.112,-1.084,-1.092,1.052,1.052,1.064,1.072,1.076,-1.068,1.048,1.044,-1.06,1.052,1.04,1.04,1.036,1.024,0.976,-0.984,-0.972,-0.964,-0.928,-0.932,-0.932,-0.936,-1.012,-1.004,0.972,0.996,-1.012,1.02,1.028,1.04,1.048
-1.072,-1.096,-1.092,-1.088,-1.088,-1.076,-1.072,1.052,1.056,1.076,1.068,1.084,1.076,1.08,-1.044,-1.028,-0.976,-1.04,-1.036,1.032,-1.088,-1.092,-1.092,1.1,1.08,1.024,-1.032,-0.992,-0.992,-1.06,-1.048,-1.06,-1.064,-1.068,-1.064,1.008,1.016,1.028,-1.044,-1.048,1.052,1.06,-1.064,-1.048,1.064,1.068,1.08,1.08,1.08,-1.08,-1.072,-1.072,-1.064,-1.04,-1.032,-1.028,-1.028,-1.032,-1.028,1.032,-1.08,1.1,1.096,-1.08,1.12,1.108,-1.096,-1.104,-1.076,-1.072,-1.084,-1.092,-1.088,-1.08,1.08,1.04,1.052,1.048,1.044,1.068,1.056,1.052,-1,-0.996,1.008,1.012,1.032,-1.036,-1.036,-1.032,-1.04,-1.032,-1.024,-1.032,-1.036,-1.008,-0.976,-0.996,-1.008,1.024,1.04,1.044,1.044,-1.076,-1.072,-1.064,-1.08,1.076,1.076,-1.06,1.064,-1.036,-1.04,1.024,1.004,-1.036,-1.044,-1.032,1.028,1.02,1.012,0.996,0.968,0.94,-0.908,-0.92,-0.928,-0.924,-0.952,0.924,1.112,1.116,1.12,1.08,-1.076,0.936,0.92,0.92,0.92,0.924,0.912,0.948,1.048,1.036,-1.064,1.1,1.1,1.104,1.108,1.064,-1.068,-1.06,1.084,1.056,1.044,1.056,1.06,1.068,1.072,1.06,-1.084,-1.076,-1.072,-1.084,-1.08,1.1,1.104,1.1,1.104,1.1,-1.088,1.092,1.08,1.076,1.06,-1,1.008,1.008,1.008,0.98,-0.996,-0.976,-0.988,-1.004,-1.024,-1.056,-1.08,1.064,1.056,1.06,1.06,-1.036,1.004,1.004,-1.008,1.016,1.008,1.004,1,-0.98,-0.976,-0.98,-0.988,-0.98,-0.984,1,1.008,-1.056,-1.064,-1.068,-1.068,-1.064,-1.076,1.048,-1.044,-1.064,-1.064,-1.08,-1.096,-1.08,-1.068,-1.064,-1.08,-1.08,-1.052,-1.036,1.052,1.04,-0.964,0.944,0.904,0.896,1.084,1.08,1.1,1.112,-1.084,-1.092,1.052,1.052,1.064,1.072,1.076,-1.068,1.048,1.044,-1.06,1.052,1.04,1.04,1.036,1.024,-1.024,1.016,1.028,1.036,1.072,1.068,1.068,1.064,0.988,0.996,-1.028,0.996,-1.012,1.02,1.028,1.04,1.048
0.928,0.904,0.908,0.912,0.912,0.924,0.928,-0.948,-0.944,-0.924,-0.932,-0.916,-0.924,-0.92,0.956,0.972,1.024,-1.04,-1.036,1.032,0.912,0.908,0.908,-0.9,-0.92,1.024,-1.032,1.008,1.008,0.94,0.952,0.94,0.936,0.932,0.936,-0.992,-0.984,-0.972,0.956,0.952,-0.948,-0.94,0.936,0.952,-0.936,-0.932,-0.92,-0.92,-0.92,0.92,0.928,0.928,0.936,0.96,0.968,-1.028,-1.028,-1.032,-1.028,1.032,-1.08,1.1,1.096,-1.08,-0.88,-0.892,0.904,0.896,0.924,0.928,0.916,0.908,0.912,0.92,-0.92,-0.96,-0.948,-0.952,-0.956,-0.932,-0.944,-0.948,1,1.004,1.008,1.012,1.032,-1.036,-1.036,-1.032,-1.04,-1.032,-1.024,-1.032,-1.036,0.992,1.024,1.004,0.992,-0.976,-0.96,-0.956,-0.956,0.924,0.928,0.936,0.92,-0.924,-0.924,0.94,-0.936,0.964,0.96,-0.976,-0.996,0.964,0.956,0.968,-0.972,-0.98,-0.988,-1.004,-1.032,-1.06,-0.908,-0.92,-0.928,-0.924,-0.952,0.924,-0.888,-0.884,-0.88,-0.92,0.924,0.936,0.92,0.92,0.92,0.924,0.912,0.948,-0.952,-0.964,0.936,-0.9,-0.9,-0.896,-0.892,-0.936,0.932,0.94,-0.916,-0.944,-0.956,-0.944,-0.94,-0.932,-0.928,-0.94,0.916,0.924,0.928,0.916,0.92,-0.9,-0.896,-0.9,-0.896,-0.9,-1.088,1.092,1.08,1.076,1.06,-1,1.008,1.008,1.008,0.98,-0.996,-0.976,-0.988,0.996,0.976,0.944,0.92,-0.936,-0.944,1.06,1.06,-1.036,1.004,1.004,-1.008,1.016,1.008,1.004,1,1.02,1.024,1.02,1.012,1.02,1.016,-1,-0.992,0.944,0.936,0.932,0.932,0.936,0.924,-0.952,0.956,0.936,0.936,0.92,0.904,0.92,0.932,0.936,0.92,0.92,0.948,0.964,-0.948,-0.96,-0.964,0.944,0.904,0.896,-0.916,-0.92,-0.9,-0.888,0.916,0.908,-0.948,-0.948,-0.936,-0.928,-0.924,0.932,-0.952,-0.956,0.94,-0.948,-0.96,-0.96,-0.964,-0.976,0.976,-0.984,-0.972,-0.964,-0.928,-0.932,-0.932,-0.936,0.988,0.996,-1.028,-1.004,0.988,-0.98,-0.972,-0.96,-0.952
-1.072,-1.096,-1.092,-1.088,-1.088,-1.076,-1.072,1.052,1.056,1.076,1.068,1.084,1.076,1.08,-1.044,-1.028,1.024,-1.04,-1.036,1.032,-1.088,-1.092,-1.092,1.1,1.08,1.024,-1.032,1.008,1.008,0.94,0.952,0.94,0.936,0.932,0.936,-0.992,-0.984,-0.972,0.956,0.952,1.052,1.06,-1.064,-1.048,1.064,1.068,1.08,1.08,1.08,-1.08,-1.072,-1.072,-1.064,-1.04,-1.032,0.972,0.972,0.968,0.972,-0.968,0.92,1.1,1.096,-1.08,1.12,1.108,-1.096,-1.104,-1.076,-1.072,-1.084,-1.092,-1.088,-1.08,1.08,1.04,1.052,1.048,1.044,1.068,1.056,1.052,-1,-0.996,-0.992,-0.988,-0.968,0.964,0.964,0.968,0.96,0.968,0.976,0.968,0.964,-1.008,-0.976,-0.996,-1.008,1.024,1.04,1.044,1.044,-1.076,-1.072,-1.064,-1.08,1.076,1.076,-1.06,1.064,-1.036,-1.04,1.024,1.004,-1.036,-1.044,-1.032,1.028,1.02,1.012,0.996,0.968,0.94,-0.908,-0.92,-0.928,-0.924,-0.952,-1.076,1.112,1.116,1.12,1.08,-1.076,0.936,0.92,0.92,0.92,0.924,0.912,0.948,1.048,1.036,-1.064,1.1,1.1,1.104,1.108,1.064,-1.068,-1.06,1.084,1.056,1.044,1.056,1.06,1.068,1.072,1.06,-1.084,-1.076,-1.072,-1.084,-1.08,1.1,1.104,1.1,1.104,1.1,-1.088,1.092,1.08,1.076,1.06,-1,1.008,1.008,1.008,0.98,1.004,1.024,1.012,-1.004,-1.024,-1.056,-1.08,1.064,1.056,1.06,1.06,-1.036,1.004,1.004,-1.008,1.016,1.008,1.004,1,1.02,1.024,1.02,1.012,1.02,1.016,-1,-0.992,0.944,0.936,0.932,0.932,0.936,0.924,-0.952,0.956,-1.064,-1.064,-1.08,-1.096,0.92,0.932,0.936,0.92,0.92,0.948,0.964,-0.948,-0.96,1.036,-1.056,-1.096,-1.104,1.084,1.08,1.1,1.112,-1.084,-1.092,1.052,1.052,1.064,1.072,1.076,-1.068,1.048,1.044,-1.06,1.052,1.04,1.04,1.036,1.024,-1.024,1.016,1.028,1.036,1.072,1.068,1.068,1.064,0.988,0.996,-1.028,-1.004,0.988,1.02,1.028,1.04,1.048
-1.072,-1.096,-1.092,-1.088,-1.088,-1.076,-1.072,1.052,1.056,1.076,1.068,1.084,1.076,1.08,0.956,0.972,1.024,-1.04,-1.036,1.032,-1.088,-1.092,-1.092,1.1,1.08,1.024,0.968,-0.992,-0.992,-1.06,-1.048,-1.06,-1.064,-1.068,-1.064,1.008,1.016,1.028,-1.044,-1.048,1.052,1.06,-1.064,-1.048,1.064,1.068,1.08,1.08,1.08,-1.08,-1.072,-1.072,-1.064,-1.04,-1.032,0.972,0.972,0.968,0.972,-0.968,0.92,-0.9,-0.904,0.92,-0.88,1.108,-1.096,-1.104,-1.076,-1.072,-1.084,-1.092,-1.088,-1.08,1.08,1.04,1.052,1.048,1.044,1.068,1.056,1.052,-1,-0.996,-0.992,-0.988,-0.968,0.964,0.964,0.968,0.96,-1.032,-1.024,-1.032,-1.036,-1.008,-0.976,-0.996,-1.008,1.024,1.04,1.044,1.044,-1.076,-1.072,-1.064,-1.08,1.076,1.076,-1.06,1.064,-1.036,-1.04,1.024,1.004,-1.036,-1.044,-1.032,1.028,1.02,1.012,0.996,-1.032,-1.06,1.092,1.08,1.072,1.076,1.048,-1.076,1.112,1.116,1.12,1.08,-1.076,0.936,0.92,0.92,0.92,0.924,0.912,0.948,1.048,1.036,-1.064,1.1,1.1,1.104,1.108,1.064,-1.068,-1.06,1.084,1.056,1.044,-0.944,-0.94,-0.932,-0.928,-0.94,0.916,0.924,0.928,0.916,0.92,-0.9,-0.896,-0.9,-0.896,-0.9,0.912,-0.908,-0.92,-0.924,-0.94,1,-0.992,-0.992,-0.992,-1.02,1.004,1.024,1.012,-1.004,-1.024,-1.056,-1.08,1.064,1.056,1.06,1.06,-1.036,1.004,1.004,0.992,-0.984,-0.992,-0.996,-1,-0.98,-0.976,-0.98,-0.988,-0.98,-0.984,1,1.008,-1.056,-1.064,-1.068,-1.068,-1.064,-1.076,1.048,-1.044,-1.064,-1.064,-1.08,-1.096,-1.08,-1.068,-1.064,-1.08,-1.08,0.948,0.964,-0.948,-0.96,1.036,-1.056,-1.096,-1.104,1.084,1.08,1.1,1.112,-1.084,-1.092,1.052,1.052,1.064,1.072,1.076,-1.068,1.048,1.044,-1.06,1.052,1.04,1.04,1.036,1.024,0.976,-0.984,-0.972,-0.964,-0.928,-0.932,-0.932,-0.936,-1.012,-1.004,0.972,0.996,-1.012,1.02,1.028,1.04,1.048
0.928,0.904,0.908,0.912,0.912,0.924,0.928,-0.948,-0.944,-0.924,-0.932,-0.916,-0.924,-0.92,0.956,0.972,1.024,-1.04,-1.036,1.032,-1.088,-1.092,-1.092,1.1,-0.92,1.024,-1.032,1.008,1.008,0.94,0.952,0.94,0.936,0.932,0.936,-0.992,-0.984,-0.972,0.956,0.952,-0.948,-0.94,0.936,0.952,-0.936,-0.932,-0.92,-0.92,-0.92,0.92,0.928,0.928,0.936,0.96,0.968,-1.028,-1.028,-1.032,-1.028,1.032,-1.08,-0.9,-0.904,0.92,-0.88,-0.892,0.904,0.896,0.924,0.928,0.916,0.908,0.912,0.92,-0.92,-0.96,-0.948,-0.952,-0.956,-0.932,-0.944,-0.948,1,1.004,1.008,1.012,1.032,-1.036,-1.036,-1.032,-1.04,-1.032,-1.024,-1.032,-1.036,0.992,1.024,1.004,0.992,-0.976,-0.96,-0.956,-0.956,0.924,0.928,0.936,0.92,-0.924,-0.924,0.94,-0.936,0.964,0.96,-0.976,-0.996,0.964,0.956,0.968,-0.972,-0.98,-0.988,-1.004,-1.032,-1.06,1.092,1.08,1.072,1.076,1.048,-1.076,1.112,1.116,1.12,-0.92,0.924,0.936,0.92,0.92,0.92,0.924,0.912,0.948,-0.952,-0.964,0.936,-0.9,-0.9,-0.896,-0.892,-0.936,0.932,0.94,-0.916,-0.944,-0.956,-0.944,-0.94,-0.932,-0.928,-0.94,0.916,0.924,0.928,0.916,0.92,-0.9,-0.896,-0.9,-0.896,-0.9,0.912,-0.908,-0.92,-0.924,-0.94,1,-0.992,-0.992,-0.992,-1.02,-0.996,-0.976,-0.988,0.996,0.976,0.944,0.92,-0.936,-0.944,-0.94,-0.94,-1.036,1.004,1.004,-1.008,1.016,1.008,1.004,1,1.02,1.024,1.02,1.012,1.02,1.016,-1,-0.992,0.944,0.936,0.932,0.932,0.936,0.924,-0.952,0.956,0.936,0.936,0.92,0.904,0.92,0.932,0.936,0.92,0.92,0.948,0.964,-0.948,-0.96,1.036,-1.056,-1.096,-1.104,1.084,1.08,-0.9,-0.888,0.916,0.908,-0.948,-0.948,-0.936,-0.928,-0.924,0.932,-0.952,-0.956,0.94,-0.948,-0.96,-0.96,-0.964,-0.976,0.976,-0.984,-0.972,-0.964,-0.928,-0.932,-0.932,-0.936,0.988,0.996,-1.028,-1.004,0.988,-0.98,-0.972,-0.96,-0.952
-1.072,-1.096,-1.092,-1.088,-1.088,-1.076,-1.072,1.052,1.056,1.076,1.068,1.084,1.076,1.08,-1.044,-1.028,-0.976,0.96,0.964,-0.968,0.912,0.908,0.908,-0.9,1.08,1.024,-1.032,1.008,1.008,0.94,0.952,0.94,0.936,0.932,0.936,1.008,1.016,1.028,-1.044,-1.048,1.052,1.06,-1.064,-1.048,1.064,1.068,1.08,1.08,1.08,-1.08,-1.072,-1.072,-1.064,-1.04,-1.032,0.972,0.972,0.968,0.972,-0.968,0.92,-0.9,-0.904,0.92,-0.88,-0.892,0.904,0.896,0.924,-1.072,-1.084,-1.092,-1.088,-1.08,1.08,1.04,1.052,1.048,1.044,1.068,1.056,1.052,-1,-0.996,-0.992,-0.988,-0.968,0.964,0.964,0.968,0.96,0.968,0.976,0.968,0.964,0.992,1.024,1.004,0.992,-0.976,-0.96,-0.956,-0.956,0.924,0.928,0.936,0.92,1.076,1.076,-1.06,1.064,-1.036,-1.04,1.024,1.004,-1.036,-1.044,-1.032,1.028,1.02,1.012,0.996,0.968,0.94,-0.908,-0.92,-0.928,-0.924,-0.952,0.924,-0.888,-0.884,-0.88,1.08,-1.076,-1.064,-1.08,-1.08,-1.08,-1.076,-1.088,0.948,1.048,1.036,-1.064,1.1,1.1,1.104,1.108,1.064,-1.068,-1.06,1.084,1.056,1.044,1.056,1.06,1.068,1.072,1.06,-1.084,-1.076,-1.072,-1.084,-1.08,1.1,1.104,1.1,1.104,1.1,-1.088,1.092,1.08,1.076,1.06,-1,1.008,1.008,1.008,0.98,1.004,1.024,1.012,-1.004,-1.024,-1.056,-1.08,1.064,1.056,1.06,1.06,-1.036,1.004,1.004,-1.008,1.016,1.008,1.004,1,1.02,1.024,1.02,1.012,1.02,1.016,-1,-0.992,-1.056,-1.064,-1.068,-1.068,-1.064,-1.076,1.048,-1.044,-1.064,-1.064,-1.08,-1.096,-1.08,-1.068,-1.064,-1.08,-1.08,-1.052,-1.036,1.052,1.04,1.036,-1.056,-1.096,-1.104,1.084,1.08,1.1,1.112,-1.084,-1.092,1.052,1.052,-0.936,-0.928,-0.924,0.932,-0.952,-0.956,0.94,-0.948,-0.96,-0.96,-0.964,-0.976,0.976,-0.984,-0.972,-0.964,-0.928,-0.932,-0.932,-0.936,-1.012,-1.004,0.972,0.996,-1.012,1.02,1.028,1.04,1.048
-1.072,-1.096,-1.092,-1.088,-1.088,-1.076,-1.072,1.052,1.056,1.076,1.068,1.084,1.076,1.08,-1.044,-1.028,-0.976,0.96,0.964,-0.968,0.912,0.908,0.908,1.1,1.08,1.024,-1.032,1.008,1.008,0.94,0.952,0.94,0.936,0.932,0.936,1.008,1.016,1.028,-1.044,-1.048,1.052,1.06,-1.064,-1.048,1.064,1.068,1.08,1.08,1.08,-1.08,-1.072,-1.072,-1.064,-1.04,-1.032,0.972,0.972,0.968,0.972,-0.968,0.92,-0.9,-0.904,0.92,-0.88,1.108,-1.096,-1.104,-1.076,-1.072,-1.084,-1.092,-1.088,-1.08,1.08,1.04,1.052,1.048,1.044,1.068,1.056,1.052,-1,-0.996,-0.992,-0.988,-0.968,-1.036,-1.036,-1.032,-1.04,-1.032,-1.024,-1.032,-1.036,-1.008,-0.976,-0.996,-1.008,1.024,1.04,1.044,1.044,-1.076,-1.072,-1.064,-1.08,1.076,1.076,-1.06,1.064,-1.036,-1.04,1.024,1.004,-1.036,0.956,0.968,-0.972,-0.98,-0.988,-1.004,-1.032,-1.06,1.092,1.08,1.072,1.076,1.048,-1.076,1.112,1.116,1.12,1.08,-1.076,0.936,0.92,0.92,0.92,0.924,0.912,0.948,1.048,1.036,-1.064,1.1,1.1,1.104,1.108,1.064,0.932,0.94,-0.916,-0.944,-0.956,-0.944,-0.94,-0.932,-0.928,-0.94,0.916,0.924,0.928,0.916,0.92,-0.9,-0.896,-0.9,-0.896,-0.9,0.912,-0.908,-0.92,-0.924,-0.94,1,-0.992,-0.992,-0.992,-1.02,1.004,1.024,1.012,-1.004,-1.024,-1.056,-1.08,1.064,1.056,1.06,1.06,-1.036,1.004,1.004,-1.008,1.016,1.008,1.004,1,1.02,1.024,1.02,1.012,-0.98,-0.984,1,1.008,-1.056,-1.064,-1.068,-1.068,-1.064,-1.076,1.048,-1.044,-1.064,-1.064,-1.08,-1.096,-1.08,-1.068,-1.064,-1.08,-1.08,0.948,0.964,-0.948,-0.96,1.036,-1.056,-1.096,-1.104,1.084,1.08,1.1,1.112,-1.084,-1.092,1.052,1.052,1.064,1.072,1.076,-1.068,1.048,1.044,0.94,-0.948,-0.96,-0.96,-0.964,-0.976,0.976,-0.984,-0.972,-0.964,-0.928,-0.932,-0.932,-0.936,-1.012,-1.004,0.972,0.996,-1.012,1.02,1.028,1.04,1.048
0.928,0.904,0.908,0.912,0.912,0.924,0.928,-0.948,-0.944,-0.924,-0.932,-0.916,-0.924,-0.92,0.956,0.972,1.024,-1.04,-1.036,1.032,0.912,0.908,0.908,-0.9,-0.92,-0.976,0.968,-0.992,-0.992,0.94,0.952,0.94,0.936,0.932,0.936,-0.992,-0.984,-0.972,0.956,0.952,-0.948,-0.94,0.936,0.952,-0.936,-0.932,-0.92,-0.92,-0.92,0.92,0.928,0.928,0.936,0.96,0.968,-1.028,-1.028,-1.032,-1.028,1.032,-1.08,1.1,1.096,-1.08,1.12,1.108,-1.096,-1.104,-1.076,-1.072,-1.084,-1.092,-1.088,-1.08,-0.92,-0.96,-0.948,-0.952,-0.956,-0.932,-0.944,-0.948,1,1.004,1.008,1.012,1.032,-1.036,-1.036,-1.032,-1.04,-1.032,-1.024,-1.032,-1.036,-1.008,-0.976,-0.996,-1.008,1.024,-0.96,-0.956,-0.956,0.924,0.928,0.936,0.92,-0.924,-0.924,-1.06,1.064,-1.036,-1.04,1.024,1.004,-1.036,-1.044,-1.032,1.028,1.02,1.012,0.996,0.968,0.94,-0.908,-0.92,-0.928,-0.924,-0.952,0.924,-0.888,-0.884,-0.88,-0.92,0.924,0.936,0.92,0.92,0.92,0.924,0.912,-1.052,-0.952,-0.964,0.936,-0.9,-0.9,-0.896,-0.892,-0.936,0.932,0.94,-0.916,-0.944,-0.956,-0.944,-0.94,-0.932,-0.928,-0.94,0.916,0.924,0.928,0.916,0.92,-0.9,-0.896,-0.9,-0.896,-0.9,0.912,-0.908,-0.92,-0.924,-0.94,1,-0.992,-0.992,-0.992,-1.02,1.004,1.024,1.012,-1.004,-1.024,-1.056,0.92,-0.936,-0.944,-0.94,-0.94,0.964,-0.996,-0.996,0.992,-0.984,-0.992,-0.996,-1,-0.98,-0.976,-0.98,-0.988,-0.98,-0.984,1,1.008,0.944,0.936,0.932,0.932,0.936,0.924,-0.952,0.956,0.936,0.936,0.92,0.904,0.92,0.932,0.936,0.92,0.92,0.948,0.964,-0.948,-0.96,1.036,-1.056,-1.096,-1.104,1.084,1.08,1.1,1.112,-1.084,0.908,-0.948,-0.948,-0.936,1.072,1.076,-1.068,1.048,1.044,-1.06,1.052,1.04,1.04,1.036,1.024,-1.024,1.016,1.028,1.036,1.072,1.068,1.068,1.064,0.988,0.996,-1.028,-1.004,0.988,-0.98,-0.972,-0.96,-0.952
0.928,0.904,0.908,0.912,0.912,0.924,0.928,-0.948,-0.944,-0.924,-0.932,-0.916,-0.924,-0.92,0.956,0.972,1.024,-1.04,-1.036,1.032,0.912,0.908,0.908,-0.9,-0.92,-0.976,0.968,-0.992,-0.992,-1.06,-1.048,-1.06,-1.064,0.932,0.936,-0.992,-0.984,-0.972,0.956,0.952,-0.948,-0.94,0.936,0.952,-0.936,-0.932,-0.92,-0.92,-0.92,0.92,0.928,0.928,0.936,0.96,0.968,-1.028,-1.028,-1.032,-1.028,-0.968,0.92,-0.9,-0.904,0.92,-0.88,-0.892,0.904,0.896,0.924,0.928,0.916,0.908,0.912,0.92,-0.92,-0.96,-0.948,-0.952,-0.956,-0.932,-0.944,-0.948,1,1.004,1.008,1.012,1.032,-1.036,-1.036,-1.032,-1.04,-1.032,-1.024,-1.032,-1.036,-1.008,-0.976,-0.996,-1.008,-0.976,-0.96,-0.956,-0.956,0.924,0.928,0.936,0.92,-0.924,-0.924,0.94,-0.936,-1.036,-1.04,1.024,1.004,-1.036,-1.044,-1.032,1.028,1.02,1.012,0.996,0.968,0.94,-0.908,-0.92,-0.928,-0.924,-0.952,0.924,-0.888,-0.884,-0.88,-0.92,0.924,0.936,0.92,0.92,0.92,0.924,0.912,0.948,-0.952,-0.964,0.936,-0.9,-0.9,-0.896,-0.892,-0.936,0.932,0.94,-0.916,-0.944,-0.956,-0.944,-0.94,-0.932,-0.928,-0.94,0.916,0.924,0.928,0.916,0.92,-0.9,-0.896,-0.9,-0.896,-0.9,0.912,-0.908,-0.92,-0.924,-0.94,1,-0.992,1.008,1.008,0.98,-0.996,-0.976,-0.988,0.996,0.976,0.944,0.92,-0.936,-0.944,-0.94,-0.94,0.964,-0.996,-0.996,0.992,-0.984,-0.992,-0.996,-1,-0.98,-0.976,-0.98,-0.988,-0.98,-0.984,1,1.008,0.944,0.936,0.932,0.932,0.936,0.924,-0.952,0.956,0.936,0.936,0.92,0.904,0.92,0.932,0.936,0.92,0.92,0.948,0.964,-0.948,-0.96,-0.964,0.944,0.904,0.896,-0.916,-0.92,-0.9,-0.888,0.916,0.908,-0.948,-0.948,-0.936,-0.928,-0.924,0.932,1.048,1.044,-1.06,1.052,1.04,1.04,1.036,1.024,-1.024,1.016,1.028,1.036,1.072,1.068,1.068,1.064,0.988,0.996,-1.028,-1.004,0.988,-0.98,-0.972,-0.96,-0.952
-1.072,-1.096,-1.092,-1.088,-1.088,-1.076,-1.072,1.052,1.056,1.076,1.068,1.084,1.076,1.08,-1.044,-1.028,-0.976,0.96,0.964,-0.968,0.912,0.908,0.908,1.1,1.08,1.024,-1.032,1.008,1.008,0.94,0.952,0.94,0.936,0.932,0.936,-0.992,-0.984,-0.972,0.956,0.952,-0.948,-0.94,0.936,0.952,1.064,1.068,1.08,1.08,1.08,-1.08,-1.072,-1.072,-1.064,-1.04,-1.032,-1.028,-1.028,-1.032,-1.028,1.032,-1.08,1.1,1.096,-1.08,1.12,1.108,-1.096,-1.104,-1.076,-1.072,-1.084,-1.092,-1.088,-1.08,1.08,1.04,1.052,1.048,1.044,1.068,1.056,1.052,-1,-0.996,-0.992,-0.988,-0.968,0.964,0.964,0.968,0.96,0.968,0.976,0.968,0.964,0.992,1.024,1.004,0.992,1.024,1.04,1.044,1.044,-1.076,-1.072,-1.064,-1.08,1.076,1.076,-1.06,1.064,-1.036,-1.04,1.024,1.004,-1.036,-1.044,-1.032,1.028,1.02,1.012,0.996,0.968,0.94,-0.908,-0.92,-0.928,-0.924,-0.952,-1.076,1.112,1.116,1.12,1.08,-1.076,0.936,0.92,0.92,0.92,0.924,0.912,0.948,1.048,1.036,-1.064,1.1,1.1,1.104,1.108,1.064,-1.068,-1.06,1.084,1.056,1.044,1.056,1.06,1.068,1.072,1.06,-1.084,-1.076,-1.072,-1.084,-1.08,1.1,1.104,1.1,1.104,1.1,-1.088,1.092,1.08,1.076,1.06,-1,1.008,1.008,1.008,0.98,1.004,1.024,1.012,-1.004,-1.024,-1.056,-1.08,1.064,1.056,1.06,1.06,-1.036,1.004,1.004,-1.008,1.016,1.008,1.004,1,1.02,1.024,1.02,1.012,1.02,1.016,-1,-0.992,0.944,0.936,0.932,0.932,0.936,0.924,-0.952,0.956,0.936,0.936,-1.08,-1.096,-1.08,-1.068,-1.064,-1.08,-1.08,-1.052,-1.036,-0.948,-0.96,1.036,-1.056,-1.096,-1.104,1.084,1.08,1.1,1.112,-1.084,-1.092,1.052,1.052,1.064,1.072,1.076,-1.068,1.048,1.044,-1.06,1.052,1.04,1.04,1.036,1.024,-1.024,1.016,1.028,1.036,1.072,1.068,1.068,1.064,0.988,0.996,0.972,0.996,-1.012,1.02,1.028,1.04,1.048
-1.072,-1.096,-1.092,-1.088,-1.088,-1.076,-1.072,1.052,1.056,1.076,1.068,1.084,1.076,1.08,-1.044,-1.028,-0.976,0.96,0.964,-0.968,-1.088,-1.092,-1.092,1.1,1.08,1.024,-1.032,1.008,1.008,0.94,0.952,0.94,0.936,0.932,0.936,1.008,1.016,1.028,-1.044,-1.048,1.052,1.06,-1.064,-1.048,1.064,1.068,1.08,1.08,1.08,-1.08,-1.072,-1.072,-1.064,-1.04,-1.032,-1.028,-1.028,-1.032,-1.028,1.032,-1.08,1.1,1.096,-1.08,1.12,1.108,-1.096,-1.104,-1.076,-1.072,-1.084,-1.092,-1.088,-1.08,1.08,1.04,1.052,1.048,-0.956,-0.932,-0.944,-0.948,1,1.004,1.008,1.012,1.032,-1.036,-1.036,-1.032,-1.04,-1.032,-1.024,-1.032,-1.036,-1.008,-0.976,-0.996,-1.008,1.024,1.04,1.044,1.044,-1.076,-1.072,-1.064,-1.08,1.076,1.076,-1.06,1.064,-1.036,-1.04,1.024,1.004,-1.036,-1.044,-1.032,1.028,1.02,1.012,0.996,0.968,0.94,-0.908,1.08,1.072,1.076,1.048,-1.076,1.112,1.116,1.12,1.08,-1.076,-1.064,-1.08,-1.08,-1.08,-1.076,-1.088,-1.052,1.048,1.036,-1.064,1.1,1.1,1.104,1.108,1.064,-1.068,-1.06,1.084,1.056,1.044,1.056,1.06,1.068,1.072,1.06,-1.084,-1.076,-1.072,-1.084,-1.08,1.1,1.104,1.1,1.104,1.1,0.912,-0.908,-0.92,-0.924,-0.94,1,-0.992,-0.992,-0.992,-1.02,1.004,1.024,1.012,-1.004,-1.024,-1.056,-1.08,1.064,1.056,1.06,1.06,-1.036,1.004,1.004,-1.008,1.016,1.008,1.004,1,1.02,1.024,1.02,1.012,1.02,1.016,-1,-0.992,0.944,-1.064,-1.068,-1.068,-1.064,-1.076,1.048,-1.044,-1.064,-1.064,-1.08,-1.096,-1.08,-1.068,-1.064,-1.08,-1.08,-1.052,-1.036,1.052,1.04,-0.964,0.944,0.904,-1.104,1.084,1.08,1.1,1.112,-1.084,-1.092,1.052,1.052,1.064,1.072,1.076,-1.068,1.048,1.044,-1.06,1.052,1.04,1.04,1.036,1.024,-1.024,1.016,1.028,1.036,1.072,1.068,1.068,1.064,0.988,0.996,-1.028,-1.004,0.988,1.02,1.028,1.04,1.048
0.928,0.904,0.908,0.912,0.912,0.924,0.928,-0.948,-0.944,-0.924,-0.932,-0.916,-0.924,-0.92,0.956,0.972,1.024,0.96,0.964,-0.968,0.912,0.908,0.908,-0.9,-0.92,-0.976,0.968,1.008,1.008,0.94,0.952,0.94,0.936,0.932,0.936,-0.992,-0.984,-0.972,0.956,0.952,-0.948,-0.94,0.936,0.952,-0.936,-0.932,-0.92,-0.92,-0.92,0.92,0.928,0.928,0.936,0.96,0.968,0.972,0.972,0.968,0.972,-0.968,0.92,-0.9,-0.904,0.92,-0.88,-0.892,0.904,0.896,0.924,0.928,0.916,0.908,0.912,0.92,-0.92,-0.96,-0.948,-0.952,-0.956,-0.932,-0.944,-0.948,1,1.004,1.008,1.012,1.032,-1.036,-1.036,-1.032,-1.04,-1.032,-1.024,-1.032,-1.036,-1.008,-0.976,-0.996,-1.008,1.024,1.04,1.044,1.044,0.924,0.928,0.936,0.92,-0.924,-0.924,-1.06,1.064,-1.036,-1.04,1.024,1.004,-1.036,-1.044,-1.032,1.028,1.02,1.012,0.996,0.968,0.94,-0.908,-0.92,-0.928,-0.924,-0.952,0.924,-0.888,-0.884,-0.88,-0.92,0.924,0.936,0.92,0.92,0.92,0.924,0.912,0.948,1.048,1.036,0.936,-0.9,-0.9,-0.896,-0.892,-0.936,0.932,0.94,-0.916,-0.944,-0.956,-0.944,-0.94,-0.932,-0.928,-0.94,-1.084,-1.076,-1.072,-1.084,-1.08,1.1,1.104,1.1,1.104,1.1,-1.088,1.092,1.08,1.076,1.06,-1,1.008,1.008,1.008,0.98,-0.996,-0.976,-0.988,0.996,0.976,0.944,0.92,-0.936,-0.944,-0.94,-0.94,0.964,-0.996,-0.996,0.992,-0.984,-0.992,-0.996,-1,-0.98,-0.976,-0.98,-0.988,-0.98,-0.984,1,1.008,-1.056,-1.064,-1.068,-1.068,-1.064,0.924,-0.952,0.956,0.936,0.936,0.92,0.904,-1.08,-1.068,-1.064,-1.08,-1.08,-1.052,-1.036,1.052,1.04,-0.964,0.944,0.904,0.896,-0.916,-0.92,-0.9,-0.888,0.916,0.908,-0.948,-0.948,-0.936,-0.928,-0.924,0.932,-0.952,-0.956,0.94,-0.948,-0.96,-0.96,-0.964,-0.976,0.976,-0.984,-0.972,-0.964,-0.928,-0.932,-0.932,-0.936,-1.012,-1.004,0.972,0.996,-1.012,-0.98,-0.972,-0.96,-0.952
0.928,0.904,0.908,0.912,0.912,0.924,0.928,-0.948,-0.944,1.076,1.068,1.084,1.076,1.08,-1.044,-1.028,-0.976,0.96,0.964,-0.968,0.912,0.908,0.908,-0.9,-0.92,-0.976,0.968,-0.992,-0.992,-1.06,-1.048,-1.06,-1.064,-1.068,-1.064,1.008,1.016,1.028,-1.044,-1.048,1.052,1.06,-1.064,-1.048,1.064,1.068,1.08,-0.92,-0.92,0.92,0.928,0.928,0.936,0.96,0.968,-1.028,-1.028,-1.032,-1.028,1.032,-1.08,-0.9,-0.904,0.92,-0.88,-0.892,0.904,0.896,0.924,0.928,0.916,0.908,0.912,0.92,-0.92,-0.96,-0.948,-0.952,-0.956,-0.932,-0.944,-0.948,1,1.004,1.008,1.012,-0.968,0.964,0.964,0.968,0.96,0.968,0.976,0.968,0.964,0.992,1.024,1.004,0.992,-0.976,-0.96,-0.956,-0.956,0.924,0.928,0.936,0.92,-0.924,-0.924,0.94,-0.936,0.964,0.96,-0.976,-0.996,0.964,0.956,0.968,-0.972,-0.98,-0.988,-1.004,-1.032,-1.06,1.092,1.08,1.072,1.076,1.048,-1.076,1.112,1.116,-0.88,-0.92,0.924,0.936,0.92,0.92,0.92,0.924,0.912,-1.052,-0.952,-0.964,0.936,-0.9,-0.9,-0.896,-0.892,-0.936,0.932,0.94,-0.916,-0.944,-0.956,-0.944,-0.94,-0.932,-0.928,-0.94,0.916,0.924,0.928,0.916,0.92,-0.9,-0.896,-0.9,-0.896,-0.9,0.912,-0.908,-0.92,-0.924,-0.94,-1,1.008,1.008,1.008,0.98,-0.996,-0.976,-0.988,0.996,0.976,0.944,0.92,-0.936,-0.944,-0.94,-0.94,0.964,-0.996,-0.996,0.992,-0.984,-0.992,-0.996,-1,-0.98,-0.976,-0.98,-0.988,-0.98,-0.984,1,1.008,-1.056,-1.064,-1.068,-1.068,-1.064,-1.076,1.048,0.956,0.936,0.936,0.92,0.904,0.92,0.932,0.936,0.92,0.92,-1.052,-1.036,1.052,1.04,-0.964,0.944,0.904,0.896,-0.916,-0.92,-0.9,-0.888,0.916,0.908,-0.948,-0.948,-0.936,-0.928,-0.924,0.932,-0.952,-0.956,0.94,-0.948,-0.96,-0.96,-0.964,-0.976,0.976,-0.984,1.028,1.036,1.072,1.068,1.068,1.064,0.988,0.996,-1.028,-1.004,0.988,-0.98,-0.972,-0.96,-0.952
0.928,0.904,0.908,0.912,0.912,0.924,0.928,-0.948,-0.944,-0.924,-0.932,-0.916,-0.924,-0.92,0.956,0.972,1.024,-1.04,-1.036,1.032,-1.088,-1.092,-1.092,1.1,1.08,1.024,-1.032,1.008,1.008,0.94,0.952,0.94,0.936,0.932,0.936,-0.992,-0.984,-0.972,0.956,0.952,-0.948,-0.94,-1.064,-1.048,1.064,1.068,1.08,1.08,1.08,-1.08,-1.072,-1.072,-1.064,-1.04,-1.032,0.972,0.972,0.968,0.972,-0.968,-1.08,1.1,1.096,-1.08,1.12,1.108,-1.096,-1.104,-1.076,-1.072,-1.084,-1.092,-1.088,-1.08,1.08,1.04,1.052,1.048,1.044,1.068,1.056,1.052,1,1.004,1.008,1.012,1.032,-1.036,-1.036,-1.032,-1.04,-1.032,-1.024,-1.032,-1.036,-1.008,-0.976,-0.996,-1.008,1.024,1.04,1.044,1.044,-1.076,-1.072,-1.064,-1.08,1.076,1.076,-1.06,1.064,-1.036,-1.04,1.024,1.004,0.964,0.956,0.968,-0.972,-0.98,-0.988,-1.004,-1.032,-1.06,1.092,1.08,1.072,1.076,1.048,-1.076,1.112,1.116,1.12,1.08,-1.076,0.936,0.92,0.92,0.92,0.924,0.912,0.948,1.048,1.036,-1.064,1.1,1.1,1.104,1.108,1.064,-1.068,-1.06,1.084,1.056,1.044,1.056,1.06,1.068,1.072,1.06,-1.084,-1.076,-1.072,-1.084,-1.08,1.1,1.104,1.1,1.104,1.1,-1.088,-0.908,-0.92,-0.924,-0.94,1,-0.992,-0.992,-0.992,-1.02,1.004,1.024,1.012,-1.004,-1.024,-1.056,-1.08,1.064,1.056,1.06,1.06,-1.036,1.004,1.004,0.992,-0.984,-0.992,-0.996,-1,-0.98,-0.976,-0.98,-0.988,-0.98,-0.984,1,1.008,-1.056,-1.064,-1.068,-1.068,-1.064,-1.076,1.048,-1.044,-1.064,-1.064,-1.08,-1.096,-1.08,-1.068,-1.064,-1.08,-1.08,-1.052,-1.036,1.052,1.04,1.036,-1.056,-1.096,-1.104,1.084,1.08,1.1,1.112,-1.084,-1.092,1.052,1.052,1.064,1.072,1.076,-1.068,1.048,1.044,-1.06,1.052,1.04,1.04,1.036,1.024,-1.024,1.016,1.028,1.036,1.072,1.068,1.068,1.064,-1.012,-1.004,0.972,0.996,-1.012,1.02,1.028,1.04,1.048
0.928,0.904,0.908,0.912,0.912,0.924,0.928,-0.948,-0.944,-0.924,-0.932,-0.916,-0.924,-0.92,0.956,0.972,1.024,-1.04,-1.036,1.032,0.912,0.908,0.908,-0.9,-0.92,-0.976,0.968,-0.992,-0.992,0.94,0.952,0.94,0.936,0.932,0.936,-0.992,-0.984,-0.972,0.956,0.952,-0.948,-0.94,0.936,0.952,-0.936,-0.932,-0.92,-0.92,-0.92,0.92,0.928,0.928,0.936,0.96,0.968,-1.028,-1.028,-1.032,-1.028,1.032,-1.08,1.1,1.096,-1.08,1.12,1.108,-1.096,-1.104,-1.076,-1.072,0.916,0.908,0.912,0.92,-0.92,-0.96,-0.948,-0.952,-0.956,-0.932,-0.944,-0.948,1,1.004,1.008,1.012,1.032,-1.036,-1.036,-1.032,-1.04,-1.032,-1.024,-1.032,-1.036,-1.008,1.024,1.004,0.992,-0.976,-0.96,-0.956,-0.956,0.924,0.928,0.936,0.92,-0.924,-0.924,-1.06,1.064,-1.036,-1.04,1.024,1.004,-1.036,-1.044,-1.032,1.028,1.02,1.012,0.996,0.968,0.94,-0.908,-0.92,-0.928,-0.924,-0.952,0.924,-0.888,-0.884,-0.88,-0.92,-1.076,-1.064,-1.08,-1.08,-1.08,-1.076,-1.088,-1.052,-0.952,-0.964,0.936,-0.9,-0.9,-0.896,-0.892,-0.936,0.932,0.94,1.084,1.056,1.044,1.056,1.06,1.068,1.072,1.06,-1.084,-1.076,-1.072,-1.084,-1.08,1.1,1.104,1.1,1.104,1.1,-1.088,1.092,1.08,1.076,1.06,-1,1.008,1.008,1.008,0.98,-0.996,-0.976,-0.988,0.996,0.976,0.944,0.92,-0.936,-0.944,-0.94,-0.94,-1.036,1.004,1.004,-1.008,1.016,1.008,1.004,1,1.02,1.024,1.02,1.012,1.02,1.016,-1,-0.992,0.944,0.936,0.932,0.932,0.936,0.924,-0.952,0.956,0.936,0.936,0.92,0.904,0.92,0.932,0.936,0.92,0.92,-1.052,-1.036,1.052,1.04,-0.964,0.944,0.904,0.896,-0.916,-0.92,-0.9,-0.888,0.916,0.908,-0.948,-0.948,-0.936,-0.928,-0.924,0.932,-0.952,-0.956,0.94,-0.948,-0.96,-0.96,-0.964,-0.976,0.976,-0.984,-0.972,-0.964,-0.928,-0.932,-0.932,-0.936,0.988,0.996,-1.028,-1.004,0.988,-0.98,-0.972,-0.96,-0.952
0.928,0.904,0.908,0.912,0.912,0.924,0.928,1.052,1.056,1.076,1.068,1.084,1.076,1.08,-1.044,-1.028,-0.976,0.96,0.964,-0.968,0.912,0.908,0.908,-0.9,-0.92,-0.976,0.968,-0.992,-0.992,0.94,0.952,0.94,0.936,0.932,0.936,-0.992,-0.984,-0.972,0.956,0.952,-0.948,-0.94,0.936,0.952,-0.936,-0.932,-0.92,-0.92,-0.92,0.92,0.928,0.928,0.936,0.96,0.968,0.972,0.972,0.968,0.972,-0.968,0.92,-0.9,-0.904,0.92,-0.88,-0.892,0.904,0.896,0.924,0.928,0.916,0.908,0.912,0.92,-0.92,-0.96,-0.948,-0.952,-0.956,-0.932,-0.944,-0.948,1,1.004,1.008,1.012,1.032,-1.036,-1.036,-1.032,-1.04,-1.032,-1.024,-1.032,-1.036,0.992,1.024,1.004,0.992,-0.976,-0.96,-0.956,-0.956,0.924,0.928,0.936,0.92,1.076,1.076,-1.06,1.064,-1.036,-1.04,1.024,1.004,-1.036,-1.044,-1.032,1.028,1.02,1.012,0.996,0.968,0.94,-0.908,-0.92,-0.928,-0.924,-0.952,0.924,-0.888,-0.884,-0.88,-0.92,0.924,0.936,0.92,0.92,0.92,0.924,0.912,-1.052,-0.952,-0.964,0.936,-0.9,-0.9,-0.896,-0.892,-0.936,0.932,0.94,-0.916,-0.944,-0.956,-0.944,-0.94,-0.932,-0.928,-0.94,0.916,0.924,0.928,0.916,0.92,-0.9,-0.896,-0.9,-0.896,-0.9,0.912,-0.908,-0.92,-0.924,1.06,-1,1.008,1.008,1.008,0.98,-0.996,-0.976,-0.988,0.996,0.976,0.944,0.92,-0.936,-0.944,-0.94,-0.94,0.964,-0.996,-0.996,0.992,-0.984,-0.992,-0.996,-1,1.02,1.024,1.02,1.012,1.02,1.016,-1,-0.992,0.944,0.936,0.932,0.932,0.936,0.924,-0.952,0.956,0.936,0.936,0.92,0.904,0.92,0.932,0.936,0.92,0.92,0.948,0.964,-0.948,-0.96,1.036,-1.056,-1.096,-1.104,-0.916,-0.92,-0.9,-0.888,0.916,0.908,-0.948,-0.948,-0.936,-0.928,-0.924,0.932,-0.952,-0.956,-1.06,1.052,1.04,1.04,1.036,1.024,-1.024,1.016,1.028,1.036,1.072,1.068,1.068,1.064,0.988,0.996,-1.028,-1.004,0.988,-0.98,-0.972,-0.96,-0.952
0.928,0.904,0.908,0.912,0.912,0.924,0.928,-0.948,-0.944,-0.924,-0.932,-0.916,-0.924,-0.92,0.956,0.972,1.024,-1.04,0.964,-0.968,0.912,0.908,0.908,-0.9,-0.92,-0.976,0.968,-0.992,-0.992,-1.06,-1.048,-1.06,-1.064,-1.068,-1.064,1.008,1.016,1.028,-1.044,-1.048,1.052,1.06,-1.064,-1.048,1.064,1.068,1.08,1.08,-0.92,0.92,0.928,0.928,0.936,0.96,0.968,-1.028,-1.028,-1.032,-1.028,1.032,-1.08,1.1,1.096,-1.08,1.12,1.108,-1.096,-1.104,-1.076,-1.072,0.916,0.908,0.912,0.92,-0.92,-0.96,-0.948,-0.952,-0.956,-0.932,-0.944,-0.948,1,1.004,1.008,1.012,1.032,-1.036,-1.036,-1.032,-1.04,-1.032,-1.024,-1.032,-1.036,0.992,1.024,1.004,0.992,-0.976,-0.96,-0.956,-0.956,0.924,0.928,0.936,0.92,-0.924,-0.924,0.94,-0.936,0.964,0.96,-0.976,-0.996,0.964,0.956,0.968,-0.972,-0.98,-0.988,-1.004,-1.032,-1.06,-0.908,-0.92,-0.928,-0.924,-0.952,0.924,-0.888,-0.884,-0.88,-0.92,0.924,0.936,0.92,0.92,0.92,0.924,0.912,0.948,-0.952,-0.964,0.936,-0.9,-0.9,-0.896,-0.892,-0.936,-1.068,-1.06,1.084,1.056,1.044,1.056,1.06,1.068,1.072,1.06,-1.084,-1.076,-1.072,-1.084,-1.08,1.1,1.104,1.1,1.104,1.1,-1.088,1.092,1.08,1.076,1.06,-1,1.008,1.008,1.008,0.98,-0.996,-0.976,-0.988,0.996,0.976,0.944,0.92,-0.936,-0.944,-0.94,-0.94,0.964,-0.996,-0.996,0.992,-0.984,-0.992,-0.996,-1,1.02,1.024,1.02,1.012,1.02,1.016,-1,-0.992,0.944,0.936,0.932,0.932,0.936,0.924,-0.952,0.956,0.936,0.936,0.92,0.904,0.92,0.932,0.936,0.92,0.92,0.948,0.964,-0.948,-0.96,1.036,-1.056,-1.096,-1.104,1.084,-0.92,-0.9,-0.888,0.916,0.908,-0.948,-0.948,-0.936,-0.928,-0.924,0.932,-0.952,-0.956,0.94,-0.948,-0.96,-0.96,-0.964,-0.976,0.976,-0.984,-0.972,-0.964,-0.928,-0.932,-0.932,-0.936,-1.012,-1.004,0.972,0.996,-1.012,1.02,1.028,1.04,1.048
-1.072,-1.096,-1.092,-1.088,-1.088,-1.076,-1.072,1.052,1.056,1.076,1.068,1.084,1.076,1.08,-1.044,-1.028,-0.976,0.96,0.964,-0.968,0.912,-1.092,-1.092,1.1,1.08,1.024,-1.032,1.008,1.008,-1.06,-1.048,-1.06,-1.064,-1.068,-1.064,1.008,1.016,1.028,-1.044,-1.048,1.052,1.06,-1.064,-1.048,1.064,1.068,1.08,1.08,1.08,-1.08,-1.072,-1.072,-1.064,-1.04,-1.032,0.972,-1.028,-1.032,-1.028,1.032,-1.08,1.1,1.096,-1.08,1.12,1.108,-1.096,-1.104,-1.076,-1.072,-1.084,-1.092,-1.088,-1.08,1.08,1.04,1.052,1.048,1.044,1.068,1.056,1.052,-1,-0.996,-0.992,-0.988,-0.968,0.964,0.964,0.968,-1.04,-1.032,-1.024,-1.032,-1.036,-1.008,-0.976,-0.996,-1.008,1.024,1.04,1.044,1.044,-1.076,-1.072,-1.064,-1.08,1.076,1.076,-1.06,1.064,-1.036,-1.04,1.024,1.004,-1.036,-1.044,-1.032,1.028,1.02,1.012,0.996,0.968,0.94,-0.908,-0.92,-0.928,-0.924,-0.952,0.924,-0.888,-0.884,-0.88,1.08,0.924,0.936,0.92,0.92,0.92,0.924,0.912,0.948,1.048,1.036,-1.064,1.1,1.1,1.104,1.108,1.064,-1.068,-1.06,1.084,1.056,1.044,1.056,1.06,1.068,1.072,1.06,-1.084,-1.076,-1.072,-1.084,-1.08,-0.9,-0.896,-0.9,-0.896,-0.9,0.912,-0.908,-0.92,-0.924,-0.94,1,-0.992,-0.992,-0.992,-1.02,1.004,1.024,1.012,-1.004,-1.024,-1.056,-1.08,1.064,1.056,1.06,1.06,-1.036,-0.996,-0.996,0.992,-0.984,-0.992,-0.996,-1,-0.98,-0.976,-0.98,-0.988,-0.98,-0.984,1,1.008,-1.056,-1.064,-1.068,-1.068,-1.064,-1.076,1.048,-1.044,-1.064,-1.064,-1.08,-1.096,-1.08,-1.068,-1.064,-1.08,-1.08,-1.052,-1.036,1.052,1.04,1.036,-1.056,-1.096,-1.104,1.084,1.08,1.1,1.112,-1.084,-1.092,1.052,1.052,1.064,1.072,1.076,-1.068,1.048,1.044,-1.06,1.052,1.04,1.04,1.036,1.024,-1.024,1.016,1.028,1.036,1.072,1.068,1.068,1.064,0.988,-1.004,0.972,0.996,-1.012,1.02,1.028,1.04,1.048
0.928,0.904,0.908,-1.088,-1.088,-1.076,-1.072,1.052,1.056,1.076,1.068,1.084,1.076,1.08,-1.044,-1.028,-0.976,0.96,0.964,-0.968,0.912,0.908,0.908,-0.9,-0.92,1.024,-1.032,1.008,1.008,0.94,0.952,0.94,0.936,0.932,0.936,-0.992,-0.984,-0.972,0.956,0.952,-0.948,-0.94,0.936,0.952,-0.936,-0.932,-0.92,-0.92,-0.92,0.92,0.928,0.928,0.936,0.96,0.968,-1.028,-1.028,-1.032,-1.028,1.032,-1.08,1.1,1.096,-1.08,-0.88,-0.892,0.904,0.896,0.924,0.928,0.916,0.908,0.912,0.92,-0.92,-0.96,-0.948,-0.952,-0.956,-0.932,-0.944,-0.948,1,1.004,1.008,1.012,1.032,-1.036,-1.036,-1.032,-1.04,-1.032,-1.024,-1.032,-1.036,0.992,1.024,1.004,0.992,-0.976,-0.96,-0.956,-0.956,0.924,0.928,0.936,0.92,-0.924,-0.924,0.94,-0.936,0.964,0.96,-0.976,-0.996,0.964,0.956,0.968,-0.972,-0.98,-0.988,-1.004,-1.032,-1.06,1.092,1.08,1.072,1.076,1.048,-1.076,-0.888,-0.884,-0.88,-0.92,0.924,0.936,0.92,0.92,0.92,0.924,0.912,-1.052,-0.952,-0.964,0.936,-0.9,-0.9,-0.896,-0.892,-0.936,0.932,0.94,-0.916,-0.944,-0.956,-0.944,-0.94,-0.932,-0.928,-0.94,0.916,0.924,0.928,0.916,0.92,-0.9,-0.896,-0.9,-0.896,-0.9,0.912,-0.908,-0.92,-0.924,-0.94,-1,1.008,1.008,1.008,0.98,-0.996,-0.976,-0.988,0.996,0.976,0.944,0.92,-0.936,-0.944,-0.94,-0.94,0.964,-0.996,-0.996,-1.008,1.016,1.008,1.004,1,1.02,1.024,1.02,1.012,1.02,1.016,-1,-0.992,0.944,0.936,0.932,0.932,0.936,0.924,-0.952,0.956,0.936,0.936,0.92,0.904,0.92,0.932,0.936,0.92,0.92,-1.052,-1.036,1.052,1.04,-0.964,0.944,0.904,0.896,-0.916,-0.92,-0.9,-0.888,0.916,0.908,-0.948,-0.948,-0.936,-0.928,-0.924,0.932,-0.952,-0.956,0.94,-0.948,-0.96,-0.96,-0.964,-0.976,0.976,-0.984,-0.972,-0.964,-0.928,-0.932,-0.932,-0.936,0.988,0.996,-1.028,-1.004,0.988,-0.98,-0.972,-0.96,-0.952
-1.072,-1.096,-1.092,-1.088,0.912,0.924,0.928,-0.948,-0.944,-0.924,-0.932,-0.916,-0.924,-0.92,0.956,0.972,1.024,-1.04,-1.036,1.032,-1.088,-1.092,-1.092,1.1,1.08,1.024,-1.032,1.008,1.008,0.94,0.952,0.94,0.936,0.932,0.936,1.008,1.016,1.028,-1.044,-1.048,1.052,1.06,-1.064,-1.048,1.064,1.068,1.08,1.08,1.08,-1.08,-1.072,-1.072,-1.064,-1.04,-1.032,0.972,0.972,0.968,0.972,1.032,-1.08,1.1,1.096,-1.08,1.12,1.108,-1.096,-1.104,-1.076,-1.072,-1.084,-1.092,-1.088,-1.08,1.08,1.04,1.052,1.048,1.044,1.068,1.056,1.052,-1,-0.996,-0.992,-0.988,-0.968,0.964,0.964,0.968,0.96,0.968,0.976,0.968,0.964,0.992,-0.976,-0.996,-1.008,1.024,1.04,1.044,1.044,-1.076,-1.072,-1.064,-1.08,1.076,1.076,-1.06,1.064,-1.036,-1.04,1.024,1.004,-1.036,-1.044,-1.032,1.028,1.02,1.012,0.996,0.968,0.94,-0.908,-0.92,-0.928,-0.924,-0.952,0.924,-0.888,-0.884,-0.88,1.08,-1.076,-1.064,-1.08,-1.08,-1.08,-1.076,-1.088,-1.052,1.048,1.036,-1.064,1.1,1.1,1.104,1.108,1.064,-1.068,-1.06,1.084,1.056,1.044,1.056,1.06,1.068,1.072,1.06,0.916,0.924,0.928,0.916,0.92,-0.9,-0.896,-0.9,-0.896,-0.9,0.912,-0.908,-0.92,-0.924,-0.94,1,-0.992,-0.992,-0.992,-1.02,1.004,1.024,1.012,-1.004,-1.024,-1.056,-1.08,1.064,1.056,1.06,1.06,0.964,-0.996,-0.996,0.992,-0.984,-0.992,-0.996,-1,-0.98,-0.976,-0.98,-0.988,-0.98,-0.984,1,1.008,-1.056,-1.064,-1.068,-1.068,-1.064,-1.076,1.048,-1.044,-1.064,-1.064,-1.08,-1.096,-1.08,-1.068,-1.064,-1.08,-1.08,-1.052,-1.036,1.052,1.04,1.036,-1.056,-1.096,-1.104,1.084,1.08,1.1,1.112,-1.084,-1.092,1.052,1.052,1.064,1.072,-0.924,0.932,-0.952,-0.956,0.94,-0.948,-0.96,-0.96,-0.964,-0.976,0.976,-0.984,-0.972,-0.964,-0.928,-0.932,-0.932,-0.936,-1.012,-1.004,0.972,0.996,-1.012,1.02,1.028,1.04,1.048
-1.072,-1.096,-1.092,-1.088,-1.088,-1.076,-1.072,1.052,1.056,-0.924,-0.932,-0.916,-0.924,-0.92,0.956,0.972,1.024,-1.04,-1.036,1.032,-1.088,-1.092,-1.092,1.1,1.08,1.024,-1.032,1.008,1.008,0.94,0.952,0.94,0.936,0.932,0.936,-0.992,-0.984,-0.972,0.956,0.952,-0.948,-0.94,0.936,0.952,-0.936,-0.932,-0.92,-0.92,1.08,-1.08,-1.072,-1.072,-1.064,-1.04,-1.032,0.972,0.972,0.968,0.972,-0.968,0.92,-0.9,-0.904,0.92,-0.88,-0.892,0.904,0.896,0.924,0.928,0.916,0.908,-1.088,-1.08,1.08,1.04,1.052,1.048,1.044,1.068,1.056,1.052,-1,-0.996,-0.992,-0.988,-0.968,0.964,0.964,0.968,-1.04,-1.032,-1.024,-1.032,-1.036,-1.008,-0.976,-0.996,-1.008,1.024,1.04,1.044,1.044,-1.076,-1.072,-1.064,-1.08,1.076,1.076,-1.06,1.064,-1.036,-1.04,1.024,1.004,0.964,0.956,0.968,-0.972,-0.98,-0.988,-1.004,-1.032,-1.06,1.092,1.08,1.072,1.076,1.048,-1.076,1.112,1.116,1.12,1.08,-1.076,-1.064,-1.08,-1.08,-1.08,-1.076,-1.088,0.948,1.048,1.036,-1.064,1.1,1.1,1.104,1.108,1.064,-1.068,-1.06,1.084,1.056,1.044,1.056,1.06,1.068,1.072,1.06,-1.084,-1.076,-1.072,-1.084,-1.08,1.1,1.104,1.1,1.104,1.1,-1.088,1.092,1.08,1.076,1.06,-1,1.008,1.008,1.008,0.98,1.004,1.024,1.012,-1.004,-1.024,-1.056,-1.08,1.064,1.056,1.06,1.06,0.964,-0.996,-0.996,0.992,-0.984,-0.992,-0.996,-1,-0.98,-0.976,-0.98,-0.988,-0.98,-0.984,1,1.008,-1.056,-1.064,-1.068,-1.068,-1.064,-1.076,1.048,-1.044,-1.064,-1.064,-1.08,-1.096,-1.08,-1.068,-1.064,-1.08,0.92,0.948,0.964,-0.948,-0.96,1.036,-1.056,-1.096,-1.104,1.084,1.08,1.1,1.112,-1.084,-1.092,1.052,1.052,1.064,1.072,1.076,-1.068,1.048,1.044,-1.06,1.052,1.04,1.04,1.036,1.024,0.976,-0.984,-0.972,-0.964,-0.928,-0.932,-0.932,-0.936,-1.012,-1.004,0.972,0.996,-1.012,1.02,1.028,1.04,1.048
0.928,0.904,0.908,0.912,0.912,0.924,0.928,-0.948,-0.944,-0.924,-0.932,-0.916,-0.924,-0.92,0.956,0.972,1.024,-1.04,-1.036,1.032,-1.088,-1.092,-1.092,-0.9,-0.92,1.024,-1.032,1.008,1.008,0.94,0.952,0.94,0.936,0.932,0.936,-0.992,-0.984,-0.972,0.956,0.952,-0.948,-0.94,0.936,0.952,-0.936,-0.932,-0.92,-0.92,-0.92,0.92,0.928,0.928,0.936,0.96,0.968,-1.028,-1.028,-1.032,-1.028,1.032,-1.08,1.1,1.096,0.92,-0.88,-0.892,0.904,0.896,0.924,0.928,0.916,0.908,0.912,0.92,-0.92,1.04,1.052,1.048,1.044,1.068,1.056,1.052,-1,-0.996,-0.992,-0.988,-0.968,0.964,0.964,0.968,0.96,0.968,0.976,0.968,0.964,0.992,1.024,1.004,0.992,-0.976,-0.96,-0.956,-0.956,0.924,0.928,0.936,0.92,-0.924,-0.924,0.94,-0.936,-1.036,-1.04,1.024,1.004,-1.036,-1.044,-1.032,1.028,1.02,1.012,0.996,0.968,0.94,-0.908,-0.92,-0.928,-0.924,-0.952,0.924,-0.888,-0.884,-0.88,-0.92,0.924,0.936,0.92,0.92,0.92,0.924,0.912,0.948,-0.952,-0.964,0.936,-0.9,-0.9,-0.896,-0.892,1.064,-1.068,-1.06,1.084,1.056,1.044,1.056,1.06,1.068,1.072,1.06,-1.084,-1.076,-1.072,-1.084,-1.08,1.1,1.104,1.1,1.104,1.1,-1.088,1.092,1.08,1.076,1.06,-1,1.008,1.008,1.008,0.98,-0.996,-0.976,-0.988,0.996,0.976,0.944,0.92,-0.936,-0.944,-0.94,-0.94,0.964,1.004,1.004,-1.008,1.016,1.008,1.004,1,1.02,1.024,1.02,1.012,1.02,1.016,-1,-0.992,0.944,0.936,0.932,0.932,0.936,0.924,-0.952,0.956,0.936,0.936,0.92,0.904,0.92,0.932,0.936,0.92,0.92,-1.052,-1.036,1.052,1.04,-0.964,0.944,0.904,0.896,-0.916,-0.92,-0.9,-0.888,0.916,0.908,-0.948,-0.948,-0.936,-0.928,-0.924,0.932,1.048,1.044,-1.06,1.052,1.04,1.04,1.036,1.024,-1.024,1.016,1.028,1.036,1.072,1.068,1.068,1.064,0.988,0.996,-1.028,-1.004,0.988,-0.98,-0.972,-0.96,-0.952
0.928,0.904,0.908,0.912,0.912,0.924,0.928,-0.948,-0.944,-0.924,-0.932,-0.916,-0.924,-0.92,0.956,0.972,1.024,-1.04,-1.036,1.032,-1.088,-1.092,-1.092,-0.9,-0.92,1.024,-1.032,1.008,1.008,0.94,0.952,0.94,0.936,0.932,0.936,-0.992,-0.984,-0.972,0.956,0.952,-0.948,-0.94,0.936,0.952,-0.936,-0.932,-0.92,-0.92,-0.92,0.92,0.928,0.928,0.936,0.96,0.968,-1.028,-1.028,-1.032,-1.028,1.032,-1.08,1.1,1.096,-1.08,1.12,-0.892,0.904,0.896,0.924,0.928,0.916,0.908,0.912,0.92,-0.92,-0.96,-0.948,-0.952,-0.956,-0.932,-0.944,-0.948,1,1.004,1.008,1.012,1.032,-1.036,-1.036,-1.032,-1.04,-1.032,-1.024,-1.032,-1.036,0.992,1.024,1.004,0.992,-0.976,-0.96,-0.956,-0.956,0.924,0.928,0.936,0.92,-0.924,-0.924,0.94,1.064,-1.036,-1.04,1.024,1.004,-1.036,-1.044,-1.032,1.028,1.02,1.012,0.996,0.968,0.94,-0.908,-0.92,-0.928,-0.924,-0.952,0.924,-0.888,-0.884,-0.88,-0.92,0.924,-1.064,-1.08,-1.08,-1.08,-1.076,-1.088,-1.052,-0.952,-0.964,0.936,-0.9,-0.9,-0.896,-0.892,-0.936,0.932,0.94,-0.916,-0.944,-0.956,-0.944,-0.94,-0.932,-0.928,-0.94,0.916,0.924,0.928,0.916,0.92,-0.9,-0.896,-0.9,-0.896,-0.9,-1.088,1.092,1.08,1.076,1.06,-1,1.008,1.008,1.008,0.98,-0.996,-0.976,-0.988,0.996,0.976,0.944,0.92,-0.936,-0.944,-0.94,-0.94,0.964,-0.996,-0.996,0.992,-0.984,-0.992,-0.996,-1,-0.98,-0.976,-0.98,-0.988,1.02,1.016,-1,-0.992,0.944,0.936,0.932,0.932,0.936,0.924,-0.952,0.956,0.936,0.936,0.92,0.904,0.92,0.932,0.936,0.92,0.92,0.948,-1.036,1.052,1.04,-0.964,0.944,0.904,0.896,-0.916,-0.92,-0.9,-0.888,0.916,0.908,-0.948,-0.948,-0.936,-0.928,-0.924,0.932,-0.952,-0.956,0.94,-0.948,-0.96,-0.96,-0.964,-0.976,0.976,-0.984,-0.972,-0.964,-0.928,-0.932,-0.932,-0.936,-1.012,-1.004,0.972,0.996,-1.012,1.02,1.028,1.04,1.048
-1.072,-1.096,-1.092,-1.088,-1.088,-1.076,-1.072,1.052,1.056,-0.924,-0.932,-0.916,-0.924,-0.92,0.956,0.972,1.024,-1.04,-1.036,1.032,-1.088,-1.092,-1.092,1.1,1.08,1.024,-1.032,1.008,1.008,0.94,0.952,-1.06,-1.064,-1.068,-1.064,1.008,1.016,1.028,-1.044,-1.048,1.052,1.06,-1.064,-1.048,1.064,1.068,1.08,1.08,1.08,-1.08,-1.072,-1.072,-1.064,-1.04,-1.032,0.972,0.972,0.968,0.972,-0.968,0.92,-0.9,-0.904,-1.08,1.12,1.108,-1.096,-1.104,-1.076,-1.072,-1.084,-1.092,-1.088,-1.08,1.08,1.04,1.052,1.048,1.044,1.068,1.056,1.052,-1,-0.996,-0.992,-0.988,-0.968,0.964,0.964,0.968,0.96,0.968,0.976,0.968,0.964,0.992,1.024,1.004,0.992,-0.976,-0.96,1.044,1.044,-1.076,-1.072,-1.064,-1.08,1.076,1.076,-1.06,1.064,-1.036,-1.04,1.024,1.004,0.964,0.956,0.968,-0.972,-0.98,-0.988,-1.004,-1.032,-1.06,1.092,1.08,1.072,1.076,1.048,-1.076,1.112,1.116,1.12,1.08,-1.076,-1.064,-1.08,-1.08,-1.08,-1.076,-1.088,-1.052,-0.952,-0.964,0.936,-0.9,-0.9,-0.896,1.108,1.064,-1.068,-1.06,1.084,1.056,1.044,1.056,1.06,1.068,1.072,1.06,-1.084,-1.076,-1.072,-1.084,-1.08,1.1,1.104,1.1,1.104,1.1,-1.088,1.092,1.08,1.076,1.06,-1,1.008,1.008,1.008,0.98,-0.996,-0.976,-0.988,-1.004,-1.024,-1.056,-1.08,1.064,1.056,1.06,1.06,-1.036,1.004,1.004,-1.008,1.016,1.008,1.004,1,1.02,1.024,1.02,1.012,1.02,1.016,-1,-0.992,-1.056,-1.064,-1.068,-1.068,-1.064,-1.076,1.048,-1.044,-1.064,-1.064,-1.08,-1.096,-1.08,-1.068,-1.064,-1.08,-1.08,-1.052,-1.036,1.052,1.04,1.036,-1.056,-1.096,-1.104,1.084,1.08,1.1,1.112,-1.084,-1.092,1.052,1.052,1.064,1.072,1.076,-1.068,1.048,1.044,-1.06,1.052,1.04,1.04,1.036,1.024,-1.024,1.016,1.028,1.036,1.072,1.068,1.068,1.064,0.988,0.996,0.972,0.996,-1.012,1.02,1.028,1.04,1.048
0.928,0.904,0.908,0.912,0.912,0.924,0.928,-0.948,-0.944,-0.924,-0.932,-0.916,-0.924,-0.92,0.956,0.972,1.024,-1.04,-1.036,1.032,0.912,0.908,0.908,-0.9,-0.92,-0.976,0.968,-0.992,-0.992,-1.06,-1.048,-1.06,-1.064,-1.068,-1.064,-0.992,-0.984,-0.972,0.956,0.952,-0.948,-0.94,0.936,0.952,-0.936,-0.932,-0.92,-0.92,-0.92,0.92,0.928,0.928,0.936,0.96,0.968,0.972,0.972,0.968,0.972,-0.968,0.92,-0.9,-0.904,0.92,-0.88,-0.892,0.904,0.896,0.924,0.928,0.916,0.908,0.912,0.92,-0.92,-0.96,-0.948,-0.952,-0.956,-0.932,-0.944,-0.948,1,1.004,1.008,1.012,1.032,-1.036,-1.036,-1.032,-1.04,-1.032,-1.024,-1.032,-1.036,-1.008,-0.976,-0.996,-1.008,1.024,1.04,1.044,1.044,0.924,0.928,0.936,0.92,-0.924,-0.924,0.94,-0.936,0.964,0.96,-0.976,-0.996,0.964,0.956,0.968,1.028,1.02,1.012,0.996,0.968,0.94,-0.908,-0.92,-0.928,-0.924,-0.952,0.924,-0.888,-0.884,-0.88,-0.92,0.924,-1.064,-1.08,-1.08,-1.08,-1.076,-1.088,-1.052,-0.952,-0.964,0.936,-0.9,-0.9,-0.896,-0.892,-0.936,0.932,-1.06,1.084,1.056,1.044,1.056,1.06,1.068,1.072,1.06,-1.084,-1.076,-1.072,-1.084,-1.08,1.1,1.104,1.1,1.104,1.1,-1.088,1.092,1.08,1.076,1.06,-1,1.008,1.008,1.008,0.98,-0.996,-0.976,-0.988,0.996,0.976,0.944,0.92,-0.936,-0.944,-0.94,-0.94,0.964,-0.996,-0.996,0.992,-0.984,-0.992,1.004,1,1.02,1.024,1.02,1.012,1.02,1.016,-1,-0.992,0.944,0.936,0.932,0.932,0.936,0.924,-0.952,0.956,0.936,0.936,0.92,0.904,0.92,0.932,0.936,0.92,0.92,0.948,-1.036,1.052,1.04,-0.964,0.944,0.904,0.896,-0.916,-0.92,-0.9,-0.888,0.916,0.908,-0.948,-0.948,-0.936,-0.928,-0.924,0.932,-0.952,-0.956,0.94,-0.948,-0.96,-0.96,-0.964,-0.976,0.976,-0.984,-0.972,-0.964,-0.928,-0.932,-0.932,-0.936,0.988,0.996,-1.028,-1.004,0.988,-0.98,-0.972,-0.96,-0.952
-1.072,-1.096,-1.092,-1.088,-1.088,-1.076,-1.072,1.052,1.056,1.076,1.068,1.084,1.076,1.08,-1.044,-1.028,-0.976,0.96,0.964,-0.968,-1.088,-1.092,-1.092,1.1,1.08,1.024,-1.032,1.008,1.008,0.94,0.952,0.94,0.936,0.932,0.936,-0.992,-0.984,-0.972,-1.044,-1.048,1.052,1.06,-1.064,-1.048,1.064,1.068,1.08,1.08,1.08,-1.08,-1.072,-1.072,-1.064,-1.04,-1.032,0.972,0.972,0.968,0.972,-0.968,0.92,-0.9,-0.904,0.92,-0.88,1.108,-1.096,-1.104,-1.076,-1.072,-1.084,-1.092,-1.088,-1.08,1.08,1.04,-0.948,-0.952,-0.956,-0.932,-0.944,-0.948,1,1.004,1.008,1.012,1.032,-1.036,-1.036,-1.032,-1.04,-1.032,-1.024,-1.032,-1.036,-1.008,-0.976,-0.996,-1.008,1.024,1.04,1.044,1.044,-1.076,-1.072,-1.064,-1.08,1.076,1.076,-1.06,1.064,-1.036,0.96,-0.976,-0.996,0.964,0.956,0.968,-0.972,-0.98,-0.988,-1.004,-1.032,-1.06,1.092,1.08,1.072,1.076,1.048,-1.076,1.112,1.116,1.12,1.08,-1.076,-1.064,-1.08,-1.08,-1.08,-1.076,-1.088,-1.052,1.048,1.036,-1.064,1.1,1.1,1.104,1.108,1.064,0.932,0.94,-0.916,-0.944,-0.956,-0.944,-0.94,-0.932,-0.928,-0.94,0.916,0.924,0.928,0.916,0.92,-0.9,-0.896,-0.9,-0.896,-0.9,0.912,-0.908,-0.92,-0.924,-0.94,1,-0.992,-0.992,-0.992,-1.02,1.004,1.024,1.012,-1.004,-1.024,-1.056,-1.08,1.064,1.056,1.06,1.06,-1.036,1.004,1.004,-1.008,1.016,1.008,1.004,1,1.02,1.024,1.02,-0.988,-0.98,-0.984,1,1.008,-1.056,-1.064,-1.068,-1.068,-1.064,-1.076,1.048,-1.044,-1.064,-1.064,-1.08,-1.096,0.92,0.932,0.936,0.92,0.92,0.948,0.964,-0.948,-0.96,1.036,-1.056,-1.096,-1.104,1.084,1.08,1.1,1.112,-1.084,-1.092,1.052,1.052,1.064,1.072,1.076,-1.068,1.048,1.044,-1.06,1.052,1.04,1.04,1.036,1.024,-1.024,1.016,1.028,1.036,1.072,1.068,1.068,1.064,0.988,0.996,0.972,0.996,-1.012,1.02,1.028,1.04,1.048
0.928,0.904,0.908,0.912,0.912,0.924,0.928,-0.948,-0.944,-0.924,-0.932,-0.916,-0.924,-0.92,0.956,0.972,1.024,-1.04,-1.036,1.032,0.912,0.908,0.908,-0.9,-0.92,-0.976,0.968,-0.992,-0.992,-1.06,-1.048,-1.06,-1.064,-1.068,-1.064,1.008,1.016,1.028,0.956,0.952,-0.948,-0.94,0.936,0.952,-0.936,-0.932,-0.92,-0.92,-0.92,0.92,0.928,0.928,0.936,0.96,0.968,-1.028,-1.028,-1.032,-1.028,1.032,0.92,-0.9,-0.904,0.92,-0.88,-0.892,0.904,0.896,0.924,0.928,0.916,0.908,0.912,0.92,-0.92,-0.96,-0.948,-0.952,-0.956,-0.932,-0.944,-0.948,1,1.004,1.008,1.012,1.032,-1.036,-1.036,-1.032,-1.04,-1.032,-1.024,-1.032,-1.036,-1.008,-0.976,-0.996,0.992,-0.976,-0.96,-0.956,-0.956,0.924,0.928,0.936,0.92,-0.924,-0.924,0.94,-0.936,0.964,0.96,-0.976,-0.996,0.964,0.956,0.968,1.028,1.02,1.012,0.996,0.968,0.94,-0.908,-0.92,-0.928,-0.924,-0.952,0.924,-0.888,-0.884,-0.88,-0.92,-1.076,-1.064,-1.08,-1.08,-1.08,-1.076,-1.088,-1.052,-0.952,-0.964,0.936,-0.9,-0.9,-0.896,-0.892,-0.936,0.932,0.94,-0.916,-0.944,-0.956,-0.944,-0.94,-0.932,-0.928,-0.94,0.916,0.924,0.928,0.916,0.92,-0.9,-0.896,-0.9,-0.896,-0.9,0.912,-0.908,-0.92,-0.924,-0.94,1,-0.992,-0.992,-0.992,-1.02,-0.996,-0.976,-0.988,0.996,0.976,0.944,0.92,-0.936,-0.944,-0.94,-0.94,-1.036,1.004,1.004,-1.008,1.016,1.008,1.004,1,1.02,1.024,1.02,1.012,1.02,1.016,-1,-0.992,0.944,0.936,0.932,0.932,0.936,0.924,-0.952,0.956,0.936,0.936,0.92,0.904,0.92,0.932,0.936,0.92,0.92,0.948,0.964,-0.948,-0.96,1.036,-1.056,0.904,0.896,-0.916,-0.92,-0.9,-0.888,0.916,0.908,-0.948,-0.948,-0.936,-0.928,-0.924,0.932,-0.952,-0.956,0.94,-0.948,-0.96,-0.96,-0.964,-0.976,0.976,-0.984,-0.972,-0.964,-0.928,-0.932,-0.932,-0.936,0.988,0.996,-1.028,-1.004,0.988,-0.98,-0.972,-0.96,-0.952
0.928,0.904,0.908,0.912,0.912,0.924,0.928,-0.948,-0.944,-0.924,-0.932,-0.916,-0.924,-0.92,-1.044,-1.028,-0.976,0.96,0.964,-0.968,0.912,0.908,0.908,-0.9,-0.92,-0.976,0.968,-0.992,-0.992,0.94,0.952,0.94,0.936,0.932,0.936,-0.992,-0.984,-0.972,0.956,0.952,-0.948,-0.94,0.936,0.952,-0.936,-0.932,-0.92,-0.92,-0.92,0.92,0.928,0.928,0.936,0.96,0.968,-1.028,-1.028,-1.032,-1.028,1.032,0.92,-0.9,-0.904,0.92,-0.88,-0.892,0.904,0.896,0.924,0.928,0.916,0.908,0.912,0.92,-0.92,-0.96,-0.948,-0.952,-0.956,-0.932,-0.944,-0.948,1,1.004,1.008,1.012,1.032,-1.036,-1.036,-1.032,-1.04,-1.032,-1.024,-1.032,-1.036,-1.008,-0.976,-0.996,-1.008,1.024,1.04,1.044,1.044,0.924,0.928,0.936,0.92,-0.924,-0.924,0.94,-0.936,0.964,0.96,-0.976,-0.996,0.964,0.956,0.968,-0.972,-0.98,-0.988,-1.004,-1.032,-1.06,1.092,1.08,1.072,1.076,1.048,0.924,-0.888,-0.884,-0.88,-0.92,0.924,0.936,0.92,0.92,0.92,0.924,0.912,0.948,1.048,1.036,-1.064,1.1,1.1,1.104,-0.892,-0.936,0.932,0.94,-0.916,-0.944,-0.956,-0.944,-0.94,-0.932,-0.928,-0.94,0.916,0.924,0.928,0.916,0.92,1.1,1.104,1.1,1.104,1.1,-1.088,1.092,1.08,1.076,1.06,-1,1.008,1.008,1.008,0.98,-0.996,-0.976,-0.988,0.996,0.976,0.944,0.92,-0.936,-0.944,-0.94,-0.94,0.964,-0.996,-0.996,0.992,-0.984,-0.992,-0.996,-1,-0.98,-0.976,-0.98,-0.988,-0.98,-0.984,1,1.008,0.944,0.936,0.932,0.932,0.936,0.924,-0.952,0.956,0.936,0.936,0.92,0.904,0.92,0.932,0.936,0.92,0.92,0.948,0.964,-0.948,-0.96,1.036,-1.056,0.904,0.896,-0.916,-0.92,-0.9,-0.888,0.916,0.908,-0.948,-0.948,-0.936,-0.928,-0.924,0.932,-0.952,-0.956,0.94,-0.948,-0.96,-0.96,-0.964,-0.976,0.976,-0.984,-0.972,-0.964,-0.928,-0.932,-0.932,-0.936,0.988,0.996,-1.028,-1.004,0.988,-0.98,-0.972,-0.96,-0.952
-1.072,0.904,0.908,0.912,0.912,0.924,0.928,-0.948,-0.944,-0.924,-0.932,-0.916,-0.924,-0.92,0.956,0.972,1.024,-1.04,-1.036,1.032,-1.088,-1.092,-1.092,1.1,1.08,-0.976,0.968,-0.992,-0.992,-1.06,-1.048,-1.06,-1.064,-1.068,-1.064,1.008,1.016,1.028,-1.044,-1.048,1.052,1.06,-1.064,-1.048,1.064,1.068,1.08,1.08,1.08,-1.08,-1.072,-1.072,-1.064,-1.04,-1.032,-1.028,-1.028,-1.032,-1.028,1.032,-1.08,1.1,1.096,-1.08,1.12,1.108,-1.096,-1.104,-1.076,-1.072,-1.084,-1.092,-1.088,-1.08,1.08,1.04,1.052,1.048,1.044,1.068,1.056,1.052,-1,-0.996,-0.992,-0.988,-0.968,0.964,0.964,0.968,0.96,0.968,0.976,0.968,0.964,0.992,1.024,1.004,0.992,-0.976,-0.96,-0.956,-0.956,0.924,-1.072,-1.064,-1.08,1.076,1.076,-1.06,1.064,-1.036,-1.04,1.024,1.004,-1.036,-1.044,-1.032,1.028,1.02,1.012,0.996,0.968,0.94,1.092,1.08,1.072,1.076,1.048,-1.076,1.112,1.116,1.12,1.08,-1.076,-1.064,-1.08,-1.08,-1.08,-1.076,-1.088,-1.052,1.048,1.036,-1.064,1.1,1.1,1.104,1.108,1.064,-1.068,-1.06,-0.916,-0.944,-0.956,-0.944,-0.94,-0.932,-0.928,-0.94,0.916,0.924,0.928,0.916,0.92,-0.9,-0.896,-0.9,-0.896,-0.9,0.912,-0.908,-0.92,-0.924,-0.94,1,-0.992,-0.992,-0.992,-1.02,1.004,1.024,1.012,-1.004,-1.024,-1.056,-1.08,1.064,1.056,1.06,1.06,-1.036,1.004,1.004,-1.008,1.016,1.008,1.004,1,1.02,1.024,-0.98,-0.988,-0.98,-0.984,1,1.008,-1.056,-1.064,-1.068,-1.068,-1.064,-1.076,1.048,-1.044,-1.064,-1.064,-1.08,-1.096,-1.08,-1.068,-1.064,-1.08,-1.08,-1.052,-1.036,1.052,1.04,1.036,-1.056,-1.096,-1.104,1.084,1.08,1.1,1.112,-1.084,-1.092,1.052,1.052,1.064,1.072,1.076,-1.068,1.048,1.044,-1.06,1.052,1.04,1.04,1.036,1.024,-1.024,-0.984,-0.972,-0.964,-0.928,-0.932,-0.932,-0.936,-1.012,-1.004,0.972,0.996,-1.012,1.02,1.028,1.04,1.048
0.928,0.904,0.908,0.912,0.912,0.924,0.928,1.052,1.056,1.076,1.068,1.084,1.076,1.08,-1.044,-1.028,-0.976,0.96,0.964,-0.968,0.912,0.908,0.908,-0.9,-0.92,-0.976,0.968,-0.992,-0.992,-1.06,-1.048,0.94,0.936,0.932,0.936,-0.992,-0.984,-0.972,0.956,0.952,-0.948,-0.94,0.936,0.952,-0.936,-0.932,-0.92,-0.92,-0.92,0.92,0.928,0.928,0.936,0.96,0.968,-1.028,-1.028,-1.032,-1.028,1.032,-1.08,1.1,1.096,-1.08,1.12,1.108,-1.096,-1.104,-1.076,-1.072,-1.084,-1.092,-1.088,0.92,-0.92,-0.96,-0.948,-0.952,-0.956,-0.932,-0.944,-0.948,1,1.004,1.008,1.012,1.032,-1.036,-1.036,-1.032,-1.04,-1.032,-1.024,-1.032,-1.036,0.992,1.024,1.004,0.992,-0.976,-0.96,-0.956,-0.956,0.924,0.928,0.936,0.92,-0.924,-0.924,0.94,-0.936,0.964,0.96,-0.976,-0.996,0.964,0.956,-1.032,1.028,1.02,1.012,0.996,0.968,0.94,-0.908,-0.92,-0.928,-0.924,-0.952,0.924,-0.888,-0.884,-0.88,-0.92,0.924,0.936,0.92,0.92,0.92,0.924,0.912,-1.052,-0.952,-0.964,0.936,-0.9,-0.9,-0.896,-0.892,-0.936,0.932,0.94,-0.916,-0.944,-0.956,-0.944,-0.94,-0.932,-0.928,-0.94,0.916,0.924,0.928,0.916,0.92,-0.9,-0.896,-0.9,-0.896,-0.9,0.912,1.092,1.08,1.076,1.06,-1,1.008,1.008,1.008,0.98,-0.996,-0.976,-0.988,0.996,0.976,0.944,0.92,-0.936,-0.944,-0.94,-0.94,0.964,-0.996,-0.996,0.992,-0.984,-0.992,-0.996,-1,-0.98,-0.976,-0.98,-0.988,-0.98,-0.984,1,1.008,0.944,0.936,0.932,0.932,0.936,0.924,-0.952,0.956,0.936,0.936,0.92,0.904,0.92,0.932,0.936,0.92,0.92,-1.052,-1.036,1.052,1.04,-0.964,0.944,0.904,0.896,-0.916,-0.92,-0.9,-0.888,0.916,0.908,-0.948,-0.948,-0.936,-0.928,-0.924,0.932,-0.952,-0.956,0.94,-0.948,-0.96,-0.96,-0.964,-0.976,0.976,-0.984,-0.972,1.036,1.072,1.068,1.068,1.064,0.988,0.996,-1.028,-1.004,0.988,-0.98,-0.972,-0.96,-0.952
0.928,0.904,0.908,0.912,-1.088,-1.076,-1.072,1.052,1.056,1.076,1.068,1.084,1.076,1.08,-1.044,-1.028,-0.976,0.96,0.964,-0.968,0.912,0.908,0.908,-0.9,-0.92,-0.976,0.968,-0.992,-0.992,0.94,0.952,0.94,0.936,0.932,0.936,-0.992,-0.984,-0.972,0.956,0.952,-0.948,-0.94,0.936,0.952,-0.936,-0.932,-0.92,-0.92,-0.92,0.92,0.928,0.928,0.936,0.96,0.968,-1.028,0.972,0.968,0.972,-0.968,0.92,-0.9,-0.904,0.92,-0.88,-0.892,0.904,0.896,0.924,0.928,0.916,0.908,0.912,0.92,-0.92,-0.96,-0.948,-0.952,-0.956,-0.932,-0.944,-0.948,1,1.004,1.008,1.012,1.032,-1.036,-1.036,-1.032,-1.04,-1.032,-1.024,-1.032,-1.036,-1.008,-0.976,-0.996,-1.008,1.024,1.04,1.044,1.044,-1.076,-1.072,0.936,0.92,-0.924,-0.924,0.94,-0.936,0.964,0.96,-0.976,-0.996,0.964,0.956,0.968,-0.972,-0.98,-0.988,-1.004,0.968,0.94,-0.908,-0.92,-0.928,-0.924,-0.952,0.924,-0.888,-0.884,-0.88,-0.92,0.924,0.936,0.92,0.92,0.92,0.924,0.912,0.948,-0.952,-0.964,0.936,-0.9,-0.9,-0.896,-0.892,-0.936,0.932,0.94,-0.916,-0.944,-0.956,-0.944,1.06,1.068,1.072,1.06,-1.084,-1.076,-1.072,-1.084,-1.08,1.1,1.104,1.1,1.104,1.1,-1.088,1.092,1.08,1.076,1.06,-1,1.008,1.008,1.008,0.98,-0.996,-0.976,-0.988,0.996,0.976,0.944,0.92,-0.936,-0.944,-0.94,-0.94,0.964,-0.996,-0.996,0.992,-0.984,-0.992,-0.996,-1,-0.98,-0.976,-0.98,-0.988,-0.98,-0.984,1,1.008,-1.056,0.936,0.932,0.932,0.936,0.924,-0.952,0.956,0.936,0.936,0.92,0.904,-1.08,-1.068,-1.064,-1.08,-1.08,-1.052,-1.036,1.052,1.04,-0.964,0.944,0.904,0.896,-0.916,-0.92,-0.9,-0.888,0.916,0.908,-0.948,-0.948,-0.936,-0.928,-0.924,0.932,-0.952,-0.956,0.94,-0.948,-0.96,-0.96,-0.964,-0.976,0.976,-0.984,-0.972,-0.964,-0.928,-0.932,-0.932,-0.936,-1.012,-1.004,0.972,0.996,-1.012,-0.98,-0.972,-0.96,-0.952
0.928,0.904,0.908,0.912,-1.088,-1.076,-1.072,1.052,1.056,1.076,1.068,1.084,1.076,1.08,-1.044,-1.028,-0.976,0.96,0.964,-0.968,0.912,0.908,0.908,-0.9,-0.92,-0.976,0.968,-0.992,-0.992,-1.06,-1.048,-1.06,-1.064,-1.068,-1.064,1.008,1.016,1.028,-1.044,-1.048,1.052,1.06,-1.064,-1.048,1.064,1.068,-0.92,-0.92,-0.92,0.92,0.928,0.928,0.936,0.96,0.968,-1.028,-1.028,-1.032,-1.028,1.032,-1.08,1.1,1.096,-1.08,1.12,1.108,-1.096,-1.104,-1.076,-1.072,-1.084,0.908,0.912,0.92,-0.92,-0.96,-0.948,1.048,1.044,1.068,1.056,1.052,-1,-0.996,-0.992,-0.988,-0.968,0.964,0.964,0.968,0.96,0.968,0.976,0.968,0.964,0.992,1.024,1.004,0.992,-0.976,-0.96,-0.956,-0.956,0.924,0.928,0.936,0.92,-0.924,-0.924,0.94,-0.936,0.964,0.96,-0.976,-0.996,0.964,0.956,0.968,-0.972,-0.98,-0.988,0.996,0.968,0.94,-0.908,-0.92,-0.928,-0.924,-0.952,0.924,-0.888,-0.884,-0.88,-0.92,0.924,0.936,0.92,0.92,0.92,0.924,0.912,0.948,1.048,1.036,-1.064,1.1,1.1,1.104,-0.892,-0.936,0.932,0.94,-0.916,-0.944,-0.956,-0.944,-0.94,-0.932,-0.928,-0.94,0.916,0.924,0.928,0.916,0.92,-0.9,-0.896,-0.9,-0.896,-0.9,0.912,-0.908,-0.92,-0.924,-0.94,1,-0.992,-0.992,-0.992,-1.02,-0.996,-0.976,-0.988,0.996,0.976,0.944,0.92,-0.936,-0.944,-0.94,-0.94,0.964,1.004,1.004,-1.008,1.016,1.008,1.004,1,1.02,1.024,1.02,1.012,1.02,1.016,-1,-0.992,0.944,0.936,0.932,0.932,0.936,0.924,-0.952,0.956,0.936,0.936,0.92,0.904,-1.08,-1.068,-1.064,-1.08,-1.08,-1.052,-1.036,1.052,1.04,-0.964,0.944,0.904,0.896,-0.916,-0.92,-0.9,-0.888,0.916,0.908,1.052,1.052,1.064,1.072,1.076,-1.068,1.048,1.044,-1.06,1.052,1.04,1.04,1.036,1.024,-1.024,1.016,1.028,1.036,1.072,1.068,1.068,1.064,0.988,0.996,-1.028,-1.004,0.988,-0.98,-0.972,-0.96,-0.952
-1.072,-1.096,-1.092,-1.088,-1.088,-1.076,-1.072,1.052,1.056,1.076,1.068,-0.916,-0.924,-0.92,0.956,0.972,1.024,-1.04,-1.036,1.032,-1.088,-1.092,-1.092,1.1,1.08,1.024,-1.032,1.008,1.008,-1.06,-1.048,-1.06,-1.064,-1.068,-1.064,1.008,1.016,1.028,-1.044,-1.048,1.052,1.06,-1.064,-1.048,1.064,1.068,1.08,1.08,1.08,-1.08,-1.072,-1.072,-1.064,-1.04,-1.032,-1.028,-1.028,-1.032,-1.028,1.032,-1.08,1.1,1.096,-1.08,1.12,1.108,-1.096,-1.104,-1.076,-1.072,-1.084,-1.092,-1.088,-1.08,1.08,1.04,1.052,1.048,1.044,1.068,1.056,1.052,-1,-0.996,-0.992,-0.988,-0.968,0.964,0.964,0.968,0.96,0.968,0.976,0.968,0.964,0.992,1.024,1.004,0.992,-0.976,-0.96,-0.956,-0.956,0.924,0.928,0.936,-1.08,1.076,1.076,-1.06,-0.936,0.964,0.96,-0.976,-0.996,0.964,0.956,0.968,-0.972,-0.98,-0.988,-1.004,-1.032,-1.06,1.092,1.08,1.072,1.076,1.048,-1.076,1.112,1.116,1.12,1.08,0.924,0.936,0.92,0.92,0.92,0.924,0.912,0.948,1.048,1.036,-1.064,1.1,1.1,1.104,1.108,1.064,-1.068,-1.06,1.084,-0.944,-0.956,-0.944,-0.94,-0.932,-0.928,-0.94,0.916,0.924,0.928,0.916,0.92,-0.9,-0.896,-0.9,-0.896,-0.9,0.912,-0.908,-0.92,-0.924,-0.94,1,-0.992,-0.992,-0.992,-1.02,1.004,1.024,1.012,-1.004,-1.024,-1.056,-1.08,1.064,1.056,1.06,1.06,0.964,-0.996,-0.996,0.992,-0.984,-0.992,-0.996,-1,-0.98,-0.976,-0.98,-0.988,-0.98,-0.984,1,1.008,-1.056,-1.064,-1.068,-1.068,-1.064,-1.076,1.048,-1.044,-1.064,-1.064,-1.08,-1.096,-1.08,-1.068,-1.064,-1.08,-1.08,-1.052,-1.036,1.052,1.04,-0.964,0.944,0.904,0.896,-0.916,-0.92,-0.9,-0.888,0.916,0.908,1.052,1.052,1.064,1.072,1.076,-1.068,1.048,1.044,0.94,-0.948,-0.96,-0.96,-0.964,-0.976,0.976,-0.984,-0.972,-0.964,-0.928,-0.932,-0.932,-0.936,-1.012,-1.004,0.972,0.996,-1.012,1.02,1.028,1.04,1.048
-1.072,-1.096,-1.092,-1.088,-1.088,-1.076,-1.072,1.052,1.056,1.076,1.068,1.084,1.076,1.08,-1.044,-1.028,-0.976,0.96,0.964,-0.968,-1.088,-1.092,-1.092,1.1,1.08,1.024,0.968,-0.992,-0.992,-1.06,-1.048,-1.06,-1.064,-1.068,-1.064,1.008,1.016,1.028,-1.044,-1.048,1.052,1.06,-1.064,-1.048,1.064,1.068,1.08,1.08,1.08,-1.08,-1.072,-1.072,-1.064,-1.04,-1.032,0.972,-1.028,-1.032,-1.028,1.032,-1.08,1.1,1.096,-1.08,1.12,1.108,-1.096,-1.104,-1.076,-1.072,-1.084,-1.092,-1.088,-1.08,1.08,1.04,1.052,1.048,1.044,1.068,1.056,1.052,-1,-0.996,-0.992,-0.988,-0.968,0.964,0.964,0.968,0.96,0.968,0.976,0.968,0.964,-1.008,-0.976,-0.996,-1.008,1.024,1.04,1.044,1.044,-1.076,-1.072,-1.064,-1.08,1.076,1.076,-1.06,1.064,-1.036,-1.04,1.024,1.004,0.964,0.956,0.968,-0.972,-0.98,-0.988,-1.004,-1.032,-1.06,1.092,1.08,1.072,1.076,1.048,-1.076,1.112,1.116,1.12,1.08,-1.076,-1.064,-1.08,-1.08,-1.08,-1.076,-1.088,-1.052,-0.952,-0.964,0.936,-0.9,-0.9,-0.896,1.108,1.064,-1.068,-1.06,1.084,1.056,1.044,1.056,1.06,1.068,1.072,1.06,-1.084,-1.076,-1.072,-1.084,-1.08,1.1,1.104,1.1,1.104,1.1,-1.088,1.092,1.08,-0.924,-0.94,1,-0.992,-0.992,-0.992,-1.02,1.004,1.024,1.012,-1.004,-1.024,-1.056,-1.08,1.064,1.056,1.06,1.06,-1.036,1.004,1.004,-1.008,1.016,1.008,-0.996,-1,-0.98,-0.976,-0.98,-0.988,-0.98,-0.984,1,1.008,-1.056,-1.064,-1.068,-1.068,-1.064,-1.076,1.048,-1.044,-1.064,-1.064,-1.08,-1.096,-1.08,-1.068,-1.064,-1.08,-1.08,-1.052,-1.036,1.052,1.04,-0.964,0.944,0.904,0.896,-0.916,-0.92,-0.9,-0.888,0.916,0.908,1.052,1.052,1.064,1.072,1.076,-1.068,1.048,1.044,-1.06,1.052,1.04,1.04,1.036,1.024,-1.024,1.016,1.028,1.036,1.072,1.068,1.068,1.064,0.988,0.996,-1.028,-1.004,-1.012,1.02,1.028,1.04,1.048
-1.072,-1.096,-1.092,-1.088,-1.088,-1.076,-1.072,1.052,1.056,1.076,1.068,1.084,1.076,1.08,-1.044,-1.028,-0.976,0.96,0.964,-0.968,-1.088,-1.092,-1.092,1.1,1.08,1.024,0.968,-0.992,-0.992,-1.06,-1.048,-1.06,-1.064,-1.068,-1.064,1.008,1.016,1.028,-1.044,-1.048,1.052,1.06,-1.064,-1.048,1.064,1.068,1.08,1.08,1.08,-1.08,-1.072,-1.072,-1.064,-1.04,-1.032,0.972,0.972,0.968,0.972,-0.968,0.92,-0.9,-0.904,0.92,-0.88,-0.892,0.904,0.896,0.924,0.928,-1.084,-1.092,-1.088,-1.08,1.08,1.04,1.052,1.048,1.044,1.068,1.056,1.052,-1,-0.996,-0.992,-0.988,-0.968,0.964,0.964,0.968,0.96,0.968,0.976,0.968,0.964,0.992,1.024,1.004,0.992,-0.976,-0.96,-0.956,-0.956,0.924,0.928,-1.064,-1.08,1.076,1.076,0.94,-0.936,0.964,0.96,-0.976,-0.996,0.964,0.956,0.968,-0.972,-0.98,-0.988,-1.004,-1.032,-1.06,1.092,1.08,1.072,1.076,1.048,-1.076,1.112,1.116,1.12,1.08,-1.076,0.936,0.92,0.92,0.92,0.924,0.912,0.948,1.048,1.036,-1.064,1.1,1.1,1.104,1.108,1.064,-1.068,-1.06,1.084,1.056,1.044,1.056,1.06,1.068,1.072,1.06,-1.084,-1.076,-1.072,-1.084,-1.08,1.1,1.104,1.1,1.104,1.1,-1.088,1.092,1.08,1.076,1.06,-1,-0.992,-0.992,-0.992,-1.02,1.004,1.024,1.012,-1.004,-1.024,-1.056,-1.08,1.064,1.056,1.06,1.06,0.964,-0.996,-0.996,0.992,-0.984,-0.992,-0.996,-1,-0.98,-0.976,-0.98,-0.988,-0.98,-0.984,1,1.008,-1.056,-1.064,-1.068,-1.068,-1.064,-1.076,1.048,-1.044,-1.064,-1.064,-1.08,-1.096,-1.08,-1.068,-1.064,-1.08,-1.08,-1.052,0.964,-0.948,-0.96,1.036,-1.056,-1.096,-1.104,1.084,1.08,1.1,1.112,-1.084,-1.092,1.052,1.052,1.064,1.072,1.076,-1.068,1.048,1.044,-1.06,1.052,1.04,1.04,1.036,1.024,-1.024,1.016,1.028,1.036,1.072,1.068,1.068,1.064,0.988,0.996,-1.028,-1.004,0.988,-0.98,1.028,1.04,1.048
0.928,0.904,0.908,0.912,0.912,0.924,0.928,-0.948,-0.944,-0.924,-0.932,-0.916,-0.924,-0.92,0.956,-1.028,-0.976,0.96,0.964,-0.968,0.912,0.908,0.908,-0.9,-0.92,-0.976,0.968,-0.992,-0.992,0.94,0.952,0.94,0.936,0.932,0.936,-0.992,-0.984,-0.972,0.956,0.952,-0.948,-0.94,0.936,0.952,-0.936,-0.932,-0.92,-0.92,-0.92,0.92,0.928,0.928,0.936,0.96,0.968,0.972,0.972,0.968,0.972,-0.968,0.92,-0.9,-0.904,0.92,-0.88,-0.892,0.904,0.896,0.924,0.928,0.916,0.908,0.912,0.92,-0.92,-0.96,-0.948,-0.952,-0.956,-0.932,-0.944,-0.948,-1,-0.996,-0.992,-0.988,-0.968,0.964,0.964,0.968,0.96,0.968,0.976,0.968,0.964,0.992,1.024,1.004,0.992,-0.976,-0.96,-0.956,-0.956,0.924,0.928,0.936,0.92,-0.924,-0.924,0.94,-0.936,0.964,0.96,-0.976,1.004,-1.036,-1.044,-1.032,1.028,1.02,1.012,0.996,0.968,0.94,-0.908,-0.92,-0.928,-0.924,-0.952,0.924,-0.888,-0.884,-0.88,-0.92,0.924,0.936,0.92,0.92,0.92,0.924,0.912,0.948,1.048,1.036,-1.064,1.1,1.1,-0.896,-0.892,-0.936,0.932,0.94,-0.916,-0.944,-0.956,-0.944,-0.94,-0.932,-0.928,-0.94,0.916,0.924,0.928,0.916,0.92,1.1,1.104,1.1,1.104,1.1,-1.088,1.092,1.08,1.076,1.06,-1,1.008,1.008,1.008,0.98,-0.996,-0.976,-0.988,0.996,0.976,0.944,0.92,-0.936,-0.944,-0.94,-0.94,0.964,-0.996,-0.996,0.992,-0.984,-0.992,1.004,1,1.02,1.024,1.02,1.012,1.02,1.016,-1,-0.992,0.944,0.936,0.932,0.932,0.936,0.924,-0.952,0.956,0.936,0.936,0.92,0.904,0.92,0.932,0.936,0.92,0.92,-1.052,-1.036,1.052,1.04,-0.964,0.944,0.904,0.896,-0.916,-0.92,-0.9,-0.888,0.916,0.908,-0.948,-0.948,-0.936,-0.928,-0.924,0.932,-0.952,-0.956,-1.06,1.052,1.04,1.04,1.036,1.024,-1.024,1.016,1.028,1.036,1.072,1.068,1.068,1.064,0.988,0.996,-1.028,-1.004,0.988,-0.98,-0.972,-0.96,-0.952
-1.072,-1.096,-1.092,-1.088,-1.088,-1.076,-1.072,1.052,1.056,1.076,1.068,1.084,1.076,1.08,-1.044,-1.028,-0.976,-1.04,-1.036,1.032,-1.088,-1.092,-1.092,1.1,1.08,-0.976,0.968,-0.992,-0.992,-1.06,-1.048,-1.06,-1.064,-1.068,-1.064,1.008,1.016,1.028,-1.044,-1.048,1.052,1.06,-1.064,-1.048,1.064,1.068,1.08,1.08,1.08,-1.08,-1.072,-1.072,-1.064,-1.04,-1.032,0.972,0.972,0.968,0.972,-0.968,0.92,-0.9,1.096,-1.08,1.12,1.108,-1.096,-1.104,-1.076,-1.072,-1.084,-1.092,-1.088,-1.08,1.08,1.04,1.052,1.048,1.044,1.068,1.056,1.052,-1,-0.996,-0.992,-0.988,-0.968,0.964,0.964,0.968,0.96,0.968,0.976,0.968,0.964,0.992,1.024,1.004,0.992,-0.976,-0.96,-0.956,1.044,-1.076,-1.072,-1.064,-1.08,1.076,1.076,-1.06,1.064,-1.036,-1.04,1.024,1.004,-1.036,-1.044,-1.032,1.028,1.02,1.012,0.996,0.968,0.94,-0.908,-0.92,1.072,1.076,1.048,-1.076,1.112,1.116,1.12,1.08,-1.076,-1.064,-1.08,-1.08,-1.08,-1.076,0.912,0.948,1.048,1.036,-1.064,1.1,1.1,1.104,1.108,1.064,-1.068,-1.06,1.084,1.056,1.044,1.056,1.06,1.068,1.072,1.06,-1.084,-1.076,-1.072,-1.084,-1.08,1.1,1.104,1.1,1.104,1.1,-1.088,1.092,1.08,1.076,1.06,-1,1.008,1.008,1.008,0.98,-0.996,1.024,1.012,-1.004,-1.024,-1.056,-1.08,1.064,1.056,1.06,1.06,-1.036,1.004,1.004,0.992,-0.984,-0.992,-0.996,-1,-0.98,-0.976,-0.98,-0.988,-0.98,-0.984,1,1.008,-1.056,-1.064,-1.068,-1.068,-1.064,-1.076,1.048,-1.044,-1.064,-1.064,-1.08,-1.096,-1.08,-1.068,-1.064,-1.08,-1.08,-1.052,-1.036,1.052,1.04,1.036,-1.056,-1.096,-1.104,1.084,1.08,1.1,1.112,-1.084,-1.092,1.052,1.052,1.064,1.072,1.076,-1.068,1.048,1.044,-1.06,1.052,1.04,1.04,1.036,1.024,-1.024,1.016,1.028,1.036,1.072,1.068,1.068,1.064,0.988,0.996,-1.028,0.996,-1.012,1.02,1.028,1.04,1.048
0.928,0.904,0.908,0.912,0.912,0.924,0.928,-0.948,-0.944,-0.924,-0.932,-0.916,-0.924,-0.92,0.956,0.972,1.024,-1.04,-1.036,1.032,0.912,0.908,0.908,-0.9,-0.92,1.024,-1.032,1.008,1.008,0.94,0.952,0.94,0.936,0.932,0.936,-0.992,-0.984,-0.972,0.956,0.952,-0.948,-0.94,0.936,0.952,-0.936,-0.932,-0.92,-0.92,-0.92,0.92,0.928,0.928,0.936,0.96,0.968,-1.028,-1.028,-1.032,-1.028,1.032,0.92,-0.9,-0.904,0.92,-0.88,-0.892,0.904,0.896,0.924,0.928,0.916,0.908,0.912,0.92,-0.92,-0.96,-0.948,-0.952,-0.956,-0.932,-0.944,-0.948,1,-0.996,-0.992,-0.988,-0.968,0.964,0.964,0.968,0.96,0.968,0.976,0.968,0.964,0.992,1.024,1.004,0.992,-0.976,-0.96,-0.956,-0.956,0.924,0.928,0.936,0.92,-0.924,-0.924,-1.06,1.064,-1.036,-1.04,1.024,1.004,-1.036,-1.044,-1.032,1.028,1.02,1.012,0.996,0.968,0.94,-0.908,-0.92,-0.928,-0.924,-0.952,0.924,-0.888,-0.884,-0.88,-0.92,0.924,0.936,0.92,0.92,0.92,0.924,0.912,-1.052,-0.952,-0.964,0.936,-0.9,-0.9,-0.896,-0.892,-0.936,0.932,0.94,-0.916,-0.944,-0.956,-0.944,-0.94,-0.932,-0.928,-0.94,0.916,0.924,0.928,0.916,0.92,-0.9,-0.896,-0.9,-0.896,-0.9,0.912,-0.908,-0.92,-0.924,-0.94,1,-0.992,-0.992,-0.992,-1.02,1.004,1.024,1.012,-1.004,-1.024,-1.056,0.92,-0.936,-0.944,-0.94,-0.94,0.964,-0.996,-0.996,0.992,-0.984,-0.992,-0.996,-1,-0.98,-0.976,-0.98,-0.988,-0.98,-0.984,1,1.008,0.944,0.936,0.932,0.932,0.936,0.924,-0.952,0.956,0.936,0.936,0.92,0.904,0.92,0.932,0.936,0.92,0.92,0.948,0.964,-0.948,-0.96,1.036,-1.056,-1.096,-1.104,1.084,1.08,1.1,1.112,0.916,0.908,-0.948,-0.948,-0.936,-0.928,-0.924,0.932,-0.952,-0.956,0.94,-0.948,-0.96,-0.96,-0.964,1.024,-1.024,1.016,1.028,1.036,1.072,1.068,1.068,1.064,0.988,0.996,-1.028,-1.004,0.988,-0.98,-0.972,-0.96,-0.952
0.928,0.904,0.908,0.912,0.912,0.924,0.928,-0.948,-0.944,-0.924,-0.932,-0.916,-0.924,-0.92,-1.044,-1.028,-0.976,0.96,0.964,-0.968,0.912,0.908,0.908,-0.9,-0.92,-0.976,0.968,-0.992,-0.992,-1.06,-1.048,-1.06,-1.064,-1.068,-1.064,1.008,1.016,1.028,-1.044,-1.048,1.052,1.06,-1.064,-1.048,-0.936,-0.932,-0.92,-0.92,-0.92,0.92,0.928,0.928,0.936,0.96,0.968,0.972,0.972,0.968,0.972,-0.968,0.92,-0.9,-0.904,0.92,-0.88,-0.892,0.904,0.896,0.924,0.928,0.916,0.908,0.912,0.92,-0.92,-0.96,-0.948,-0.952,-0.956,-0.932,-0.944,-0.948,1,1.004,1.008,1.012,1.032,-1.036,-1.036,-1.032,-1.04,-1.032,-1.024,-1.032,-1.036,-1.008,-0.976,-0.996,-1.008,1.024,1.04,1.044,1.044,-1.076,0.928,0.936,0.92,-0.924,-0.924,0.94,-0.936,0.964,0.96,-0.976,-0.996,0.964,0.956,0.968,-0.972,-0.98,-0.988,-1.004,-1.032,-1.06,1.092,1.08,1.072,1.076,1.048,-1.076,1.112,-0.884,-0.88,-0.92,0.924,-1.064,-1.08,-1.08,-1.08,-1.076,-1.088,-1.052,-0.952,-0.964,0.936,-0.9,-0.9,-0.896,-0.892,-0.936,0.932,0.94,-0.916,-0.944,-0.956,-0.944,-0.94,-0.932,-0.928,-0.94,0.916,0.924,0.928,0.916,0.92,-0.9,-0.896,-0.9,-0.896,-0.9,0.912,1.092,1.08,1.076,1.06,-1,1.008,1.008,1.008,0.98,-0.996,-0.976,-0.988,0.996,0.976,0.944,0.92,-0.936,-0.944,-0.94,-0.94,0.964,-0.996,-0.996,0.992,-0.984,-0.992,-0.996,-1,-0.98,1.024,1.02,1.012,1.02,1.016,-1,-0.992,0.944,0.936,0.932,0.932,0.936,0.924,-0.952,0.956,0.936,0.936,0.92,0.904,0.92,0.932,0.936,0.92,0.92,0.948,0.964,-0.948,-0.96,1.036,0.944,0.904,0.896,-0.916,-0.92,-0.9,-0.888,0.916,0.908,-0.948,-0.948,-0.936,-0.928,-0.924,0.932,-0.952,-0.956,0.94,-0.948,-0.96,-0.96,-0.964,-0.976,0.976,-0.984,-0.972,-0.964,-0.928,-0.932,-0.932,-0.936,-1.012,-1.004,0.972,0.996,-1.012,-0.98,-0.972,-0.96,-0.952
-1.072,-1.096,-1.092,-1.088,-1.088,-1.076,-1.072,1.052,1.056,1.076,1.068,1.084,1.076,1.08,-1.044,-1.028,-0.976,0.96,0.964,-0.968,0.912,-1.092,-1.092,1.1,1.08,-0.976,0.968,-0.992,-0.992,-1.06,-1.048,-1.06,-1.064,-1.068,-1.064,1.008,1.016,1.028,-1.044,-1.048,1.052,1.06,-1.064,-1.048,1.064,1.068,1.08,1.08,1.08,-1.08,-1.072,-1.072,-1.064,-1.04,-1.032,0.972,0.972,0.968,0.972,-0.968,0.92,-0.9,-0.904,0.92,-0.88,-0.892,-1.096,-1.104,-1.076,-1.072,-1.084,-1.092,-1.088,-1.08,1.08,1.04,1.052,1.048,1.044,1.068,1.056,1.052,-1,-0.996,-0.992,-0.988,-0.968,0.964,0.964,0.968,0.96,0.968,0.976,0.968,0.964,-1.008,-0.976,-0.996,-1.008,1.024,1.04,1.044,1.044,-1.076,-1.072,-1.064,-1.08,1.076,1.076,0.94,-0.936,0.964,0.96,-0.976,-0.996,0.964,0.956,0.968,-0.972,-0.98,-0.988,-1.004,-1.032,-1.06,1.092,1.08,1.072,1.076,1.048,-1.076,1.112,1.116,1.12,1.08,-1.076,-1.064,-1.08,-1.08,-1.08,-1.076,-1.088,-1.052,-0.952,-0.964,0.936,-0.9,-0.9,1.104,1.108,1.064,-1.068,-1.06,1.084,1.056,1.044,1.056,1.06,1.068,1.072,1.06,-1.084,-1.076,-1.072,-1.084,-1.08,1.1,1.104,1.1,1.104,1.1,-1.088,1.092,1.08,1.076,-0.94,1,-0.992,-0.992,-0.992,-1.02,1.004,1.024,1.012,-1.004,-1.024,-1.056,-1.08,1.064,1.056,1.06,1.06,0.964,-0.996,-0.996,0.992,-0.984,-0.992,-0.996,-1,-0.98,-0.976,-0.98,-0.988,-0.98,-0.984,1,1.008,-1.056,-1.064,-1.068,-1.068,-1.064,-1.076,1.048,-1.044,-1.064,-1.064,-1.08,-1.096,-1.08,-1.068,-1.064,-1.08,-1.08,0.948,0.964,-0.948,-0.96,1.036,-1.056,-1.096,-1.104,1.084,1.08,1.1,1.112,-1.084,-1.092,1.052,1.052,1.064,1.072,1.076,-1.068,1.048,1.044,-1.06,1.052,1.04,1.04,1.036,1.024,-1.024,1.016,1.028,1.036,1.072,1.068,1.068,1.064,0.988,-1.004,0.972,0.996,-1.012,1.02,1.028,1.04,1.048
0.928,0.904,0.908,0.912,0.912,0.924,0.928,-0.948,-0.944,-0.924,-0.932,-0.916,-0.924,-0.92,0.956,0.972,1.024,0.96,0.964,-0.968,0.912,0.908,0.908,-0.9,-0.92,-0.976,0.968,-0.992,-0.992,0.94,0.952,0.94,0.936,0.932,0.936,-0.992,-0.984,-0.972,0.956,0.952,-0.948,-0.94,0.936,0.952,-0.936,-0.932,-0.92,-0.92,-0.92,0.92,0.928,0.928,0.936,0.96,0.968,-1.028,-1.028,-1.032,-1.028,1.032,0.92,-0.9,-0.904,0.92,-0.88,-0.892,0.904,0.896,0.924,0.928,0.916,0.908,0.912,0.92,-0.92,-0.96,-0.948,-0.952,-0.956,-0.932,-0.944,-0.948,1,1.004,1.008,1.012,1.032,-1.036,-1.036,-1.032,-1.04,-1.032,-1.024,-1.032,-1.036,0.992,1.024,1.004,0.992,-0.976,-0.96,-0.956,-0.956,0.924,0.928,0.936,0.92,-0.924,-0.924,0.94,-0.936,0.964,0.96,-0.976,-0.996,0.964,0.956,0.968,-0.972,-0.98,-0.988,-1.004,0.968,0.94,-0.908,-0.92,-0.928,-0.924,-0.952,0.924,-0.888,-0.884,-0.88,-0.92,0.924,-1.064,-1.08,-1.08,-1.08,-1.076,-1.088,-1.052,-0.952,-0.964,0.936,-0.9,-0.9,-0.896,-0.892,-0.936,0.932,0.94,-0.916,-0.944,-0.956,-0.944,-0.94,-0.932,-0.928,-0.94,0.916,0.924,0.928,0.916,0.92,-0.9,-0.896,-0.9,-0.896,-0.9,0.912,-0.908,-0.92,-0.924,-0.94,1,-0.992,-0.992,-0.992,-1.02,1.004,-0.976,-0.988,0.996,0.976,0.944,0.92,-0.936,-0.944,-0.94,-0.94,0.964,-0.996,-0.996,0.992,-0.984,-0.992,-0.996,-1,-0.98,-0.976,-0.98,-0.988,-0.98,-0.984,1,1.008,-1.056,-1.064,-1.068,-1.068,-1.064,-1.076,1.048,0.956,0.936,0.936,0.92,0.904,0.92,0.932,0.936,0.92,0.92,-1.052,-1.036,1.052,1.04,-0.964,0.944,0.904,0.896,-0.916,-0.92,-0.9,-0.888,0.916,0.908,-0.948,-0.948,-0.936,-0.928,-0.924,0.932,-0.952,-0.956,0.94,-0.948,-0.96,-0.96,-0.964,-0.976,0.976,-0.984,-0.972,-0.964,-0.928,-0.932,-0.932,-0.936,0.988,0.996,-1.028,-1.004,0.988,-0.98,-0.972,-0.96,-0.952
-1.072,-1.096,-1.092,-1.088,-1.088,-1.076,-1.072,1.052,1.056,1.076,1.068,1.084,1.076,1.08,-1.044,-1.028,-0.976,0.96,0.964,-0.968,0.912,0.908,0.908,-0.9,1.08,1.024,-1.032,1.008,1.008,-1.06,-1.048,-1.06,-1.064,-1.068,-1.064,1.008,1.016,1.028,-1.044,-1.048,1.052,1.06,-1.064,-1.048,1.064,1.068,1.08,1.08,1.08,-1.08,-1.072,-1.072,-1.064,-1.04,-1.032,-1.028,-1.028,-1.032,-1.028,1.032,-1.08,1.1,1.096,-1.08,1.12,1.108,-1.096,-1.104,-1.076,-1.072,-1.084,-1.092,-1.088,-1.08,1.08,1.04,1.052,1.048,1.044,1.068,1.056,1.052,-1,-0.996,-0.992,-0.988,-0.968,0.964,0.964,0.968,0.96,0.968,0.976,0.968,0.964,-1.008,-0.976,-0.996,-1.008,1.024,1.04,1.044,1.044,-1.076,-1.072,-1.064,-1.08,1.076,1.076,0.94,-0.936,0.964,0.96,-0.976,-0.996,0.964,0.956,0.968,-0.972,-0.98,-0.988,-1.004,-1.032,-1.06,1.092,1.08,1.072,1.076,1.048,-1.076,1.112,1.116,1.12,1.08,-1.076,0.936,0.92,0.92,0.92,0.924,0.912,0.948,1.048,1.036,-1.064,1.1,1.1,1.104,1.108,1.064,-1.068,-1.06,1.084,1.056,1.044,1.056,1.06,1.068,1.072,1.06,-1.084,-1.076,-1.072,-1.084,-1.08,1.1,1.104,1.1,1.104,1.1,-1.088,1.092,1.08,1.076,1.06,1,-0.992,-0.992,-0.992,-1.02,1.004,1.024,1.012,-1.004,-1.024,-1.056,-1.08,1.064,1.056,1.06,1.06,-1.036,1.004,1.004,-1.008,1.016,1.008,1.004,1,1.02,1.024,1.02,1.012,1.02,1.016,-1,-0.992,0.944,0.936,0.932,-1.068,-1.064,-1.076,1.048,-1.044,-1.064,-1.064,-1.08,-1.096,0.92,0.932,0.936,0.92,0.92,0.948,0.964,-0.948,-0.96,1.036,-1.056,-1.096,-1.104,1.084,1.08,1.1,1.112,-1.084,-1.092,1.052,1.052,1.064,1.072,1.076,-1.068,1.048,1.044,-1.06,1.052,1.04,1.04,1.036,1.024,-1.024,1.016,1.028,1.036,1.072,1.068,1.068,1.064,0.988,0.996,-1.028,-1.004,0.988,1.02,1.028,1.04,1.048
0.928,0.904,0.908,0.912,0.912,0.924,0.928,-0.948,-0.944,-0.924,-0.932,-0.916,-0.924,-0.92,0.956,0.972,-0.976,0.96,0.964,-0.968,0.912,0.908,0.908,-0.9,-0.92,-0.976,0.968,1.008,1.008,0.94,0.952,0.94,0.936,0.932,0.936,-0.992,-0.984,-0.972,0.956,0.952,-0.948,-0.94,0.936,0.952,-0.936,-0.932,-0.92,-0.92,-0.92,0.92,0.928,0.928,0.936,-1.04,-1.032,0.972,0.972,0.968,0.972,-0.968,0.92,-0.9,-0.904,0.92,-0.88,-0.892,0.904,0.896,0.924,0.928,0.916,0.908,0.912,0.92,-0.92,-0.96,-0.948,-0.952,-0.956,-0.932,-0.944,-0.948,1,1.004,1.008,1.012,1.032,-1.036,-1.036,-1.032,-1.04,-1.032,-1.024,-1.032,-1.036,-1.008,-0.976,-0.996,-1.008,1.024,-0.96,-0.956,-0.956,0.924,0.928,0.936,0.92,-0.924,-0.924,0.94,-0.936,0.964,0.96,-0.976,-0.996,0.964,0.956,0.968,1.028,1.02,1.012,0.996,0.968,0.94,-0.908,-0.92,-0.928,-0.924,-0.952,0.924,-0.888,-0.884,-0.88,-0.92,0.924,0.936,0.92,0.92,0.92,0.924,0.912,0.948,1.048,1.036,-1.064,-0.9,-0.9,-0.896,-0.892,-0.936,0.932,0.94,-0.916,-0.944,-0.956,-0.944,-0.94,-0.932,-0.928,-0.94,0.916,0.924,0.928,0.916,0.92,1.1,1.104,1.1,1.104,1.1,-1.088,1.092,1.08,1.076,1.06,-1,1.008,1.008,1.008,0.98,-0.996,-0.976,-0.988,0.996,0.976,0.944,0.92,-0.936,-0.944,-0.94,-0.94,0.964,-0.996,-0.996,0.992,-0.984,-0.992,-0.996,-1,-0.98,-0.976,-0.98,-0.988,-0.98,-0.984,-1,-0.992,0.944,0.936,0.932,0.932,0.936,0.924,-0.952,0.956,0.936,0.936,0.92,0.904,0.92,0.932,0.936,0.92,0.92,0.948,0.964,-0.948,-0.96,1.036,-1.056,-1.096,-1.104,1.084,1.08,1.1,1.112,-1.084,-1.092,-0.948,-0.948,-0.936,-0.928,-0.924,0.932,-0.952,-0.956,0.94,-0.948,-0.96,-0.96,-0.964,-0.976,0.976,-0.984,-0.972,-0.964,-0.928,-0.932,-0.932,-0.936,0.988,0.996,-1.028,-1.004,0.988,-0.98,-0.972,-0.96,-0.952
-1.072,-1.096,-1.092,-1.088,-1.088,-1.076,-1.072,1.052,1.056,1.076,1.068,1.084,1.076,1.08,-1.044,-1.028,-0.976,-1.04,-1.036,1.032,-1.088,-1.092,-1.092,1.1,1.08,1.024,-1.032,1.008,1.008,0.94,0.952,-1.06,-1.064,-1.068,-1.064,1.008,1.016,1.028,-1.044,-1.048,1.052,1.06,-1.064,-1.048,1.064,1.068,1.08,1.08,1.08,-1.08,-1.072,-1.072,-1.064,-1.04,-1.032,0.972,0.972,0.968,0.972,-0.968,-1.08,1.1,1.096,-1.08,1.12,1.108,-1.096,-1.104,-1.076,-1.072,-1.084,-1.092,-1.088,-1.08,1.08,1.04,1.052,1.048,1.044,1.068,1.056,1.052,-1,-0.996,-0.992,-0.988,-0.968,0.964,0.964,0.968,0.96,0.968,0.976,0.968,0.964,0.992,-0.976,-0.996,-1.008,1.024,1.04,1.044,1.044,-1.076,-1.072,-1.064,-1.08,1.076,1.076,-1.06,1.064,-1.036,-1.04,1.024,1.004,-1.036,-1.044,-1.032,1.028,1.02,1.012,0.996,0.968,0.94,-0.908,-0.92,-0.928,-0.924,-0.952,0.924,-0.888,-0.884,-0.88,1.08,-1.076,-1.064,-1.08,-1.08,-1.08,-1.076,-1.088,-1.052,-0.952,-0.964,0.936,-0.9,-0.9,-0.896,1.108,1.064,-1.068,-1.06,1.084,1.056,1.044,1.056,1.06,1.068,-0.928,-0.94,0.916,0.924,0.928,0.916,0.92,-0.9,-0.896,-0.9,-0.896,-0.9,0.912,-0.908,-0.92,-0.924,-0.94,1,-0.992,-0.992,-0.992,-1.02,1.004,1.024,1.012,-1.004,-1.024,-1.056,-1.08,1.064,1.056,1.06,1.06,0.964,-0.996,-0.996,0.992,-0.984,-0.992,-0.996,-1,-0.98,-0.976,-0.98,-0.988,-0.98,-0.984,1,1.008,-1.056,-1.064,-1.068,-1.068,-1.064,-1.076,1.048,-1.044,-1.064,-1.064,-1.08,-1.096,-1.08,-1.068,-1.064,-1.08,-1.08,0.948,0.964,-0.948,-0.96,1.036,-1.056,-1.096,-1.104,1.084,1.08,1.1,1.112,-1.084,-1.092,1.052,1.052,1.064,1.072,1.076,-1.068,1.048,1.044,-1.06,1.052,1.04,1.04,1.036,1.024,0.976,-0.984,-0.972,-0.964,-0.928,-0.932,-0.932,-0.936,-1.012,-1.004,0.972,0.996,-1.012,1.02,1.028,1.04,1.048
-1.072,-1.096,-1.092,-1.088,-1.088,-1.076,-1.072,1.052,1.056,1.076,1.068,1.084,1.076,1.08,-1.044,-1.028,-0.976,0.96,0.964,-0.968,0.912,0.908,0.908,-0.9,-0.92,1.024,-1.032,1.008,1.008,0.94,0.952,0.94,0.936,0.932,0.936,-0.992,-0.984,-0.972,0.956,0.952,-0.948,-0.94,0.936,0.952,-0.936,-0.932,-0.92,-0.92,-0.92,0.92,0.928,0.928,0.936,0.96,0.968,-1.028,-1.028,-1.032,-1.028,-0.968,0.92,-0.9,-0.904,0.92,-0.88,-0.892,0.904,0.896,0.924,0.928,0.916,0.908,0.912,0.92,-0.92,-0.96,-0.948,-0.952,-0.956,-0.932,-0.944,-0.948,1,1.004,1.008,1.012,1.032,-1.036,-1.036,-1.032,-1.04,-1.032,-1.024,-1.032,-1.036,-1.008,-0.976,-0.996,-1.008,-0.976,-0.96,-0.956,-0.956,0.924,0.928,0.936,0.92,-0.924,-0.924,0.94,-0.936,0.964,0.96,-0.976,-0.996,0.964,0.956,0.968,-0.972,-0.98,-0.988,-1.004,-1.032,-1.06,-0.908,-0.92,-0.928,-0.924,-0.952,0.924,-0.888,-0.884,-0.88,-0.92,0.924,0.936,-1.08,-1.08,-1.08,-1.076,-1.088,-1.052,-0.952,-0.964,0.936,-0.9,-0.9,-0.896,-0.892,-0.936,0.932,0.94,-0.916,-0.944,-0.956,-0.944,-0.94,-0.932,-0.928,-0.94,0.916,0.924,0.928,0.916,0.92,-0.9,-0.896,-0.9,-0.896,-0.9,0.912,-0.908,-0.92,-0.924,-0.94,-1,1.008,1.008,1.008,0.98,-0.996,-0.976,-0.988,0.996,0.976,0.944,0.92,-0.936,-0.944,-0.94,-0.94,0.964,1.004,1.004,-1.008,1.016,1.008,1.004,1,1.02,1.024,1.02,1.012,1.02,1.016,-1,-0.992,0.944,0.936,0.932,0.932,0.936,0.924,-0.952,0.956,0.936,0.936,0.92,0.904,0.92,0.932,0.936,0.92,0.92,-1.052,-1.036,1.052,1.04,-0.964,0.944,0.904,0.896,-0.916,-0.92,-0.9,-0.888,0.916,0.908,-0.948,-0.948,-0.936,-0.928,-0.924,0.932,-0.952,-0.956,0.94,-0.948,-0.96,-0.96,-0.964,-0.976,0.976,-0.984,-0.972,-0.964,-0.928,-0.932,-0.932,-0.936,-1.012,-1.004,0.972,-1.004,0.988,-0.98,-0.972,-0.96,-0.952
-1.072,-1.096,-1.092,-1.088,-1.088,-1.076,-1.072,1.052,1.056,1.076,1.068,1.084,1.076,1.08,-1.044,-1.028,-0.976,0.96,0.964,-0.968,-1.088,-1.092,-1.092,1.1,1.08,1.024,-1.032,1.008,1.008,0.94,0.952,0.94,0.936,0.932,0.936,-0.992,-0.984,-0.972,0.956,0.952,-0.948,-0.94,0.936,0.952,-0.936,-0.932,-0.92,1.08,1.08,-1.08,-1.072,-1.072,-1.064,-1.04,-1.032,-1.028,-1.028,-1.032,-1.028,1.032,-1.08,1.1,1.096,-1.08,1.12,1.108,-1.096,-1.104,-1.076,-1.072,-1.084,-1.092,-1.088,-1.08,1.08,1.04,-0.948,-0.952,-0.956,-0.932,-0.944,-0.948,1,1.004,1.008,1.012,1.032,-1.036,-1.036,-1.032,-1.04,-1.032,-1.024,-1.032,-1.036,-1.008,-0.976,-0.996,-1.008,1.024,1.04,1.044,1.044,-1.076,-1.072,-1.064,-1.08,1.076,1.076,-1.06,1.064,-1.036,-1.04,1.024,1.004,-1.036,-1.044,-1.032,1.028,1.02,1.012,0.996,0.968,0.94,-0.908,-0.92,-0.928,-0.924,-0.952,0.924,-0.888,-0.884,-0.88,1.08,-1.076,-1.064,-1.08,-1.08,-1.08,-1.076,-1.088,-1.052,1.048,1.036,-1.064,1.1,1.1,1.104,1.108,1.064,-1.068,-1.06,1.084,1.056,1.044,1.056,1.06,1.068,1.072,1.06,-1.084,-1.076,-1.072,-1.084,-1.08,1.1,1.104,1.1,1.104,1.1,-1.088,1.092,1.08,1.076,-0.94,1,-0.992,-0.992,-0.992,-1.02,1.004,1.024,1.012,-1.004,-1.024,-1.056,-1.08,1.064,1.056,1.06,1.06,-1.036,1.004,1.004,-1.008,1.016,1.008,1.004,1,1.02,1.024,1.02,1.012,1.02,1.016,-1,-0.992,0.944,0.936,0.932,0.932,0.936,0.924,1.048,-1.044,-1.064,-1.064,-1.08,-1.096,-1.08,-1.068,-1.064,-1.08,-1.08,-1.052,-1.036,1.052,1.04,1.036,-1.056,-1.096,-1.104,1.084,1.08,1.1,1.112,-1.084,-1.092,1.052,1.052,1.064,1.072,1.076,-1.068,-0.952,-0.956,0.94,-0.948,-0.96,-0.96,-0.964,-0.976,0.976,-0.984,-0.972,-0.964,-0.928,-0.932,-0.932,-0.936,-1.012,-1.004,0.972,0.996,-1.012,1.02,1.028,1.04,1.048
0.928,0.904,0.908,-1.088,-1.088,-1.076,-1.072,1.052,1.056,1.076,1.068,1.084,1.076,1.08,-1.044,-1.028,-0.976,0.96,0.964,-0.968,0.912,0.908,0.908,-0.9,-0.92,-0.976,0.968,1.008,1.008,0.94,0.952,0.94,0.936,0.932,0.936,-0.992,-0.984,-0.972,0.956,0.952,-0.948,-0.94,0.936,0.952,-0.936,-0.932,-0.92,-0.92,-0.92,0.92,0.928,0.928,0.936,0.96,0.968,-1.028,-1.028,-1.032,-1.028,1.032,-1.08,-0.9,-0.904,0.92,-0.88,-0.892,0.904,0.896,0.924,0.928,0.916,0.908,0.912,0.92,-0.92,-0.96,-0.948,-0.952,-0.956,-0.932,-0.944,-0.948,1,1.004,1.008,-0.988,-0.968,0.964,0.964,0.968,0.96,0.968,0.976,0.968,0.964,0.992,1.024,1.004,0.992,-0.976,-0.96,-0.956,-0.956,0.924,0.928,0.936,0.92,-0.924,-0.924,0.94,-0.936,0.964,0.96,-0.976,-0.996,-1.036,-1.044,-1.032,1.028,1.02,1.012,0.996,0.968,0.94,-0.908,-0.92,-0.928,-0.924,-0.952,0.924,-0.888,-0.884,-0.88,-0.92,0.924,0.936,0.92,0.92,0.92,0.924,0.912,-1.052,-0.952,-0.964,0.936,-0.9,-0.9,-0.896,-0.892,-0.936,0.932,0.94,-0.916,-0.944,-0.956,-0.944,-0.94,-0.932,-0.928,-0.94,0.916,0.924,0.928,0.916,0.92,-0.9,-0.896,-0.9,-0.896,-0.9,0.912,-0.908,-0.92,-0.924,1.06,-1,1.008,1.008,1.008,0.98,-0.996,-0.976,-0.988,0.996,0.976,0.944,0.92,-0.936,-0.944,-0.94,-0.94,0.964,-0.996,1.004,-1.008,1.016,1.008,1.004,1,1.02,1.024,1.02,1.012,1.02,1.016,-1,-0.992,0.944,0.936,0.932,0.932,0.936,0.924,-0.952,0.956,0.936,0.936,0.92,0.904,0.92,0.932,0.936,0.92,0.92,0.948,0.964,-0.948,-0.96,-0.964,0.944,0.904,0.896,-0.916,-0.92,-0.9,-0.888,0.916,0.908,-0.948,-0.948,-0.936,-0.928,-0.924,0.932,1.048,1.044,-1.06,1.052,1.04,1.04,1.036,1.024,-1.024,1.016,1.028,1.036,1.072,1.068,1.068,1.064,0.988,0.996,-1.028,-1.004,0.988,-0.98,-0.972,-0.96,-0.952
-1.072,-1.096,-1.092,-1.088,-1.088,-1.076,-1.072,1.052,1.056,1.076,1.068,1.084,1.076,1.08,-1.044,0.972,1.024,-1.04,-1.036,1.032,-1.088,-1.092,-1.092,1.1,1.08,1.024,-1.032,1.008,1.008,0.94,0.952,0.94,0.936,0.932,0.936,-0.992,-0.984,-0.972,-1.044,-1.048,1.052,1.06,-1.064,-1.048,1.064,1.068,1.08,1.08,1.08,-1.08,-1.072,-1.072,-1.064,-1.04,-1.032,0.972,0.972,0.968,0.972,-0.968,0.92,-0.9,-0.904,0.92,-0.88,-0.892,0.904,0.896,0.924,0.928,0.916,0.908,-1.088,-1.08,1.08,-0.96,-0.948,-0.952,-0.956,-0.932,-0.944,-0.948,1,1.004,1.008,1.012,1.032,-1.036,-1.036,-1.032,-1.04,-1.032,-1.024,-1.032,-1.036,-1.008,-0.976,-0.996,-1.008,1.024,1.04,1.044,1.044,-1.076,-1.072,-1.064,-1.08,1.076,1.076,-1.06,1.064,-1.036,0.96,-0.976,-0.996,0.964,0.956,0.968,-0.972,-0.98,-0.988,-1.004,-1.032,-1.06,1.092,1.08,1.072,1.076,1.048,-1.076,1.112,1.116,1.12,1.08,-1.076,-1.064,-1.08,-1.08,-1.08,-1.076,-1.088,-1.052,1.048,1.036,-1.064,1.1,1.1,1.104,1.108,1.064,-1.068,-1.06,1.084,1.056,1.044,1.056,1.06,1.068,1.072,1.06,-1.084,-1.076,-1.072,-1.084,-1.08,1.1,1.104,1.1,1.104,1.1,0.912,-0.908,-0.92,-0.924,-0.94,1,-0.992,-0.992,-0.992,-1.02,1.004,1.024,1.012,-1.004,-1.024,-1.056,-1.08,1.064,1.056,1.06,1.06,0.964,-0.996,-0.996,0.992,-0.984,-0.992,-0.996,-1,-0.98,-0.976,-0.98,-0.988,-0.98,-0.984,1,1.008,-1.056,-1.064,-1.068,-1.068,-1.064,-1.076,1.048,-1.044,-1.064,-1.064,-1.08,-1.096,-1.08,-1.068,-1.064,-1.08,-1.08,-1.052,-1.036,1.052,1.04,-0.964,0.944,0.904,0.896,-0.916,-0.92,-0.9,-0.888,-1.084,-1.092,1.052,1.052,1.064,1.072,1.076,0.932,-0.952,-0.956,0.94,-0.948,-0.96,-0.96,-0.964,-0.976,0.976,-0.984,-0.972,-0.964,-0.928,-0.932,-0.932,-0.936,-1.012,-1.004,0.972,0.996,-1.012,1.02,1.028,1.04,1.048
-1.072,-1.096,-1.092,0.912,0.912,0.924,0.928,-0.948,-0.944,-0.924,-0.932,-0.916,-0.924,-0.92,0.956,0.972,1.024,-1.04,-1.036,1.032,-1.088,-1.092,-1.092,1.1,1.08,1.024,-1.032,1.008,1.008,0.94,0.952,0.94,0.936,0.932,0.936,-0.992,-0.984,-0.972,-1.044,-1.048,1.052,1.06,-1.064,-1.048,1.064,1.068,1.08,1.08,1.08,-1.08,-1.072,-1.072,-1.064,-1.04,-1.032,0.972,0.972,0.968,0.972,-0.968,0.92,-0.9,-0.904,-1.08,1.12,1.108,-1.096,-1.104,-1.076,-1.072,-1.084,-1.092,-1.088,-1.08,1.08,1.04,1.052,1.048,1.044,1.068,1.056,1.052,-1,-0.996,-0.992,-0.988,-0.968,0.964,0.964,0.968,0.96,0.968,0.976,0.968,0.964,0.992,1.024,1.004,0.992,-0.976,-0.96,-0.956,-0.956,-1.076,-1.072,-1.064,-1.08,1.076,1.076,0.94,-0.936,0.964,0.96,-0.976,-0.996,0.964,0.956,0.968,-0.972,-0.98,-0.988,-1.004,-1.032,-1.06,1.092,1.08,1.072,1.076,1.048,-1.076,1.112,1.116,1.12,1.08,-1.076,-1.064,-1.08,-1.08,-1.08,-1.076,-1.088,0.948,1.048,1.036,-1.064,1.1,1.1,1.104,1.108,1.064,-1.068,-1.06,1.084,1.056,1.044,1.056,1.06,1.068,1.072,1.06,-1.084,-1.076,-1.072,-1.084,-1.08,1.1,1.104,1.1,1.104,1.1,-1.088,1.092,1.08,1.076,1.06,-1,1.008,1.008,-0.992,-1.02,1.004,1.024,1.012,-1.004,-1.024,-1.056,-1.08,1.064,1.056,1.06,1.06,-1.036,1.004,1.004,-1.008,1.016,1.008,1.004,1,1.02,1.024,1.02,1.012,1.02,1.016,-1,-0.992,0.944,0.936,0.932,-1.068,-1.064,-1.076,1.048,-1.044,-1.064,-1.064,-1.08,-1.096,-1.08,-1.068,-1.064,-1.08,-1.08,-1.052,-1.036,1.052,1.04,1.036,-1.056,-1.096,-1.104,1.084,1.08,1.1,1.112,-1.084,-1.092,1.052,1.052,1.064,1.072,1.076,-1.068,1.048,1.044,-1.06,1.052,1.04,1.04,1.036,1.024,-1.024,1.016,1.028,1.036,1.072,1.068,1.068,1.064,0.988,0.996,-1.028,-1.004,0.988,1.02,1.028,1.04,1.048
0.928,0.904,0.908,0.912,0.912,0.924,0.928,-0.948,-0.944,-0.924,-0.932,-0.916,-0.924,-0.92,0.956,0.972,1.024,0.96,0.964,-0.968,0.912,0.908,0.908,-0.9,-0.92,1.024,-1.032,1.008,1.008,0.94,0.952,0.94,0.936,0.932,0.936,-0.992,-0.984,-0.972,0.956,0.952,-0.948,-0.94,0.936,0.952,-0.936,-0.932,-0.92,-0.92,-0.92,0.92,0.928,0.928,0.936,0.96,0.968,0.972,0.972,0.968,0.972,-0.968,0.92,-0.9,-0.904,0.92,-0.88,-0.892,0.904,0.896,0.924,0.928,0.916,0.908,0.912,0.92,-0.92,-0.96,-0.948,-0.952,-0.956,-0.932,-0.944,-0.948,1,1.004,1.008,1.012,1.032,-1.036,-1.036,-1.032,-1.04,-1.032,-1.024,-1.032,-1.036,0.992,1.024,1.004,0.992,-0.976,-0.96,-0.956,-0.956,0.924,0.928,0.936,0.92,-0.924,-0.924,0.94,-0.936,0.964,0.96,-0.976,-0.996,0.964,0.956,0.968,1.028,1.02,1.012,0.996,0.968,0.94,-0.908,-0.92,-0.928,-0.924,-0.952,0.924,-0.888,-0.884,-0.88,-0.92,0.924,-1.064,-1.08,-1.08,-1.08,-1.076,-1.088,-1.052,-0.952,-0.964,0.936,-0.9,-0.9,-0.896,-0.892,-0.936,0.932,0.94,-0.916,-0.944,-0.956,-0.944,-0.94,-0.932,-0.928,-0.94,0.916,0.924,0.928,0.916,0.92,-0.9,-0.896,-0.9,-0.896,-0.9,0.912,-0.908,-0.92,-0.924,-0.94,1,-0.992,-0.992,-0.992,-1.02,-0.996,-0.976,-0.988,0.996,0.976,0.944,0.92,-0.936,-0.944,-0.94,-0.94,0.964,-0.996,-0.996,0.992,-0.984,-0.992,-0.996,-1,-0.98,-0.976,-0.98,-0.988,-0.98,-0.984,1,1.008,-1.056,0.936,0.932,0.932,0.936,0.924,-0.952,0.956,0.936,0.936,0.92,0.904,0.92,0.932,0.936,0.92,0.92,0.948,0.964,-0.948,-0.96,-0.964,0.944,0.904,0.896,-0.916,-0.92,-0.9,-0.888,0.916,0.908,-0.948,-0.948,-0.936,-0.928,-0.924,0.932,-0.952,-0.956,0.94,-0.948,-0.96,-0.96,-0.964,1.024,-1.024,1.016,1.028,1.036,1.072,1.068,1.068,1.064,0.988,0.996,-1.028,-1.004,0.988,-0.98,-0.972,-0.96,-0.952
-1.072,-1.096,-1.092,-1.088,-1.088,-1.076,-1.072,1.052,1.056,1.076,1.068,1.084,1.076,1.08,-1.044,-1.028,-0.976,0.96,0.964,-0.968,-1.088,-1.092,-1.092,1.1,1.08,1.024,-1.032,1.008,1.008,0.94,0.952,0.94,0.936,0.932,0.936,-0.992,-0.984,-0.972,0.956,0.952,-0.948,1.06,-1.064,-1.048,1.064,1.068,1.08,1.08,1.08,-1.08,-1.072,-1.072,-1.064,-1.04,-1.032,0.972,0.972,0.968,0.972,-0.968,0.92,-0.9,-0.904,-1.08,1.12,1.108,-1.096,-1.104,-1.076,-1.072,-1.084,-1.092,-1.088,-1.08,1.08,1.04,1.052,1.048,1.044,1.068,1.056,1.052,-1,-0.996,-0.992,-0.988,-0.968,0.964,0.964,0.968,0.96,0.968,0.976,0.968,0.964,0.992,1.024,1.004,0.992,-0.976,-0.96,-0.956,-0.956,0.924,0.928,0.936,-1.08,1.076,1.076,-1.06,1.064,-1.036,-1.04,1.024,1.004,-1.036,-1.044,-1.032,1.028,1.02,1.012,0.996,0.968,0.94,-0.908,-0.92,-0.928,-0.924,1.048,-1.076,1.112,1.116,1.12,1.08,-1.076,0.936,0.92,0.92,0.92,0.924,0.912,0.948,1.048,1.036,-1.064,1.1,1.1,1.104,1.108,1.064,-1.068,0.94,-0.916,-0.944,-0.956,-0.944,-0.94,-0.932,-0.928,-0.94,0.916,0.924,0.928,0.916,0.92,-0.9,-0.896,-0.9,-0.896,-0.9,0.912,-0.908,-0.92,-0.924,-0.94,1,-0.992,-0.992,-0.992,-1.02,1.004,1.024,1.012,-1.004,-1.024,-1.056,-1.08,1.064,1.056,1.06,1.06,-1.036,1.004,1.004,-1.008,1.016,1.008,-0.996,-1,-0.98,-0.976,-0.98,-0.988,-0.98,-0.984,1,1.008,-1.056,-1.064,-1.068,-1.068,-1.064,-1.076,1.048,-1.044,-1.064,-1.064,-1.08,-1.096,-1.08,-1.068,-1.064,-1.08,-1.08,0.948,0.964,-0.948,-0.96,1.036,-1.056,-1.096,-1.104,1.084,1.08,1.1,1.112,-1.084,-1.092,1.052,1.052,1.064,1.072,1.076,-1.068,1.048,1.044,-1.06,1.052,1.04,1.04,1.036,1.024,-1.024,1.016,1.028,1.036,1.072,1.068,1.068,1.064,0.988,0.996,-1.028,-1.004,0.988,-0.98,1.028,1.04,1.048
-1.072,-1.096,-1.092,-1.088,-1.088,-1.076,-1.072,1.052,1.056,1.076,1.068,1.084,1.076,-0.92,0.956,0.972,1.024,-1.04,-1.036,1.032,-1.088,-1.092,-1.092,1.1,1.08,1.024,-1.032,1.008,1.008,0.94,0.952,-1.06,-1.064,-1.068,-1.064,1.008,1.016,1.028,-1.044,-1.048,1.052,1.06,-1.064,-1.048,1.064,1.068,1.08,1.08,1.08,-1.08,-1.072,-1.072,-1.064,-1.04,-1.032,-1.028,-1.028,-1.032,-1.028,1.032,-1.08,1.1,1.096,-1.08,1.12,1.108,-1.096,-1.104,-1.076,-1.072,-1.084,-1.092,-1.088,-1.08,1.08,1.04,1.052,1.048,1.044,1.068,1.056,1.052,-1,-0.996,-0.992,-0.988,-0.968,0.964,0.964,0.968,0.96,0.968,0.976,0.968,0.964,-1.008,-0.976,-0.996,-1.008,1.024,1.04,1.044,1.044,-1.076,-1.072,-1.064,-1.08,1.076,1.076,-1.06,1.064,-1.036,0.96,-0.976,-0.996,0.964,0.956,0.968,-0.972,-0.98,-0.988,-1.004,-1.032,-1.06,1.092,1.08,1.072,1.076,1.048,-1.076,1.112,1.116,1.12,1.08,-1.076,-1.064,-1.08,-1.08,-1.08,-1.076,-1.088,0.948,1.048,1.036,-1.064,1.1,1.1,1.104,1.108,1.064,-1.068,-1.06,1.084,1.056,1.044,1.056,1.06,1.068,1.072,1.06,0.916,0.924,0.928,0.916,0.92,-0.9,-0.896,-0.9,-0.896,-0.9,0.912,-0.908,-0.92,-0.924,-0.94,1,-0.992,-0.992,-0.992,-1.02,1.004,1.024,1.012,-1.004,-1.024,-1.056,-1.08,1.064,1.056,1.06,1.06,-1.036,1.004,1.004,-1.008,1.016,1.008,-0.996,-1,-0.98,-0.976,-0.98,-0.988,-0.98,-0.984,1,1.008,-1.056,-1.064,-1.068,-1.068,-1.064,-1.076,1.048,-1.044,-1.064,-1.064,-1.08,-1.096,-1.08,-1.068,-1.064,-1.08,-1.08,0.948,0.964,-0.948,-0.96,1.036,-1.056,-1.096,-1.104,1.084,1.08,1.1,1.112,-1.084,-1.092,1.052,1.052,1.064,1.072,1.076,-1.068,1.048,1.044,-1.06,1.052,1.04,1.04,1.036,1.024,-1.024,1.016,1.028,1.036,1.072,1.068,1.068,1.064,-1.012,-1.004,0.972,0.996,-1.012,1.02,1.028,1.04,1.048
0.928,0.904,0.908,0.912,0.912,0.924,0.928,-0.948,-0.944,-0.924,-0.932,-0.916,-0.924,-0.92,0.956,0.972,1.024,0.96,0.964,-0.968,0.912,0.908,0.908,-0.9,-0.92,-0.976,0.968,-0.992,-0.992,-1.06,-1.048,-1.06,-1.064,-1.068,-1.064,1.008,1.016,1.028,-1.044,-1.048,1.052,1.06,0.936,0.952,-0.936,-0.932,-0.92,-0.92,-0.92,0.92,0.928,0.928,0.936,0.96,0.968,0.972,0.972,0.968,0.972,-0.968,0.92,-0.9,-0.904,0.92,-0.88,-0.892,0.904,0.896,0.924,0.928,0.916,0.908,0.912,0.92,-0.92,1.04,1.052,1.048,1.044,1.068,1.056,1.052,-1,-0.996,-0.992,-0.988,-0.968,0.964,0.964,0.968,0.96,0.968,0.976,0.968,0.964,0.992,1.024,1.004,0.992,-0.976,-0.96,-0.956,-0.956,0.924,0.928,0.936,0.92,-0.924,-0.924,0.94,-0.936,0.964,0.96,-0.976,-0.996,-1.036,-1.044,-1.032,1.028,1.02,1.012,0.996,0.968,0.94,-0.908,-0.92,-0.928,-0.924,-0.952,0.924,-0.888,-0.884,-0.88,-0.92,0.924,0.936,0.92,0.92,0.92,0.924,0.912,-1.052,-0.952,-0.964,0.936,-0.9,-0.9,-0.896,-0.892,-0.936,0.932,0.94,-0.916,-0.944,-0.956,-0.944,-0.94,-0.932,-0.928,-0.94,0.916,0.924,0.928,0.916,0.92,-0.9,-0.896,-0.9,-0.896,-0.9,0.912,-0.908,-0.92,-0.924,-0.94,-1,1.008,1.008,1.008,0.98,-0.996,-0.976,-0.988,0.996,0.976,0.944,0.92,-0.936,-0.944,-0.94,-0.94,0.964,-0.996,-0.996,0.992,-0.984,-0.992,-0.996,1,1.02,1.024,1.02,1.012,1.02,1.016,-1,-0.992,0.944,0.936,0.932,0.932,0.936,0.924,-0.952,0.956,0.936,0.936,0.92,0.904,0.92,0.932,0.936,0.92,0.92,-1.052,-1.036,1.052,1.04,-0.964,0.944,0.904,0.896,-0.916,-0.92,-0.9,-0.888,0.916,0.908,-0.948,-0.948,-0.936,-0.928,-0.924,0.932,-0.952,-0.956,0.94,-0.948,-0.96,-0.96,-0.964,-0.976,0.976,-0.984,-0.972,-0.964,-0.928,-0.932,-0.932,-0.936,0.988,0.996,-1.028,-1.004,0.988,-0.98,-0.972,-0.96,-0.952
0.928,0.904,0.908,-1.088,-1.088,-1.076,-1.072,1.052,1.056,1.076,1.068,1.084,1.076,1.08,-1.044,-1.028,-0.976,0.96,0.964,-0.968,0.912,0.908,0.908,-0.9,-0.92,1.024,-1.032,1.008,1.008,0.94,0.952,0.94,0.936,0.932,0.936,-0.992,-0.984,-0.972,0.956,0.952,-0.948,-0.94,0.936,0.952,-0.936,-0.932,-0.92,-0.92,-0.92,0.92,0.928,0.928,0.936,0.96,0.968,-1.028,-1.028,-1.032,-1.028,1.032,-1.08,1.1,1.096,-1.08,1.12,1.108,0.904,0.896,0.924,0.928,0.916,0.908,0.912,0.92,-0.92,-0.96,-0.948,-0.952,-0.956,-0.932,-0.944,-0.948,1,1.004,1.008,1.012,1.032,-1.036,-1.036,-1.032,-1.04,-1.032,-1.024,-1.032,-1.036,-1.008,-0.976,-0.996,-1.008,1.024,1.04,1.044,1.044,0.924,0.928,0.936,0.92,1.076,1.076,-1.06,1.064,-1.036,-1.04,1.024,1.004,-1.036,-1.044,-1.032,1.028,1.02,1.012,0.996,0.968,0.94,-0.908,-0.92,-0.928,-0.924,-0.952,0.924,-0.888,-0.884,-0.88,-0.92,0.924,0.936,0.92,0.92,0.92,0.924,0.912,-1.052,-0.952,-0.964,0.936,-0.9,-0.9,-0.896,-0.892,-0.936,0.932,0.94,-0.916,-0.944,-0.956,-0.944,-0.94,-0.932,-0.928,-0.94,0.916,0.924,0.928,0.916,0.92,-0.9,1.104,1.1,1.104,1.1,-1.088,1.092,1.08,1.076,1.06,-1,1.008,1.008,1.008,0.98,-0.996,-0.976,-0.988,0.996,0.976,0.944,0.92,-0.936,-0.944,-0.94,-0.94,0.964,-0.996,-0.996,-1.008,1.016,1.008,1.004,1,1.02,1.024,1.02,1.012,1.02,1.016,-1,-0.992,0.944,0.936,0.932,0.932,0.936,0.924,-0.952,0.956,0.936,0.936,0.92,0.904,0.92,0.932,0.936,0.92,0.92,-1.052,-1.036,1.052,1.04,-0.964,0.944,0.904,0.896,-0.916,-0.92,-0.9,-0.888,0.916,0.908,1.052,1.052,1.064,1.072,1.076,-1.068,1.048,1.044,-1.06,1.052,1.04,1.04,1.036,1.024,-1.024,1.016,1.028,1.036,1.072,1.068,1.068,1.064,0.988,0.996,-1.028,-1.004,0.988,-0.98,-0.972,-0.96,-0.952
0.928,0.904,0.908,-1.088,-1.088,-1.076,-1.072,1.052,1.056,1.076,1.068,1.084,1.076,1.08,-1.044,-1.028,-0.976,0.96,0.964,-0.968,0.912,0.908,0.908,-0.9,-0.92,-0.976,0.968,-0.992,-0.992,-1.06,-1.048,-1.06,-1.064,-1.068,-1.064,1.008,1.016,1.028,0.956,0.952,-0.948,-0.94,0.936,0.952,-0.936,-0.932,-0.92,-0.92,-0.92,0.92,0.928,0.928,0.936,0.96,0.968,0.972,0.972,0.968,0.972,-0.968,0.92,-0.9,-0.904,0.92,-0.88,-0.892,0.904,0.896,0.924,0.928,0.916,0.908,0.912,0.92,-0.92,-0.96,-0.948,-0.952,-0.956,-0.932,-0.944,-0.948,1,1.004,-0.992,-0.988,-0.968,0.964,0.964,0.968,0.96,0.968,0.976,0.968,0.964,0.992,1.024,1.004,0.992,-0.976,-0.96,-0.956,-0.956,0.924,0.928,0.936,0.92,-0.924,-0.924,0.94,-0.936,0.964,0.96,-0.976,-0.996,-1.036,-1.044,-1.032,1.028,1.02,1.012,0.996,0.968,0.94,-0.908,-0.92,-0.928,-0.924,-0.952,0.924,-0.888,-0.884,-0.88,-0.92,0.924,-1.064,-1.08,-1.08,-1.08,-1.076,-1.088,-1.052,-0.952,-0.964,0.936,-0.9,-0.9,-0.896,-0.892,-0.936,0.932,0.94,-0.916,-0.944,-0.956,-0.944,-0.94,-0.932,-0.928,-0.94,0.916,0.924,0.928,0.916,0.92,-0.9,-0.896,-0.9,-0.896,-0.9,0.912,1.092,1.08,1.076,1.06,-1,1.008,1.008,1.008,0.98,-0.996,-0.976,-0.988,0.996,0.976,0.944,0.92,-0.936,-0.944,-0.94,-0.94,-1.036,1.004,1.004,-1.008,1.016,1.008,1.004,1,1.02,1.024,1.02,1.012,1.02,1.016,-1,-0.992,0.944,0.936,0.932,0.932,0.936,0.924,-0.952,0.956,0.936,0.936,0.92,0.904,0.92,0.932,0.936,0.92,0.92,0.948,0.964,-0.948,-0.96,-0.964,0.944,0.904,0.896,-0.916,-0.92,-0.9,-0.888,0.916,0.908,-0.948,-0.948,-0.936,-0.928,-0.924,0.932,-0.952,-0.956,0.94,-0.948,-0.96,-0.96,-0.964,-0.976,0.976,-0.984,-0.972,-0.964,-0.928,-0.932,1.068,1.064,0.988,0.996,-1.028,-1.004,0.988,-0.98,-0.972,-0.96,-0.952
0.928,0.904,0.908,0.912,0.912,0.924,0.928,-0.948,-0.944,-0.924,-0.932,-0.916,-0.924,-0.92,0.956,0.972,1.024,-1.04,-1.036,1.032,0.912,0.908,0.908,-0.9,-0.92,-0.976,0.968,-0.992,1.008,0.94,0.952,0.94,0.936,0.932,0.936,-0.992,-0.984,-0.972,0.956,0.952,-0.948,-0.94,0.936,0.952,-0.936,-0.932,-0.92,-0.92,-0.92,0.92,0.928,0.928,0.936,0.96,0.968,-1.028,-1.028,-1.032,-1.028,1.032,0.92,-0.9,-0.904,0.92,-0.88,-0.892,0.904,0.896,0.924,0.928,0.916,0.908,0.912,0.92,-0.92,-0.96,-0.948,1.048,1.044,1.068,1.056,1.052,-1,-0.996,-0.992,-0.988,-0.968,0.964,0.964,0.968,0.96,0.968,0.976,0.968,0.964,0.992,1.024,1.004,0.992,-0.976,-0.96,-0.956,-0.956,0.924,0.928,0.936,0.92,-0.924,-0.924,0.94,-0.936,0.964,0.96,-0.976,-0.996,0.964,0.956,0.968,-0.972,-0.98,-0.988,-1.004,-1.032,-1.06,1.092,1.08,1.072,1.076,1.048,-1.076,1.112,1.116,-0.88,-0.92,0.924,-1.064,-1.08,-1.08,-1.08,-1.076,-1.088,-1.052,-0.952,-0.964,0.936,-0.9,-0.9,-0.896,-0.892,-0.936,0.932,0.94,-0.916,-0.944,-0.956,-0.944,-0.94,-0.932,-0.928,-0.94,0.916,0.924,0.928,0.916,0.92,-0.9,-0.896,1.1,1.104,1.1,-1.088,1.092,1.08,1.076,1.06,-1,1.008,1.008,1.008,0.98,-0.996,-0.976,-0.988,0.996,0.976,0.944,0.92,-0.936,-0.944,-0.94,-0.94,0.964,-0.996,-0.996,0.992,1.016,1.008,1.004,1,1.02,1.024,1.02,1.012,1.02,1.016,-1,-0.992,0.944,0.936,0.932,0.932,0.936,0.924,-0.952,0.956,0.936,0.936,0.92,0.904,-1.08,-1.068,-1.064,-1.08,-1.08,-1.052,-1.036,1.052,1.04,-0.964,0.944,0.904,0.896,-0.916,-0.92,-0.9,-0.888,0.916,0.908,-0.948,-0.948,-0.936,-0.928,-0.924,0.932,-0.952,-0.956,0.94,-0.948,-0.96,-0.96,-0.964,-0.976,0.976,-0.984,-0.972,-0.964,-0.928,-0.932,-0.932,-0.936,-1.012,-1.004,0.972,0.996,-1.012,1.02,1.028,-0.96,-0.952
-1.072,-1.096,0.908,0.912,0.912,0.924,0.928,-0.948,-0.944,-0.924,-0.932,-0.916,-0.924,-0.92,0.956,0.972,1.024,-1.04,-1.036,1.032,-1.088,-1.092,-1.092,1.1,1.08,1.024,-1.032,1.008,1.008,0.94,0.952,-1.06,-1.064,-1.068,-1.064,1.008,1.016,1.028,-1.044,-1.048,1.052,1.06,-1.064,-1.048,1.064,1.068,1.08,1.08,1.08,-1.08,-1.072,-1.072,-1.064,-1.04,-1.032,0.972,0.972,0.968,0.972,-0.968,0.92,-0.9,-0.904,0.92,-0.88,-0.892,0.904,0.896,-1.076,-1.072,-1.084,-1.092,-1.088,-1.08,1.08,1.04,1.052,1.048,1.044,1.068,1.056,1.052,-1,-0.996,-0.992,-0.988,-0.968,-1.036,-1.036,-1.032,-1.04,-1.032,-1.024,-1.032,-1.036,-1.008,-0.976,-0.996,-1.008,1.024,1.04,1.044,1.044,-1.076,-1.072,-1.064,-1.08,1.076,1.076,-1.06,1.064,-1.036,0.96,-0.976,-0.996,0.964,0.956,0.968,-0.972,-0.98,-0.988,-1.004,-1.032,-1.06,1.092,1.08,1.072,1.076,1.048,-1.076,1.112,1.116,1.12,1.08,-1.076,-1.064,-1.08,-1.08,-1.08,-1.076,-1.088,0.948,1.048,1.036,-1.064,1.1,1.1,1.104,1.108,1.064,-1.068,-1.06,1.084,1.056,1.044,1.056,1.06,1.068,1.072,1.06,-1.084,-1.076,-1.072,-1.084,-1.08,1.1,1.104,1.1,1.104,1.1,-1.088,1.092,1.08,1.076,-0.94,1,-0.992,-0.992,-0.992,-1.02,1.004,1.024,1.012,-1.004,-1.024,-1.056,-1.08,1.064,1.056,1.06,1.06,-1.036,1.004,1.004,-1.008,1.016,1.008,1.004,1,-0.98,-0.976,-0.98,-0.988,-0.98,-0.984,1,1.008,-1.056,-1.064,-1.068,-1.068,-1.064,-1.076,1.048,-1.044,-1.064,-1.064,-1.08,-1.096,0.92,0.932,0.936,0.92,0.92,0.948,0.964,-0.948,-0.96,1.036,-1.056,-1.096,-1.104,1.084,1.08,1.1,1.112,-1.084,-1.092,1.052,1.052,1.064,1.072,1.076,-1.068,1.048,1.044,-1.06,1.052,1.04,1.04,1.036,1.024,-1.024,1.016,1.028,1.036,1.072,1.068,1.068,1.064,0.988,0.996,-1.028,-1.004,0.988,1.02,1.028,1.04,1.048
0.928,0.904,0.908,0.912,0.912,0.924,0.928,-0.948,1.056,1.076,1.068,1.084,1.076,1.08,-1.044,-1.028,-0.976,0.96,0.964,-0.968,0.912,0.908,0.908,-0.9,-0.92,-0.976,0.968,-0.992,-0.992,-1.06,-1.048,0.94,0.936,0.932,0.936,-0.992,-0.984,-0.972,0.956,0.952,-0.948,-0.94,0.936,0.952,-0.936,-0.932,-0.92,-0.92,-0.92,0.92,0.928,0.928,0.936,0.96,0.968,-1.028,-1.028,-1.032,-1.028,1.032,-1.08,1.1,1.096,-1.08,1.12,-0.892,0.904,0.896,0.924,0.928,0.916,0.908,0.912,0.92,-0.92,-0.96,-0.948,-0.952,-0.956,-0.932,-0.944,-0.948,1,1.004,1.008,1.012,1.032,-1.036,-1.036,-1.032,-1.04,-1.032,-1.024,-1.032,-1.036,-1.008,1.024,1.004,0.992,-0.976,-0.96,-0.956,-0.956,0.924,0.928,0.936,0.92,1.076,1.076,-1.06,1.064,-1.036,-1.04,1.024,1.004,-1.036,-1.044,-1.032,1.028,1.02,1.012,0.996,0.968,0.94,-0.908,-0.92,-0.928,-0.924,-0.952,0.924,-0.888,-0.884,-0.88,-0.92,0.924,0.936,0.92,0.92,0.92,0.924,0.912,-1.052,-0.952,-0.964,0.936,-0.9,-0.9,-0.896,-0.892,-0.936,0.932,0.94,-0.916,-0.944,-0.956,-0.944,-0.94,-0.932,-0.928,-0.94,0.916,0.924,0.928,0.916,0.92,-0.9,-0.896,-0.9,-0.896,-0.9,0.912,-0.908,-0.92,-0.924,-0.94,1,-0.992,-0.992,-0.992,-1.02,1.004,-0.976,-0.988,0.996,0.976,0.944,0.92,-0.936,-0.944,-0.94,-0.94,-1.036,1.004,1.004,-1.008,1.016,1.008,1.004,1,1.02,1.024,1.02,1.012,1.02,1.016,-1,-0.992,0.944,0.936,0.932,0.932,0.936,0.924,-0.952,0.956,0.936,0.936,0.92,0.904,0.92,0.932,0.936,0.92,0.92,0.948,0.964,-0.948,-0.96,-0.964,0.944,0.904,0.896,-0.916,-0.92,-0.9,-0.888,0.916,0.908,-0.948,-0.948,-0.936,-0.928,-0.924,0.932,-0.952,-0.956,0.94,-0.948,-0.96,-0.96,-0.964,-0.976,0.976,-0.984,-0.972,-0.964,-0.928,-0.932,-0.932,-0.936,-1.012,-1.004,0.972,-1.004,0.988,-0.98,-0.972,-0.96,-0.952
-1.072,-1.096,-1.092,-1.088,-1.088,-1.076,-1.072,-0.948,-0.944,-0.924,-0.932,-0.916,-0.924,-0.92,0.956,0.972,1.024,-1.04,-1.036,1.032,-1.088,-1.092,-1.092,1.1,1.08,1.024,-1.032,1.008,1.008,-1.06,-1.048,-1.06,-1.064,-1.068,-1.064,1.008,1.016,1.028,-1.044,-1.048,1.052,1.06,-1.064,-1.048,1.064,1.068,1.08,1.08,1.08,-1.08,-1.072,-1.072,-1.064,-1.04,-1.032,-1.028,-1.028,-1.032,-1.028,1.032,-1.08,1.1,1.096,-1.08,1.12,1.108,-1.096,-1.104,-1.076,-1.072,-1.084,-1.092,-1.088,-1.08,1.08,1.04,1.052,1.048,1.044,1.068,1.056,1.052,1,1.004,1.008,1.012,1.032,-1.036,-1.036,-1.032,-1.04,-1.032,-1.024,-1.032,-1.036,-1.008,-0.976,-0.996,-1.008,1.024,1.04,1.044,1.044,-1.076,-1.072,-1.064,-1.08,1.076,1.076,-1.06,1.064,-1.036,-1.04,1.024,1.004,-1.036,-1.044,-1.032,1.028,1.02,1.012,0.996,0.968,0.94,-0.908,-0.92,-0.928,-0.924,-0.952,-1.076,1.112,1.116,1.12,1.08,-1.076,-1.064,-1.08,-1.08,-1.08,-1.076,-1.088,0.948,1.048,1.036,-1.064,1.1,1.1,1.104,1.108,1.064,-1.068,-1.06,1.084,1.056,1.044,1.056,1.06,1.068,1.072,1.06,-1.084,-1.076,-1.072,0.916,0.92,-0.9,-0.896,-0.9,-0.896,-0.9,0.912,-0.908,-0.92,-0.924,-0.94,1,-0.992,-0.992,-0.992,-1.02,1.004,1.024,1.012,-1.004,-1.024,-1.056,-1.08,1.064,1.056,1.06,1.06,-1.036,1.004,1.004,-1.008,-0.984,-0.992,-0.996,-1,-0.98,-0.976,-0.98,-0.988,-0.98,-0.984,1,1.008,-1.056,-1.064,-1.068,-1.068,-1.064,-1.076,1.048,-1.044,-1.064,-1.064,-1.08,-1.096,-1.08,-1.068,0.936,0.92,0.92,0.948,0.964,-0.948,-0.96,1.036,-1.056,-1.096,-1.104,1.084,1.08,1.1,1.112,-1.084,-1.092,1.052,1.052,1.064,1.072,1.076,-1.068,1.048,1.044,-1.06,1.052,1.04,1.04,1.036,1.024,-1.024,1.016,-0.972,-0.964,-0.928,-0.932,-0.932,-0.936,-1.012,-1.004,0.972,0.996,-1.012,1.02,1.028,1.04,1.048
-1.072,-1.096,-1.092,-1.088,-1.088,-1.076,-1.072,1.052,1.056,1.076,1.068,1.084,1.076,1.08,-1.044,-1.028,-0.976,0.96,0.964,-0.968,0.912,0.908,0.908,1.1,1.08,1.024,-1.032,1.008,1.008,0.94,0.952,0.94,0.936,0.932,0.936,-0.992,-0.984,-0.972,0.956,0.952,-0.948,-0.94,0.936,0.952,-0.936,-0.932,-0.92,-0.92,1.08,-1.08,-1.072,-1.072,-1.064,-1.04,-1.032,0.972,0.972,0.968,0.972,-0.968,0.92,-0.9,-0.904,0.92,-0.88,-0.892,-1.096,-1.104,-1.076,-1.072,-1.084,-1.092,-1.088,-1.08,1.08,1.04,1.052,1.048,1.044,1.068,1.056,1.052,-1,1.004,1.008,1.012,1.032,-1.036,-1.036,-1.032,-1.04,-1.032,-1.024,-1.032,-1.036,-1.008,-0.976,-0.996,-1.008,1.024,1.04,1.044,1.044,-1.076,-1.072,-1.064,-1.08,1.076,1.076,-1.06,1.064,-1.036,-1.04,1.024,1.004,-1.036,-1.044,-1.032,1.028,1.02,1.012,0.996,-1.032,-1.06,1.092,1.08,1.072,1.076,1.048,-1.076,1.112,1.116,1.12,1.08,-1.076,0.936,0.92,0.92,0.92,0.924,0.912,0.948,1.048,1.036,-1.064,1.1,1.1,1.104,1.108,1.064,-1.068,-1.06,1.084,1.056,1.044,1.056,1.06,1.068,1.072,1.06,-1.084,-1.076,-1.072,-1.084,-1.08,1.1,1.104,1.1,1.104,1.1,-1.088,1.092,1.08,-0.924,-0.94,1,-0.992,-0.992,-0.992,-1.02,1.004,1.024,1.012,-1.004,-1.024,-1.056,-1.08,1.064,1.056,1.06,1.06,-1.036,1.004,1.004,-1.008,1.016,1.008,1.004,1,1.02,1.024,1.02,1.012,1.02,1.016,-1,-0.992,-1.056,-1.064,-1.068,-1.068,-1.064,-1.076,1.048,-1.044,-1.064,-1.064,-1.08,-1.096,-1.08,-1.068,-1.064,-1.08,-1.08,0.948,0.964,-0.948,-0.96,1.036,-1.056,-1.096,-1.104,1.084,1.08,1.1,1.112,-1.084,-1.092,1.052,1.052,1.064,1.072,1.076,-1.068,1.048,1.044,-1.06,1.052,-0.96,-0.96,-0.964,-0.976,0.976,-0.984,-0.972,-0.964,-0.928,-0.932,-0.932,-0.936,-1.012,-1.004,0.972,0.996,-1.012,1.02,1.028,1.04,1.048
-1.072,-1.096,-1.092,-1.088,-1.088,-1.076,-1.072,1.052,1.056,1.076,1.068,1.084,1.076,1.08,-1.044,-1.028,-0.976,0.96,0.964,-0.968,-1.088,-1.092,-1.092,1.1,1.08,-0.976,0.968,-0.992,-0.992,-1.06,-1.048,-1.06,-1.064,-1.068,-1.064,1.008,1.016,1.028,-1.044,-1.048,1.052,1.06,-1.064,-1.048,1.064,1.068,1.08,1.08,1.08,-1.08,-1.072,-1.072,-1.064,-1.04,-1.032,0.972,0.972,0.968,0.972,-0.968,0.92,-0.9,-0.904,0.92,1.12,1.108,-1.096,-1.104,-1.076,-1.072,-1.084,-1.092,-1.088,-1.08,1.08,1.04,1.052,1.048,1.044,1.068,1.056,1.052,-1,-0.996,-0.992,-0.988,-0.968,0.964,0.964,0.968,0.96,0.968,0.976,0.968,0.964,0.992,-0.976,-0.996,-1.008,1.024,1.04,1.044,1.044,-1.076,-1.072,-1.064,-1.08,1.076,1.076,-1.06,1.064,-1.036,-1.04,1.024,1.004,-1.036,-1.044,-1.032,-0.972,-0.98,-0.988,-1.004,-1.032,-1.06,1.092,1.08,1.072,1.076,1.048,-1.076,1.112,1.116,1.12,1.08,-1.076,-1.064,-1.08,-1.08,-1.08,-1.076,-1.088,-1.052,-0.952,-0.964,0.936,-0.9,-0.9,-0.896,-0.892,1.064,-1.068,-1.06,1.084,1.056,1.044,1.056,1.06,1.068,1.072,1.06,-1.084,-1.076,-1.072,-1.084,-1.08,1.1,1.104,1.1,1.104,1.1,-1.088,1.092,1.08,1.076,1.06,-1,1.008,1.008,1.008,0.98,1.004,1.024,1.012,-1.004,-1.024,-1.056,-1.08,1.064,1.056,1.06,1.06,-1.036,1.004,1.004,-1.008,1.016,1.008,1.004,1,1.02,1.024,1.02,1.012,1.02,1.016,-1,-0.992,0.944,0.936,0.932,0.932,0.936,0.924,1.048,-1.044,-1.064,-1.064,-1.08,-1.096,-1.08,-1.068,-1.064,-1.08,-1.08,-1.052,-1.036,1.052,1.04,-0.964,0.944,0.904,0.896,-0.916,-0.92,-0.9,-0.888,-1.084,-1.092,1.052,1.052,1.064,1.072,1.076,-1.068,1.048,1.044,-1.06,1.052,1.04,1.04,1.036,1.024,-1.024,1.016,1.028,1.036,1.072,1.068,1.068,1.064,-1.012,-1.004,0.972,0.996,-1.012,1.02,1.028,1.04,1.048
0.928,0.904,0.908,0.912,0.912,0.924,0.928,-0.948,-0.944,-0.924,-0.932,-0.916,1.076,1.08,-1.044,-1.028,-0.976,0.96,0.964,-0.968,0.912,0.908,0.908,-0.9,-0.92,-0.976,0.968,-0.992,-0.992,-1.06,-1.048,0.94,0.936,0.932,0.936,-0.992,-0.984,-0.972,0.956,0.952,-0.948,-0.94,0.936,0.952,-0.936,-0.932,-0.92,-0.92,-0.92,0.92,0.928,0.928,0.936,-1.04,-1.032,0.972,0.972,0.968,0.972,-0.968,0.92,-0.9,-0.904,0.92,-0.88,-0.892,0.904,0.896,0.924,0.928,0.916,0.908,0.912,0.92,-0.92,-0.96,-0.948,-0.952,-0.956,-0.932,-0.944,-0.948,-1,-0.996,-0.992,-0.988,-0.968,0.964,0.964,0.968,0.96,0.968,0.976,0.968,0.964,0.992,1.024,1.004,0.992,-0.976,-0.96,-0.956,-0.956,0.924,0.928,0.936,0.92,-0.924,-0.924,0.94,-0.936,0.964,0.96,-0.976,-0.996,0.964,0.956,0.968,-0.972,-0.98,-0.988,-1.004,-1.032,0.94,-0.908,-0.92,-0.928,-0.924,-0.952,0.924,-0.888,-0.884,-0.88,-0.92,0.924,-1.064,-1.08,-1.08,-1.08,-1.076,-1.088,-1.052,-0.952,-0.964,0.936,-0.9,-0.9,-0.896,-0.892,-0.936,0.932,0.94,-0.916,-0.944,-0.956,-0.944,-0.94,-0.932,-0.928,-0.94,0.916,0.924,0.928,0.916,0.92,-0.9,-0.896,-0.9,1.104,1.1,-1.088,1.092,1.08,1.076,1.06,-1,1.008,1.008,1.008,0.98,-0.996,-0.976,-0.988,0.996,0.976,0.944,0.92,-0.936,-0.944,-0.94,-0.94,0.964,-0.996,-0.996,0.992,-0.984,-0.992,-0.996,-1,-0.98,-0.976,-0.98,-0.988,-0.98,-0.984,1,1.008,-1.056,-1.064,-1.068,0.932,0.936,0.924,-0.952,0.956,0.936,0.936,0.92,0.904,0.92,0.932,0.936,0.92,0.92,0.948,0.964,-0.948,-0.96,-0.964,0.944,0.904,0.896,-0.916,-0.92,-0.9,-0.888,0.916,0.908,-0.948,-0.948,-0.936,-0.928,-0.924,0.932,-0.952,-0.956,0.94,-0.948,-0.96,-0.96,-0.964,1.024,-1.024,1.016,1.028,1.036,1.072,1.068,1.068,1.064,0.988,0.996,-1.028,-1.004,0.988,-0.98,-0.972,-0.96,-0.952
-1.072,-1.096,-1.092,-1.088,-1.088,-1.076,-1.072,-0.948,-0.944,-0.924,-0.932,-0.916,-0.924,-0.92,0.956,0.972,1.024,-1.04,-1.036,1.032,-1.088,-1.092,-1.092,1.1,1.08,1.024,-1.032,1.008,1.008,0.94,0.952,0.94,0.936,0.932,0.936,1.008,1.016,1.028,-1.044,-1.048,1.052,1.06,-1.064,-1.048,1.064,1.068,1.08,1.08,1.08,-1.08,-1.072,-1.072,-1.064,-1.04,-1.032,-1.028,-1.028,-1.032,-1.028,1.032,-1.08,1.1,1.096,-1.08,1.12,1.108,-1.096,-1.104,-1.076,-1.072,-1.084,-1.092,-1.088,-1.08,1.08,1.04,1.052,1.048,1.044,-0.932,-0.944,-0.948,1,1.004,1.008,1.012,1.032,-1.036,-1.036,-1.032,-1.04,-1.032,-1.024,-1.032,-1.036,-1.008,-0.976,-0.996,-1.008,1.024,1.04,1.044,1.044,-1.076,-1.072,-1.064,-1.08,1.076,1.076,-1.06,1.064,-1.036,-1.04,1.024,1.004,-1.036,-1.044,-1.032,1.028,1.02,1.012,0.996,0.968,0.94,-0.908,-0.92,-0.928,1.076,1.048,-1.076,1.112,1.116,1.12,1.08,-1.076,-1.064,-1.08,-1.08,-1.08,-1.076,-1.088,-1.052,-0.952,-0.964,0.936,-0.9,-0.9,-0.896,-0.892,1.064,-1.068,-1.06,1.084,1.056,1.044,1.056,1.06,1.068,1.072,1.06,-1.084,-1.076,-1.072,-1.084,-1.08,-0.9,-0.896,-0.9,-0.896,-0.9,0.912,-0.908,-0.92,-0.924,-0.94,1,-0.992,-0.992,-0.992,-1.02,1.004,1.024,1.012,-1.004,-1.024,-1.056,-1.08,1.064,1.056,1.06,1.06,-1.036,1.004,1.004,-1.008,1.016,1.008,-0.996,-1,-0.98,-0.976,-0.98,-0.988,-0.98,-0.984,1,1.008,-1.056,-1.064,-1.068,-1.068,-1.064,-1.076,1.048,-1.044,-1.064,-1.064,-1.08,-1.096,-1.08,-1.068,-1.064,-1.08,-1.08,0.948,0.964,-0.948,-0.96,1.036,-1.056,-1.096,-1.104,1.084,1.08,1.1,1.112,-1.084,-1.092,1.052,1.052,1.064,1.072,1.076,-1.068,1.048,1.044,0.94,-0.948,-0.96,-0.96,-0.964,-0.976,0.976,-0.984,-0.972,-0.964,-0.928,-0.932,-0.932,-0.936,-1.012,-1.004,0.972,0.996,-1.012,1.02,1.028,1.04,1.048
0.928,0.904,0.908,0.912,-1.088,-1.076,-1.072,1.052,1.056,1.076,1.068,1.084,1.076,1.08,-1.044,-1.028,-0.976,0.96,0.964,-0.968,0.912,0.908,0.908,-0.9,-0.92,-0.976,0.968,-0.992,-0.992,-1.06,-1.048,-1.06,0.936,0.932,0.936,-0.992,-0.984,-0.972,0.956,0.952,-0.948,-0.94,0.936,0.952,-0.936,-0.932,-0.92,-0.92,-0.92,0.92,0.928,0.928,0.936,0.96,0.968,-1.028,-1.028,-1.032,-1.028,1.032,-1.08,1.1,1.096,-1.08,1.12,-0.892,0.904,0.896,0.924,0.928,0.916,0.908,0.912,0.92,-0.92,-0.96,-0.948,-0.952,-0.956,-0.932,-0.944,-0.948,1,1.004,1.008,1.012,1.032,-1.036,-1.036,-1.032,-1.04,-1.032,-1.024,-1.032,-1.036,-1.008,-0.976,-0.996,-1.008,-0.976,-0.96,-0.956,-0.956,0.924,0.928,0.936,0.92,-0.924,-0.924,0.94,-0.936,0.964,0.96,-0.976,-0.996,0.964,0.956,0.968,-0.972,-0.98,-0.988,-1.004,-1.032,-1.06,-0.908,-0.92,-0.928,-0.924,-0.952,0.924,-0.888,-0.884,-0.88,-0.92,0.924,-1.064,-1.08,-1.08,-1.08,-1.076,-1.088,-1.052,-0.952,-0.964,0.936,-0.9,-0.9,-0.896,-0.892,1.064,-1.068,-1.06,1.084,1.056,1.044,1.056,1.06,1.068,1.072,1.06,-1.084,-1.076,-1.072,-1.084,-1.08,1.1,1.104,1.1,1.104,1.1,-1.088,1.092,1.08,1.076,1.06,-1,1.008,1.008,1.008,0.98,-0.996,-0.976,-0.988,0.996,0.976,0.944,0.92,-0.936,-0.944,-0.94,-0.94,0.964,-0.996,-0.996,0.992,-0.984,-0.992,-0.996,-1,-0.98,-0.976,-0.98,-0.988,-0.98,-0.984,1,1.008,-1.056,-1.064,-1.068,-1.068,0.936,0.924,-0.952,0.956,0.936,0.936,0.92,0.904,0.92,0.932,0.936,0.92,0.92,0.948,0.964,-0.948,-0.96,1.036,-1.056,-1.096,-1.104,1.084,1.08,1.1,1.112,-1.084,0.908,-0.948,-0.948,-0.936,-0.928,-0.924,0.932,-0.952,-0.956,0.94,-0.948,-0.96,-0.96,-0.964,-0.976,0.976,1.016,1.028,1.036,1.072,1.068,1.068,1.064,0.988,0.996,-1.028,-1.004,0.988,-0.98,-0.972,-0.96,-0.952
0.928,0.904,0.908,0.912,0.912,0.924,0.928,-0.948,-0.944,-0.924,-0.932,-0.916,-0.924,-0.92,-1.044,-1.028,-0.976,0.96,0.964,-0.968,0.912,0.908,0.908,-0.9,-0.92,-0.976,0.968,-0.992,-0.992,-1.06,-1.048,0.94,0.936,0.932,0.936,-0.992,-0.984,-0.972,0.956,0.952,-0.948,-0.94,0.936,0.952,-0.936,-0.932,-0.92,-0.92,-0.92,0.92,0.928,0.928,0.936,0.96,0.968,-1.028,0.972,0.968,0.972,-0.968,0.92,-0.9,-0.904,0.92,-0.88,-0.892,0.904,0.896,0.924,0.928,0.916,0.908,0.912,0.92,-0.92,-0.96,-0.948,-0.952,-0.956,-0.932,-0.944,-0.948,1,1.004,1.008,1.012,1.032,-1.036,-1.036,-1.032,-1.04,-1.032,-1.024,-1.032,-1.036,-1.008,-0.976,-0.996,-1.008,-0.976,-0.96,-0.956,-0.956,0.924,0.928,0.936,0.92,-0.924,-0.924,0.94,-0.936,0.964,0.96,-0.976,-0.996,0.964,0.956,0.968,-0.972,1.02,1.012,0.996,0.968,0.94,-0.908,-0.92,-0.928,-0.924,-0.952,0.924,-0.888,-0.884,-0.88,-0.92,0.924,0.936,0.92,0.92,0.92,0.924,0.912,-1.052,-0.952,-0.964,0.936,-0.9,-0.9,-0.896,-0.892,-0.936,0.932,0.94,-0.916,-0.944,-0.956,-0.944,-0.94,-0.932,-0.928,-0.94,0.916,0.924,0.928,0.916,-1.08,1.1,1.104,1.1,1.104,1.1,-1.088,1.092,1.08,1.076,1.06,-1,1.008,1.008,1.008,0.98,-0.996,-0.976,-0.988,0.996,0.976,0.944,0.92,-0.936,-0.944,-0.94,-0.94,-1.036,1.004,1.004,-1.008,1.016,1.008,1.004,1,1.02,1.024,1.02,1.012,1.02,1.016,-1,-0.992,0.944,0.936,0.932,0.932,0.936,0.924,-0.952,0.956,0.936,0.936,0.92,0.904,0.92,0.932,0.936,0.92,0.92,0.948,0.964,-0.948,-0.96,-0.964,0.944,0.904,0.896,-0.916,-0.92,-0.9,-0.888,0.916,0.908,-0.948,-0.948,-0.936,-0.928,-0.924,0.932,-0.952,-0.956,0.94,-0.948,-0.96,-0.96,-0.964,-0.976,0.976,-0.984,-0.972,-0.964,1.072,1.068,1.068,1.064,0.988,0.996,-1.028,-1.004,0.988,-0.98,-0.972,-0.96,-0.952
-1.072,-1.096,-1.092,-1.088,-1.088,-1.076,-1.072,1.052,1.056,1.076,1.068,1.084,1.076,1.08,-1.044,-1.028,-0.976,0.96,0.964,1.032,-1.088,-1.092,-1.092,1.1,1.08,1.024,-1.032,1.008,1.008,0.94,0.952,0.94,0.936,0.932,-1.064,1.008,1.016,1.028,-1.044,-1.048,1.052,1.06,-1.064,-1.048,1.064,1.068,1.08,1.08,1.08,-1.08,-1.072,-1.072,-1.064,-1.04,-1.032,0.972,0.972,0.968,0.972,-0.968,0.92,1.1,1.096,-1.08,1.12,1.108,-1.096,-1.104,-1.076,-1.072,-1.084,-1.092,-1.088,-1.08,1.08,1.04,1.052,1.048,1.044,1.068,1.056,1.052,-1,-0.996,-0.992,-0.988,-0.968,0.964,0.964,0.968,0.96,0.968,0.976,0.968,0.964,0.992,1.024,1.004,0.992,-0.976,-0.96,-0.956,-0.956,0.924,-1.072,-1.064,-1.08,1.076,1.076,-1.06,-0.936,0.964,0.96,-0.976,-0.996,0.964,0.956,0.968,-0.972,-0.98,-0.988,-1.004,-1.032,-1.06,1.092,1.08,1.072,1.076,1.048,-1.076,1.112,1.116,1.12,1.08,-1.076,-1.064,0.92,0.92,0.92,0.924,0.912,0.948,1.048,1.036,-1.064,1.1,1.1,1.104,1.108,1.064,-1.068,-1.06,1.084,1.056,1.044,1.056,1.06,1.068,1.072,1.06,-1.084,-1.076,-1.072,-1.084,-1.08,1.1,1.104,1.1,1.104,1.1,-1.088,1.092,1.08,1.076,1.06,-1,1.008,-0.992,-0.992,-1.02,1.004,1.024,1.012,-1.004,-1.024,-1.056,-1.08,1.064,1.056,1.06,1.06,-1.036,1.004,1.004,-1.008,1.016,1.008,1.004,1,1.02,1.024,1.02,1.012,1.02,1.016,-1,-0.992,0.944,0.936,0.932,0.932,0.936,0.924,1.048,-1.044,-1.064,-1.064,-1.08,-1.096,-1.08,-1.068,-1.064,-1.08,-1.08,-1.052,-1.036,1.052,1.04,-0.964,0.944,0.904,0.896,-0.916,1.08,1.1,1.112,-1.084,-1.092,1.052,1.052,1.064,1.072,1.076,-1.068,1.048,1.044,-1.06,1.052,1.04,1.04,1.036,1.024,-1.024,1.016,1.028,1.036,1.072,1.068,1.068,1.064,0.988,0.996,-1.028,0.996,-1.012,1.02,1.028,1.04,1.048
-1.072,-1.096,-1.092,-1.088,-1.088,-1.076,-1.072,1.052,1.056,1.076,1.068,1.084,1.076,1.08,-1.044,-1.028,-0.976,-1.04,-1.036,1.032,-1.088,-1.092,-1.092,1.1,1.08,1.024,-1.032,1.008,1.008,0.94,0.952,0.94,0.936,0.932,0.936,-0.992,-0.984,-0.972,0.956,0.952,-0.948,-0.94,0.936,0.952,1.064,1.068,1.08,1.08,1.08,0.92,0.928,0.928,0.936,0.96,0.968,-1.028,-1.028,-1.032,-1.028,1.032,-1.08,1.1,1.096,-1.08,1.12,1.108,-1.096,-1.104,-1.076,-1.072,-1.084,-1.092,-1.088,-1.08,1.08,1.04,1.052,1.048,1.044,1.068,-0.944,-0.948,1,1.004,1.008,1.012,1.032,-1.036,-1.036,-1.032,-1.04,-1.032,-1.024,-1.032,-1.036,-1.008,-0.976,-0.996,-1.008,1.024,1.04,1.044,1.044,-1.076,-1.072,-1.064,-1.08,1.076,1.076,-1.06,1.064,-1.036,-1.04,1.024,1.004,-1.036,-1.044,-1.032,1.028,1.02,1.012,0.996,0.968,0.94,-0.908,1.08,1.072,1.076,1.048,-1.076,1.112,1.116,1.12,1.08,-1.076,-1.064,-1.08,-1.08,-1.08,-1.076,-1.088,-1.052,-0.952,-0.964,0.936,-0.9,-0.9,-0.896,1.108,1.064,-1.068,-1.06,1.084,1.056,1.044,1.056,1.06,1.068,1.072,1.06,-1.084,-1.076,-1.072,-1.084,-1.08,1.1,1.104,1.1,1.104,1.1,-1.088,1.092,1.08,1.076,-0.94,1,-0.992,-0.992,-0.992,-1.02,1.004,1.024,1.012,-1.004,-1.024,-1.056,-1.08,1.064,1.056,1.06,1.06,-1.036,1.004,1.004,-1.008,1.016,1.008,1.004,1,1.02,1.024,1.02,1.012,-0.98,-0.984,1,1.008,-1.056,-1.064,-1.068,-1.068,-1.064,-1.076,1.048,-1.044,-1.064,-1.064,-1.08,-1.096,-1.08,-1.068,-1.064,-1.08,-1.08,-1.052,-1.036,1.052,1.04,-0.964,0.944,0.904,0.896,1.084,1.08,1.1,1.112,-1.084,-1.092,1.052,1.052,1.064,1.072,1.076,-1.068,1.048,1.044,-1.06,1.052,1.04,1.04,1.036,1.024,-1.024,1.016,1.028,1.036,1.072,1.068,1.068,1.064,0.988,0.996,-1.028,-1.004,0.988,1.02,1.028,1.04,1.048
-1.072,-1.096,-1.092,-1.088,-1.088,-1.076,-1.072,1.052,1.056,1.076,1.068,1.084,1.076,1.08,-1.044,-1.028,-0.976,0.96,0.964,-0.968,-1.088,-1.092,-1.092,1.1,1.08,-0.976,0.968,-0.992,-0.992,-1.06,-1.048,-1.06,-1.064,-1.068,-1.064,1.008,1.016,1.028,-1.044,-1.048,1.052,1.06,-1.064,-1.048,1.064,1.068,1.08,1.08,1.08,-1.08,-1.072,-1.072,-1.064,-1.04,-1.032,0.972,0.972,0.968,0.972,-0.968,0.92,1.1,1.096,-1.08,1.12,1.108,-1.096,-1.104,-1.076,-1.072,-1.084,-1.092,-1.088,-1.08,1.08,1.04,1.052,1.048,1.044,1.068,1.056,1.052,-1,-0.996,-0.992,-0.988,-0.968,0.964,0.964,0.968,0.96,0.968,0.976,0.968,0.964,0.992,-0.976,-0.996,-1.008,1.024,1.04,1.044,1.044,-1.076,-1.072,-1.064,-1.08,1.076,1.076,-1.06,1.064,-1.036,-1.04,1.024,1.004,-1.036,-1.044,-1.032,1.028,1.02,1.012,0.996,0.968,0.94,-0.908,-0.92,-0.928,-0.924,-0.952,0.924,-0.888,-0.884,-0.88,1.08,-1.076,-1.064,-1.08,-1.08,-1.08,-1.076,-1.088,-1.052,-0.952,-0.964,0.936,-0.9,-0.9,1.104,1.108,1.064,-1.068,-1.06,1.084,1.056,1.044,1.056,1.06,1.068,1.072,1.06,-1.084,-1.076,-1.072,-1.084,-1.08,1.1,1.104,1.1,1.104,1.1,-1.088,1.092,1.08,1.076,1.06,-1,1.008,1.008,1.008,0.98,1.004,1.024,1.012,-1.004,-1.024,-1.056,-1.08,1.064,1.056,1.06,1.06,-1.036,1.004,1.004,-1.008,1.016,1.008,1.004,1,1.02,1.024,1.02,1.012,1.02,1.016,1,1.008,-1.056,-1.064,-1.068,-1.068,-1.064,-1.076,1.048,-1.044,-1.064,-1.064,-1.08,-1.096,-1.08,-1.068,-1.064,-1.08,-1.08,-1.052,0.964,-0.948,-0.96,1.036,-1.056,-1.096,-1.104,1.084,1.08,1.1,1.112,-1.084,-1.092,1.052,1.052,1.064,1.072,1.076,-1.068,1.048,1.044,-1.06,1.052,1.04,1.04,1.036,1.024,-1.024,1.016,1.028,1.036,1.072,1.068,1.068,1.064,0.988,0.996,-1.028,0.996,-1.012,1.02,1.028,1.04,1.048
0.928,0.904,0.908,0.912,0.912,0.924,0.928,-0.948,-0.944,-0.924,-0.932,-0.916,-0.924,-0.92,0.956,0.972,1.024,0.96,0.964,-0.968,0.912,0.908,0.908,-0.9,-0.92,-0.976,0.968,-0.992,-0.992,-1.06,-1.048,-1.06,-1.064,-1.068,-1.064,1.008,1.016,1.028,-1.044,-1.048,1.052,1.06,-1.064,-1.048,1.064,1.068,1.08,1.08,-0.92,0.92,0.928,0.928,0.936,0.96,0.968,-1.028,-1.028,-1.032,-1.028,1.032,0.92,-0.9,-0.904,0.92,-0.88,-0.892,0.904,0.896,0.924,0.928,0.916,0.908,0.912,0.92,-0.92,-0.96,-0.948,-0.952,-0.956,-0.932,-0.944,-0.948,1,1.004,1.008,1.012,1.032,-1.036,-1.036,-1.032,-1.04,-1.032,-1.024,-1.032,-1.036,-1.008,-0.976,-0.996,-1.008,1.024,1.04,1.044,1.044,-1.076,-1.072,-1.064,-1.08,-0.924,-0.924,0.94,-0.936,0.964,0.96,-0.976,-0.996,-1.036,-1.044,-1.032,1.028,1.02,1.012,0.996,0.968,0.94,-0.908,-0.92,-0.928,-0.924,-0.952,0.924,-0.888,-0.884,-0.88,-0.92,0.924,0.936,0.92,0.92,0.92,0.924,0.912,0.948,-0.952,-0.964,0.936,-0.9,-0.9,-0.896,-0.892,-0.936,0.932,0.94,-0.916,-0.944,1.044,1.056,1.06,1.068,1.072,1.06,-1.084,-1.076,-1.072,-1.084,-1.08,1.1,1.104,1.1,1.104,1.1,-1.088,1.092,1.08,1.076,1.06,-1,1.008,1.008,1.008,0.98,-0.996,-0.976,-0.988,0.996,0.976,0.944,0.92,-0.936,-0.944,-0.94,-0.94,0.964,-0.996,-0.996,0.992,1.016,1.008,1.004,1,1.02,1.024,1.02,1.012,1.02,1.016,-1,-0.992,0.944,0.936,0.932,0.932,0.936,0.924,-0.952,0.956,0.936,0.936,0.92,0.904,-1.08,-1.068,-1.064,-1.08,-1.08,-1.052,-1.036,1.052,1.04,-0.964,0.944,0.904,0.896,-0.916,-0.92,-0.9,-0.888,0.916,0.908,1.052,1.052,1.064,1.072,1.076,-1.068,1.048,1.044,-1.06,1.052,1.04,1.04,1.036,1.024,-1.024,1.016,1.028,1.036,1.072,1.068,1.068,1.064,0.988,0.996,-1.028,-1.004,0.988,-0.98,-0.972,-0.96,-0.952
0.928,0.904,0.908,-1.088,-1.088,-1.076,-1.072,1.052,1.056,1.076,1.068,1.084,1.076,1.08,-1.044,-1.028,-0.976,0.96,0.964,-0.968,0.912,0.908,0.908,-0.9,-0.92,-0.976,0.968,-0.992,-0.992,0.94,0.952,0.94,0.936,0.932,0.936,-0.992,-0.984,-0.972,0.956,0.952,-0.948,-0.94,0.936,0.952,-0.936,-0.932,-0.92,-0.92,-0.92,0.92,0.928,0.928,0.936,0.96,0.968,-1.028,-1.028,-1.032,-1.028,1.032,0.92,-0.9,-0.904,0.92,-0.88,-0.892,0.904,0.896,0.924,0.928,0.916,0.908,0.912,0.92,-0.92,-0.96,-0.948,-0.952,-0.956,-0.932,-0.944,-0.948,1,1.004,1.008,1.012,1.032,-1.036,-1.036,-1.032,-1.04,-1.032,-1.024,-1.032,-1.036,-1.008,-0.976,-0.996,0.992,-0.976,-0.96,-0.956,-0.956,0.924,0.928,0.936,0.92,-0.924,-0.924,0.94,-0.936,0.964,0.96,-0.976,-0.996,0.964,0.956,0.968,-0.972,-0.98,-0.988,-1.004,-1.032,-1.06,-0.908,-0.92,-0.928,-0.924,-0.952,0.924,-0.888,-0.884,-0.88,-0.92,0.924,0.936,0.92,0.92,0.92,0.924,0.912,0.948,1.048,1.036,-1.064,1.1,1.1,-0.896,-0.892,-0.936,0.932,0.94,-0.916,-0.944,-0.956,-0.944,-0.94,-0.932,-0.928,-0.94,0.916,0.924,0.928,0.916,0.92,-0.9,-0.896,-0.9,-0.896,-0.9,0.912,-0.908,-0.92,-0.924,-0.94,1,-0.992,-0.992,-0.992,0.98,-0.996,-0.976,-0.988,0.996,0.976,0.944,0.92,-0.936,-0.944,-0.94,-0.94,0.964,-0.996,-0.996,0.992,-0.984,-0.992,-0.996,-1,-0.98,-0.976,-0.98,-0.988,-0.98,-0.984,1,1.008,-1.056,-1.064,-1.068,-1.068,-1.064,0.924,-0.952,0.956,0.936,0.936,0.92,0.904,0.92,0.932,0.936,0.92,0.92,-1.052,-1.036,1.052,1.04,-0.964,0.944,0.904,0.896,-0.916,-0.92,-0.9,-0.888,0.916,0.908,-0.948,-0.948,-0.936,-0.928,-0.924,0.932,-0.952,-0.956,0.94,-0.948,-0.96,-0.96,-0.964,-0.976,0.976,-0.984,-0.972,-0.964,-0.928,-0.932,-0.932,-0.936,-1.012,-1.004,0.972,0.996,-1.012,1.02,1.028,1.04,-0.952
0.928,0.904,0.908,0.912,0.912,0.924,0.928,-0.948,-0.944,-0.924,-0.932,-0.916,-0.924,-0.92,0.956,0.972,1.024,-1.04,-1.036,1.032,-1.088,-1.092,-1.092,1.1,-0.92,-0.976,0.968,-0.992,-0.992,-1.06,-1.048,0.94,0.936,0.932,0.936,-0.992,-0.984,-0.972,0.956,0.952,-0.948,-0.94,0.936,0.952,-0.936,-0.932,-0.92,-0.92,-0.92,0.92,0.928,0.928,0.936,0.96,0.968,-1.028,-1.028,-1.032,-1.028,1.032,-1.08,1.1,1.096,-1.08,1.12,1.108,0.904,0.896,0.924,0.928,0.916,0.908,0.912,0.92,-0.92,-0.96,-0.948,-0.952,-0.956,-0.932,1.056,1.052,-1,-0.996,-0.992,-0.988,-0.968,0.964,0.964,0.968,0.96,0.968,0.976,0.968,0.964,0.992,1.024,1.004,0.992,-0.976,-0.96,-0.956,-0.956,0.924,0.928,0.936,0.92,-0.924,-0.924,0.94,-0.936,0.964,0.96,-0.976,-0.996,0.964,0.956,0.968,-0.972,-0.98,-0.988,-1.004,-1.032,-1.06,1.092,1.08,1.072,1.076,1.048,-1.076,1.112,1.116,-0.88,-0.92,0.924,0.936,-1.08,-1.08,-1.08,-1.076,-1.088,-1.052,-0.952,-0.964,0.936,-0.9,-0.9,-0.896,-0.892,-0.936,0.932,0.94,-0.916,-0.944,-0.956,-0.944,-0.94,-0.932,-0.928,-0.94,-1.084,-1.076,-1.072,-1.084,-1.08,1.1,1.104,1.1,1.104,1.1,-1.088,1.092,1.08,1.076,1.06,-1,1.008,1.008,1.008,0.98,-0.996,-0.976,-0.988,0.996,0.976,0.944,0.92,-0.936,-0.944,-0.94,-0.94,0.964,-0.996,-0.996,0.992,-0.984,-0.992,1.004,1,1.02,1.024,1.02,1.012,1.02,1.016,-1,-0.992,0.944,0.936,0.932,0.932,0.936,0.924,-0.952,0.956,0.936,0.936,0.92,0.904,0.92,0.932,0.936,0.92,0.92,-1.052,-1.036,1.052,1.04,-0.964,0.944,0.904,0.896,-0.916,-0.92,-0.9,-0.888,0.916,0.908,-0.948,-0.948,-0.936,-0.928,-0.924,0.932,-0.952,-0.956,0.94,-0.948,-0.96,-0.96,-0.964,-0.976,0.976,-0.984,-0.972,-0.964,-0.928,-0.932,-0.932,-0.936,-1.012,-1.004,0.972,0.996,-1.012,1.02,1.028,-0.96,-0.952
0.928,0.904,0.908,0.912,-1.088,-1.076,-1.072,1.052,1.056,1.076,1.068,1.084,1.076,1.08,-1.044,-1.028,-0.976,0.96,0.964,-0.968,0.912,0.908,0.908,-0.9,-0.92,1.024,-1.032,1.008,1.008,0.94,0.952,0.94,0.936,0.932,0.936,-0.992,-0.984,-0.972,0.956,0.952,-0.948,-0.94,0.936,0.952,-0.936,-0.932,-0.92,-0.92,-0.92,0.92,0.928,0.928,0.936,0.96,0.968,-1.028,-1.028,-1.032,-1.028,1.032,-1.08,1.1,1.096,-1.08,-0.88,-0.892,0.904,0.896,0.924,0.928,0.916,0.908,0.912,0.92,-0.92,-0.96,-0.948,-0.952,-0.956,1.068,1.056,1.052,-1,-0.996,-0.992,-0.988,-0.968,0.964,0.964,0.968,0.96,0.968,0.976,0.968,0.964,0.992,1.024,1.004,0.992,-0.976,-0.96,-0.956,-0.956,0.924,0.928,0.936,0.92,-0.924,-0.924,0.94,-0.936,0.964,0.96,-0.976,-0.996,0.964,0.956,0.968,-0.972,-0.98,-0.988,-1.004,-1.032,-1.06,1.092,1.08,1.072,1.076,1.048,-1.076,1.112,1.116,-0.88,-0.92,0.924,0.936,0.92,0.92,0.92,-1.076,-1.088,-1.052,-0.952,-0.964,0.936,-0.9,-0.9,-0.896,-0.892,-0.936,0.932,0.94,-0.916,-0.944,-0.956,-0.944,-0.94,-0.932,-0.928,-0.94,0.916,0.924,0.928,0.916,0.92,-0.9,-0.896,-0.9,-0.896,-0.9,0.912,-0.908,-0.92,1.076,1.06,-1,1.008,1.008,1.008,0.98,-0.996,-0.976,-0.988,0.996,0.976,0.944,0.92,-0.936,-0.944,-0.94,-0.94,0.964,1.004,1.004,-1.008,1.016,1.008,1.004,1,1.02,1.024,1.02,1.012,1.02,1.016,-1,-0.992,0.944,0.936,0.932,0.932,0.936,0.924,-0.952,0.956,0.936,0.936,0.92,0.904,0.92,0.932,0.936,0.92,0.92,0.948,0.964,-0.948,-0.96,-0.964,0.944,0.904,0.896,-0.916,-0.92,-0.9,-0.888,0.916,0.908,-0.948,-0.948,-0.936,-0.928,-0.924,0.932,-0.952,-0.956,0.94,-0.948,-0.96,-0.96,-0.964,-0.976,0.976,-0.984,-0.972,-0.964,-0.928,-0.932,-0.932,-0.936,-1.012,-1.004,0.972,0.996,-1.012,1.02,1.028,-0.96,-0.952
0.928,0.904,0.908,0.912,0.912,0.924,0.928,-0.948,-0.944,-0.924,-0.932,-0.916,-0.924,-0.92,0.956,0.972,1.024,-1.04,-1.036,-0.968,0.912,0.908,0.908,-0.9,-0.92,-0.976,0.968,-0.992,-0.992,-1.06,-1.048,-1.06,-1.064,-1.068,-1.064,-0.992,-0.984,-0.972,0.956,0.952,-0.948,-0.94,0.936,0.952,-0.936,-0.932,-0.92,-0.92,-0.92,0.92,0.928,0.928,0.936,0.96,0.968,-1.028,-1.028,-1.032,-1.028,1.032,-1.08,1.1,1.096,-1.08,1.12,-0.892,0.904,0.896,0.924,0.928,0.916,0.908,0.912,0.92,-0.92,-0.96,-0.948,-0.952,-0.956,-0.932,1.056,1.052,-1,-0.996,-0.992,-0.988,-0.968,0.964,0.964,0.968,0.96,0.968,0.976,0.968,0.964,0.992,1.024,1.004,0.992,-0.976,-0.96,-0.956,-0.956,0.924,0.928,0.936,0.92,-0.924,-0.924,0.94,-0.936,0.964,0.96,-0.976,-0.996,0.964,0.956,0.968,-0.972,-0.98,-0.988,-1.004,0.968,0.94,-0.908,-0.92,-0.928,-0.924,-0.952,0.924,-0.888,-0.884,-0.88,-0.92,0.924,0.936,0.92,0.92,0.92,0.924,0.912,0.948,1.048,1.036,-1.064,1.1,1.1,1.104,-0.892,-0.936,0.932,0.94,-0.916,-0.944,-0.956,-0.944,-0.94,-0.932,-0.928,-0.94,0.916,0.924,0.928,0.916,0.92,-0.9,-0.896,-0.9,-0.896,-0.9,0.912,-0.908,-0.92,-0.924,-0.94,1,-0.992,-0.992,-0.992,-1.02,-0.996,-0.976,-0.988,0.996,0.976,0.944,0.92,-0.936,-0.944,-0.94,-0.94,-1.036,1.004,1.004,-1.008,1.016,1.008,1.004,1,1.02,1.024,1.02,1.012,1.02,1.016,-1,-0.992,0.944,0.936,0.932,0.932,0.936,0.924,-0.952,0.956,0.936,0.936,0.92,0.904,0.92,0.932,0.936,0.92,0.92,0.948,0.964,-0.948,-0.96,1.036,0.944,0.904,0.896,-0.916,-0.92,-0.9,-0.888,0.916,0.908,-0.948,-0.948,-0.936,-0.928,-0.924,0.932,-0.952,-0.956,0.94,-0.948,-0.96,-0.96,-0.964,-0.976,0.976,-0.984,-0.972,-0.964,-0.928,-0.932,-0.932,-0.936,0.988,0.996,-1.028,-1.004,0.988,-0.98,-0.972,-0.96,-0.952
-1.072,-1.096,-1.092,-1.088,-1.088,-1.076,-1.072,1.052,1.056,1.076,1.068,1.084,1.076,1.08,-1.044,-1.028,-0.976,0.96,0.964,1.032,-1.088,-1.092,-1.092,1.1,1.08,1.024,-1.032,1.008,1.008,0.94,0.952,-1.06,-1.064,-1.068,-1.064,1.008,1.016,1.028,-1.044,-1.048,1.052,1.06,-1.064,-1.048,1.064,1.068,1.08,1.08,1.08,-1.08,-1.072,-1.072,-1.064,-1.04,-1.032,0.972,0.972,0.968,0.972,-0.968,0.92,-0.9,-0.904,0.92,-0.88,1.108,-1.096,-1.104,-1.076,-1.072,-1.084,-1.092,-1.088,-1.08,1.08,1.04,1.052,1.048,1.044,1.068,1.056,1.052,-1,-0.996,-0.992,-0.988,-0.968,0.964,0.964,0.968,0.96,0.968,0.976,0.968,-1.036,-1.008,-0.976,-0.996,-1.008,1.024,1.04,1.044,1.044,-1.076,-1.072,-1.064,-1.08,1.076,1.076,-1.06,1.064,-1.036,-1.04,1.024,1.004,-1.036,-1.044,-1.032,1.028,1.02,1.012,0.996,0.968,0.94,-0.908,-0.92,1.072,1.076,1.048,-1.076,1.112,1.116,1.12,1.08,-1.076,-1.064,-1.08,-1.08,-1.08,-1.076,-1.088,-1.052,-0.952,-0.964,0.936,-0.9,-0.9,-0.896,1.108,1.064,-1.068,-1.06,1.084,1.056,1.044,1.056,1.06,1.068,1.072,1.06,-1.084,-1.076,-1.072,-1.084,-1.08,1.1,1.104,1.1,1.104,1.1,-1.088,1.092,1.08,1.076,1.06,-1,1.008,1.008,1.008,0.98,-0.996,-0.976,-0.988,0.996,-1.024,-1.056,-1.08,1.064,1.056,1.06,1.06,-1.036,1.004,1.004,-1.008,1.016,1.008,1.004,1,-0.98,-0.976,-0.98,-0.988,-0.98,-0.984,1,1.008,-1.056,-1.064,-1.068,-1.068,-1.064,-1.076,1.048,-1.044,-1.064,-1.064,-1.08,-1.096,-1.08,-1.068,-1.064,-1.08,-1.08,-1.052,-1.036,1.052,1.04,1.036,-1.056,-1.096,-1.104,1.084,1.08,1.1,1.112,-1.084,-1.092,1.052,1.052,1.064,1.072,1.076,-1.068,1.048,1.044,-1.06,1.052,1.04,1.04,1.036,1.024,-1.024,1.016,1.028,1.036,1.072,1.068,1.068,1.064,0.988,0.996,-1.028,-1.004,0.988,-0.98,-0.972,1.04,1.048
0.928,0.904,0.908,0.912,0.912,0.924,0.928,-0.948,-0.944,-0.924,-0.932,-0.916,-0.924,-0.92,0.956,0.972,1.024,0.96,0.964,-0.968,0.912,0.908,0.908,-0.9,-0.92,1.024,-1.032,1.008,1.008,0.94,0.952,0.94,0.936,0.932,0.936,-0.992,-0.984,-0.972,0.956,0.952,-0.948,-0.94,0.936,0.952,-0.936,-0.932,-0.92,-0.92,-0.92,0.92,0.928,0.928,0.936,0.96,0.968,0.972,0.972,0.968,0.972,-0.968,0.92,-0.9,-0.904,0.92,-0.88,-0.892,0.904,0.896,0.924,0.928,0.916,0.908,0.912,0.92,-0.92,-0.96,-0.948,-0.952,-0.956,-0.932,-0.944,-0.948,1,1.004,1.008,1.012,1.032,-1.036,-1.036,-1.032,-1.04,-1.032,-1.024,-1.032,-1.036,-1.008,1.024,1.004,0.992,-0.976,-0.96,-0.956,-0.956,0.924,0.928,0.936,0.92,-0.924,-0.924,0.94,-0.936,0.964,0.96,-0.976,-0.996,0.964,0.956,0.968,-0.972,-0.98,-0.988,-1.004,-1.032,-1.06,-0.908,-0.92,-0.928,-0.924,-0.952,0.924,-0.888,-0.884,-0.88,-0.92,0.924,0.936,0.92,0.92,0.92,0.924,0.912,0.948,-0.952,-0.964,0.936,-0.9,-0.9,-0.896,-0.892,-0.936,0.932,0.94,-0.916,1.056,1.044,1.056,1.06,1.068,1.072,1.06,-1.084,-1.076,-1.072,-1.084,-1.08,1.1,1.104,1.1,1.104,1.1,-1.088,1.092,1.08,1.076,1.06,-1,1.008,1.008,1.008,0.98,-0.996,-0.976,-0.988,0.996,0.976,0.944,0.92,-0.936,-0.944,-0.94,-0.94,0.964,-0.996,-0.996,0.992,-0.984,-0.992,-0.996,-1,-0.98,-0.976,-0.98,-0.988,-0.98,-0.984,1,1.008,-1.056,-1.064,-1.068,-1.068,-1.064,-1.076,1.048,-1.044,-1.064,-1.064,0.92,0.904,0.92,0.932,0.936,0.92,0.92,-1.052,-1.036,1.052,1.04,-0.964,0.944,0.904,0.896,-0.916,-0.92,-0.9,-0.888,0.916,0.908,-0.948,-0.948,-0.936,-0.928,-0.924,0.932,-0.952,-0.956,0.94,-0.948,-0.96,-0.96,-0.964,-0.976,0.976,-0.984,-0.972,-0.964,-0.928,-0.932,-0.932,-0.936,-1.012,-1.004,0.972,0.996,0.988,-0.98,-0.972,-0.96,-0.952
0.928,0.904,0.908,0.912,0.912,0.924,0.928,-0.948,-0.944,-0.924,1.068,1.084,1.076,1.08,-1.044,-1.028,-0.976,0.96,0.964,-0.968,0.912,0.908,0.908,-0.9,-0.92,-0.976,0.968,1.008,1.008,0.94,0.952,0.94,0.936,0.932,0.936,-0.992,-0.984,-0.972,0.956,0.952,-0.948,-0.94,0.936,0.952,-0.936,-0.932,-0.92,-0.92,-0.92,0.92,0.928,0.928,0.936,0.96,0.968,-1.028,-1.028,-1.032,-1.028,1.032,-1.08,1.1,1.096,-1.08,1.12,-0.892,0.904,0.896,0.924,0.928,0.916,0.908,0.912,0.92,-0.92,-0.96,-0.948,-0.952,-0.956,-0.932,-0.944,-0.948,1,1.004,1.008,1.012,1.032,-1.036,-1.036,-1.032,-1.04,-1.032,-1.024,-1.032,0.964,0.992,1.024,1.004,0.992,-0.976,-0.96,-0.956,-0.956,0.924,0.928,0.936,0.92,-0.924,-0.924,0.94,-0.936,0.964,0.96,-0.976,-0.996,0.964,0.956,0.968,-0.972,-0.98,-0.988,-1.004,-1.032,-1.06,1.092,1.08,1.072,1.076,1.048,-1.076,1.112,1.116,1.12,-0.92,0.924,0.936,0.92,0.92,0.92,0.924,0.912,0.948,1.048,1.036,-1.064,1.1,1.1,1.104,-0.892,-0.936,0.932,0.94,-0.916,-0.944,-0.956,-0.944,-0.94,-0.932,-0.928,-0.94,0.916,0.924,0.928,0.916,0.92,-0.9,-0.896,-0.9,-0.896,-0.9,0.912,-0.908,-0.92,-0.924,-0.94,1,-0.992,-0.992,-0.992,-1.02,-0.996,-0.976,-0.988,0.996,0.976,0.944,0.92,-0.936,-0.944,-0.94,-0.94,0.964,-0.996,-0.996,0.992,1.016,1.008,1.004,1,1.02,1.024,1.02,1.012,1.02,1.016,-1,-0.992,0.944,0.936,0.932,0.932,0.936,0.924,-0.952,0.956,0.936,0.936,0.92,0.904,0.92,0.932,0.936,0.92,0.92,0.948,0.964,-0.948,-0.96,1.036,-1.056,-1.096,-1.104,1.084,1.08,1.1,-0.888,0.916,0.908,-0.948,-0.948,-0.936,-0.928,-0.924,0.932,-0.952,-0.956,0.94,-0.948,-0.96,-0.96,-0.964,-0.976,0.976,-0.984,-0.972,-0.964,-0.928,-0.932,-0.932,1.064,0.988,0.996,-1.028,-1.004,0.988,-0.98,-0.972,-0.96,-0.952
0.928,0.904,0.908,0.912,0.912,0.924,0.928,-0.948,-0.944,-0.924,-0.932,1.084,1.076,1.08,-1.044,-1.028,-0.976,0.96,0.964,-0.968,0.912,0.908,0.908,-0.9,-0.92,-0.976,0.968,-0.992,-0.992,-1.06,-1.048,-1.06,-1.064,-1.068,-1.064,1.008,1.016,1.028,-1.044,-1.048,1.052,1.06,0.936,0.952,-0.936,-0.932,-0.92,-0.92,-0.92,-1.08,-1.072,-1.072,-1.064,-1.04,-1.032,0.972,0.972,0.968,0.972,-0.968,0.92,-0.9,-0.904,0.92,-0.88,-0.892,0.904,0.896,0.924,0.928,0.916,0.908,0.912,0.92,-0.92,-0.96,-0.948,-0.952,-0.956,-0.932,-0.944,-0.948,1,1.004,1.008,1.012,1.032,0.964,0.964,0.968,0.96,0.968,0.976,0.968,0.964,0.992,1.024,1.004,0.992,-0.976,-0.96,-0.956,-0.956,0.924,0.928,0.936,0.92,1.076,1.076,-1.06,1.064,-1.036,-1.04,1.024,1.004,-1.036,-1.044,-1.032,1.028,1.02,1.012,0.996,0.968,0.94,-0.908,-0.92,-0.928,-0.924,-0.952,0.924,-0.888,-0.884,-0.88,-0.92,0.924,0.936,0.92,0.92,0.92,0.924,0.912,0.948,1.048,1.036,-1.064,-0.9,-0.9,-0.896,-0.892,-0.936,0.932,0.94,-0.916,-0.944,-0.956,-0.944,-0.94,-0.932,-0.928,-0.94,0.916,0.924,0.928,0.916,0.92,-0.9,-0.896,-0.9,-0.896,-0.9,0.912,-0.908,-0.92,-0.924,1.06,-1,1.008,1.008,1.008,0.98,-0.996,-0.976,-0.988,0.996,0.976,0.944,0.92,-0.936,-0.944,-0.94,-0.94,0.964,-0.996,-0.996,0.992,-0.984,-0.992,-0.996,-1,-0.98,-0.976,-0.98,-0.988,-0.98,-0.984,1,1.008,-1.056,-1.064,-1.068,-1.068,-1.064,0.924,-0.952,0.956,0.936,0.936,0.92,0.904,0.92,0.932,0.936,0.92,0.92,0.948,0.964,-0.948,-0.96,-0.964,0.944,0.904,0.896,-0.916,-0.92,-0.9,-0.888,0.916,0.908,-0.948,-0.948,-0.936,-0.928,-0.924,0.932,-0.952,-0.956,0.94,1.052,1.04,1.04,1.036,1.024,-1.024,1.016,1.028,1.036,1.072,1.068,1.068,1.064,0.988,0.996,-1.028,-1.004,0.988,-0.98,-0.972,-0.96,-0.952
-1.072,-1.096,-1.092,-1.088,-1.088,-1.076,-1.072,1.052,1.056,1.076,1.068,1.084,1.076,1.08,-1.044,-1.028,-0.976,0.96,0.964,-0.968,-1.088,-1.092,-1.092,1.1,1.08,1.024,-1.032,1.008,1.008,0.94,0.952,0.94,0.936,0.932,0.936,1.008,1.016,1.028,-1.044,-1.048,1.052,1.06,-1.064,-1.048,1.064,1.068,1.08,1.08,1.08,-1.08,-1.072,-1.072,-1.064,-1.04,-1.032,-1.028,-1.028,-1.032,-1.028,1.032,-1.08,1.1,1.096,-1.08,1.12,1.108,-1.096,-1.104,-1.076,-1.072,-1.084,-1.092,-1.088,-1.08,1.08,1.04,1.052,1.048,1.044,1.068,1.056,1.052,-1,-0.996,-0.992,-0.988,-0.968,0.964,0.964,0.968,0.96,0.968,0.976,0.968,0.964,0.992,1.024,1.004,0.992,-0.976,-0.96,-0.956,-0.956,0.924,0.928,0.936,-1.08,1.076,1.076,-1.06,1.064,-1.036,-1.04,1.024,1.004,0.964,0.956,0.968,-0.972,-0.98,-0.988,-1.004,-1.032,-1.06,1.092,1.08,1.072,1.076,1.048,-1.076,1.112,1.116,1.12,1.08,-1.076,0.936,0.92,0.92,0.92,0.924,0.912,0.948,1.048,1.036,-1.064,1.1,1.1,1.104,1.108,1.064,-1.068,-1.06,1.084,1.056,1.044,1.056,1.06,1.068,1.072,1.06,-1.084,0.924,0.928,0.916,0.92,-0.9,-0.896,-0.9,-0.896,-0.9,0.912,-0.908,-0.92,-0.924,-0.94,1,-0.992,-0.992,-0.992,-1.02,1.004,1.024,1.012,-1.004,-1.024,-1.056,-1.08,1.064,1.056,1.06,1.06,-1.036,1.004,1.004,-1.008,-0.984,-0.992,-0.996,-1,-0.98,-0.976,-0.98,-0.988,-0.98,-0.984,1,1.008,-1.056,-1.064,-1.068,-1.068,-1.064,-1.076,1.048,-1.044,-1.064,-1.064,-1.08,-1.096,-1.08,-1.068,-1.064,-1.08,-1.08,0.948,0.964,-0.948,-0.96,1.036,-1.056,-1.096,-1.104,1.084,1.08,1.1,1.112,-1.084,-1.092,1.052,1.052,1.064,1.072,1.076,-1.068,1.048,1.044,-1.06,1.052,1.04,1.04,1.036,1.024,-1.024,1.016,1.028,1.036,1.072,1.068,1.068,1.064,0.988,0.996,-1.028,-1.004,0.988,1.02,1.028,1.04,1.048
0.928,0.904,0.908,0.912,0.912,0.924,0.928,-0.948,-0.944,-0.924,-0.932,-0.916,-0.924,-0.92,0.956,0.972,1.024,-1.04,-1.036,1.032,0.912,0.908,0.908,-0.9,-0.92,-0.976,0.968,-0.992,-0.992,0.94,0.952,0.94,0.936,0.932,0.936,-0.992,-0.984,-0.972,0.956,0.952,-0.948,-0.94,0.936,0.952,-0.936,-0.932,-0.92,-0.92,-0.92,0.92,0.928,0.928,0.936,0.96,0.968,-1.028,-1.028,-1.032,-1.028,1.032,0.92,-0.9,-0.904,0.92,-0.88,-0.892,0.904,0.896,0.924,0.928,0.916,0.908,0.912,0.92,-0.92,-0.96,-0.948,-0.952,-0.956,-0.932,-0.944,-0.948,1,1.004,1.008,1.012,1.032,-1.036,-1.036,-1.032,-1.04,-1.032,-1.024,-1.032,-1.036,-1.008,1.024,1.004,0.992,-0.976,-0.96,-0.956,-0.956,0.924,0.928,0.936,0.92,-0.924,-0.924,0.94,-0.936,-1.036,-1.04,1.024,1.004,-1.036,-1.044,-1.032,1.028,1.02,1.012,0.996,0.968,0.94,-0.908,-0.92,-0.928,-0.924,-0.952,0.924,-0.888,-0.884,-0.88,-0.92,0.924,0.936,0.92,0.92,0.92,0.924,0.912,0.948,1.048,1.036,-1.064,1.1,1.1,1.104,-0.892,-0.936,0.932,0.94,-0.916,-0.944,-0.956,-0.944,-0.94,-0.932,-0.928,-0.94,0.916,0.924,0.928,0.916,0.92,-0.9,-0.896,-0.9,-0.896,-0.9,0.912,-0.908,-0.92,-0.924,-0.94,1,-0.992,-0.992,-0.992,-1.02,1.004,1.024,1.012,0.996,0.976,0.944,0.92,-0.936,-0.944,-0.94,-0.94,0.964,-0.996,-0.996,0.992,-0.984,-0.992,-0.996,-1,-0.98,-0.976,-0.98,-0.988,-0.98,-0.984,1,1.008,-1.056,-1.064,0.932,0.932,0.936,0.924,-0.952,0.956,0.936,0.936,0.92,0.904,0.92,0.932,0.936,0.92,0.92,0.948,0.964,-0.948,-0.96,1.036,-1.056,-1.096,-1.104,1.084,-0.92,-0.9,-0.888,0.916,0.908,-0.948,-0.948,-0.936,-0.928,-0.924,0.932,-0.952,-0.956,0.94,-0.948,-0.96,-0.96,-0.964,-0.976,0.976,-0.984,-0.972,-0.964,-0.928,-0.932,-0.932,-0.936,-1.012,-1.004,0.972,0.996,-1.012,1.02,1.028,1.04,-0.952
-1.072,-1.096,-1.092,-1.088,0.912,0.924,0.928,-0.948,-0.944,-0.924,-0.932,-0.916,-0.924,-0.92,0.956,0.972,1.024,-1.04,-1.036,1.032,-1.088,-1.092,-1.092,1.1,1.08,1.024,-1.032,1.008,1.008,0.94,0.952,0.94,0.936,0.932,0.936,-0.992,-0.984,-0.972,0.956,0.952,-0.948,-0.94,0.936,0.952,-0.936,-0.932,-0.92,-0.92,1.08,-1.08,-1.072,-1.072,-1.064,-1.04,-1.032,-1.028,-1.028,-1.032,-1.028,1.032,-1.08,1.1,1.096,-1.08,1.12,1.108,-1.096,-1.104,-1.076,-1.072,-1.084,-1.092,-1.088,-1.08,1.08,1.04,1.052,1.048,1.044,1.068,1.056,1.052,-1,-0.996,-0.992,-0.988,-0.968,0.964,0.964,0.968,0.96,0.968,0.976,0.968,0.964,0.992,-0.976,-0.996,-1.008,1.024,1.04,1.044,1.044,-1.076,-1.072,-1.064,-1.08,1.076,1.076,-1.06,1.064,-1.036,-1.04,1.024,1.004,-1.036,-1.044,-1.032,1.028,1.02,1.012,0.996,-1.032,-1.06,1.092,1.08,1.072,1.076,1.048,-1.076,1.112,1.116,1.12,1.08,-1.076,-1.064,-1.08,-1.08,-1.08,-1.076,-1.088,-1.052,-0.952,-0.964,0.936,-0.9,-0.9,-0.896,1.108,1.064,-1.068,-1.06,1.084,1.056,1.044,1.056,1.06,1.068,1.072,1.06,-1.084,-1.076,-1.072,-1.084,-1.08,1.1,1.104,1.1,-0.896,-0.9,0.912,-0.908,-0.92,-0.924,-0.94,1,-0.992,-0.992,-0.992,-1.02,1.004,1.024,1.012,-1.004,-1.024,-1.056,-1.08,1.064,1.056,1.06,1.06,0.964,-0.996,-0.996,0.992,-0.984,-0.992,-0.996,-1,-0.98,-0.976,-0.98,-0.988,-0.98,-0.984,1,1.008,-1.056,-1.064,-1.068,-1.068,-1.064,-1.076,1.048,-1.044,-1.064,-1.064,-1.08,-1.096,-1.08,-1.068,-1.064,-1.08,-1.08,-1.052,-1.036,-0.948,-0.96,1.036,-1.056,-1.096,-1.104,1.084,1.08,1.1,1.112,-1.084,-1.092,1.052,1.052,1.064,1.072,1.076,-1.068,1.048,1.044,-1.06,1.052,1.04,1.04,1.036,1.024,-1.024,1.016,1.028,1.036,1.072,1.068,1.068,1.064,0.988,0.996,0.972,0.996,-1.012,1.02,1.028,1.04,1.048
0.928,0.904,0.908,0.912,0.912,0.924,0.928,-0.948,-0.944,-0.924,-0.932,-0.916,-0.924,-0.92,-1.044,-1.028,-0.976,0.96,0.964,-0.968,0.912,0.908,0.908,-0.9,-0.92,-0.976,0.968,-0.992,-0.992,-1.06,-1.048,-1.06,-1.064,-1.068,-1.064,-0.992,-0.984,-0.972,0.956,0.952,-0.948,-0.94,0.936,0.952,-0.936,-0.932,-0.92,-0.92,-0.92,0.92,0.928,0.928,0.936,0.96,0.968,0.972,0.972,0.968,0.972,-0.968,0.92,-0.9,-0.904,0.92,-0.88,-0.892,0.904,0.896,0.924,0.928,0.916,0.908,0.912,0.92,-0.92,1.04,1.052,1.048,1.044,1.068,1.056,1.052,-1,-0.996,-0.992,-0.988,-0.968,0.964,0.964,0.968,0.96,0.968,0.976,0.968,0.964,0.992,1.024,1.004,0.992,-0.976,-0.96,-0.956,-0.956,0.924,0.928,0.936,0.92,-0.924,-0.924,0.94,-0.936,0.964,0.96,-0.976,-0.996,0.964,0.956,0.968,-0.972,-0.98,-0.988,-1.004,-1.032,-1.06,1.092,1.08,1.072,1.076,1.048,-1.076,-0.888,-0.884,-0.88,-0.92,0.924,0.936,0.92,0.92,0.92,0.924,-1.088,-1.052,-0.952,-0.964,0.936,-0.9,-0.9,-0.896,-0.892,-0.936,0.932,0.94,-0.916,-0.944,-0.956,-0.944,-0.94,-0.932,-0.928,-0.94,0.916,0.924,0.928,0.916,0.92,-0.9,-0.896,-0.9,-0.896,-0.9,0.912,-0.908,-0.92,-0.924,1.06,-1,1.008,1.008,1.008,0.98,-0.996,-0.976,-0.988,0.996,0.976,0.944,0.92,-0.936,-0.944,-0.94,-0.94,0.964,-0.996,-0.996,0.992,-0.984,-0.992,-0.996,-1,-0.98,-0.976,-0.98,-0.988,1.02,1.016,-1,-0.992,0.944,0.936,0.932,0.932,0.936,0.924,-0.952,0.956,0.936,0.936,0.92,0.904,0.92,0.932,0.936,0.92,0.92,0.948,0.964,-0.948,-0.96,-0.964,0.944,0.904,0.896,-0.916,-0.92,-0.9,-0.888,0.916,0.908,-0.948,-0.948,-0.936,-0.928,-0.924,0.932,-0.952,-0.956,0.94,-0.948,-0.96,-0.96,-0.964,-0.976,0.976,-0.984,-0.972,-0.964,-0.928,-0.932,-0.932,-0.936,-1.012,-1.004,0.972,0.996,0.988,-0.98,-0.972,-0.96,-0.952
0.928,0.904,0.908,0.912,0.912,0.924,0.928,-0.948,-0.944,-0.924,-0.932,-0.916,-0.924,-0.92,0.956,0.972,1.024,-1.04,-1.036,-0.968,0.912,0.908,0.908,-0.9,-0.92,-0.976,0.968,-0.992,-0.992,-1.06,-1.048,0.94,0.936,0.932,0.936,-0.992,-0.984,-0.972,0.956,0.952,-0.948,-0.94,0.936,0.952,-0.936,-0.932,-0.92,-0.92,-0.92,0.92,0.928,0.928,0.936,0.96,0.968,-1.028,-1.028,-1.032,-1.028,1.032,0.92,-0.9,-0.904,0.92,-0.88,-0.892,0.904,0.896,0.924,0.928,0.916,0.908,0.912,0.92,-0.92,-0.96,-0.948,-0.952,-0.956,-0.932,-0.944,-0.948,-1,-0.996,-0.992,-0.988,-0.968,0.964,0.964,0.968,0.96,0.968,0.976,0.968,0.964,0.992,1.024,1.004,0.992,-0.976,-0.96,-0.956,-0.956,0.924,0.928,0.936,0.92,-0.924,-0.924,0.94,-0.936,0.964,0.96,-0.976,-0.996,0.964,0.956,0.968,-0.972,-0.98,-0.988,-1.004,-1.032,-1.06,1.092,1.08,1.072,1.076,1.048,-1.076,1.112,1.116,1.12,-0.92,0.924,0.936,0.92,0.92,0.92,0.924,0.912,-1.052,-0.952,-0.964,0.936,-0.9,-0.9,-0.896,-0.892,-0.936,0.932,0.94,-0.916,-0.944,-0.956,-0.944,-0.94,-0.932,-0.928,-0.94,0.916,-1.076,-1.072,-1.084,-1.08,1.1,1.104,1.1,1.104,1.1,-1.088,1.092,1.08,1.076,1.06,-1,1.008,1.008,1.008,0.98,-0.996,-0.976,-0.988,0.996,0.976,0.944,0.92,-0.936,-0.944,-0.94,-0.94,0.964,-0.996,-0.996,0.992,-0.984,-0.992,1.004,1,1.02,1.024,1.02,1.012,1.02,1.016,-1,-0.992,0.944,0.936,0.932,0.932,0.936,0.924,-0.952,0.956,0.936,0.936,0.92,0.904,-1.08,-1.068,-1.064,-1.08,-1.08,-1.052,-1.036,1.052,1.04,-0.964,0.944,0.904,0.896,-0.916,-0.92,-0.9,-0.888,0.916,0.908,-0.948,-0.948,-0.936,-0.928,-0.924,0.932,-0.952,-0.956,0.94,-0.948,-0.96,-0.96,-0.964,-0.976,0.976,-0.984,-0.972,-0.964,-0.928,-0.932,-0.932,-0.936,-1.012,-1.004,0.972,0.996,-1.012,-0.98,-0.972,-0.96,-0.952
-1.072,-1.096,-1.092,-1.088,-1.088,-1.076,-1.072,1.052,1.056,1.076,1.068,1.084,1.076,1.08,-1.044,-1.028,-0.976,0.96,0.964,-0.968,-1.088,-1.092,-1.092,1.1,1.08,1.024,-1.032,1.008,1.008,0.94,0.952,0.94,0.936,0.932,-1.064,1.008,1.016,1.028,-1.044,-1.048,1.052,1.06,-1.064,-1.048,1.064,1.068,1.08,1.08,1.08,-1.08,-1.072,-1.072,-1.064,-1.04,-1.032,-1.028,-1.028,-1.032,-1.028,1.032,-1.08,1.1,1.096,-1.08,1.12,1.108,-1.096,-1.104,-1.076,-1.072,-1.084,-1.092,-1.088,-1.08,1.08,1.04,1.052,1.048,1.044,1.068,1.056,1.052,-1,-0.996,-0.992,-0.988,-0.968,0.964,0.964,0.968,0.96,0.968,0.976,0.968,0.964,-1.008,-0.976,-0.996,-1.008,1.024,1.04,1.044,1.044,-1.076,-1.072,-1.064,-1.08,1.076,1.076,-1.06,1.064,-1.036,-1.04,1.024,1.004,-1.036,-1.044,0.968,-0.972,-0.98,-0.988,-1.004,-1.032,-1.06,1.092,1.08,1.072,1.076,1.048,-1.076,1.112,1.116,1.12,1.08,-1.076,-1.064,-1.08,-1.08,-1.08,-1.076,-1.088,-1.052,1.048,1.036,-1.064,1.1,1.1,1.104,1.108,1.064,-1.068,-1.06,-0.916,-0.944,-0.956,-0.944,-0.94,-0.932,-0.928,-0.94,0.916,0.924,0.928,0.916,0.92,-0.9,-0.896,-0.9,-0.896,-0.9,0.912,-0.908,-0.92,-0.924,-0.94,1,-0.992,-0.992,-0.992,-1.02,1.004,1.024,1.012,-1.004,-1.024,-1.056,-1.08,1.064,1.056,1.06,1.06,-1.036,-0.996,-0.996,0.992,-0.984,-0.992,-0.996,-1,-0.98,-0.976,-0.98,-0.988,-0.98,-0.984,1,1.008,-1.056,-1.064,-1.068,-1.068,-1.064,-1.076,1.048,-1.044,-1.064,-1.064,-1.08,0.904,0.92,0.932,0.936,0.92,0.92,0.948,0.964,-0.948,-0.96,1.036,-1.056,-1.096,-1.104,1.084,1.08,1.1,1.112,-1.084,-1.092,-0.948,-0.948,-0.936,-0.928,-0.924,0.932,-0.952,-0.956,0.94,-0.948,-0.96,-0.96,-0.964,-0.976,0.976,-0.984,-0.972,-0.964,-0.928,-0.932,-0.932,-0.936,-1.012,-1.004,0.972,0.996,-1.012,1.02,1.028,1.04,1.048
-1.072,-1.096,-1.092,-1.088,-1.088,-1.076,-1.072,1.052,1.056,1.076,1.068,1.084,1.076,1.08,-1.044,-1.028,-0.976,0.96,0.964,-0.968,-1.088,-1.092,-1.092,1.1,1.08,-0.976,0.968,-0.992,-0.992,-1.06,-1.048,-1.06,-1.064,-1.068,-1.064,1.008,1.016,1.028,-1.044,-1.048,1.052,1.06,-1.064,-1.048,1.064,1.068,1.08,1.08,1.08,-1.08,-1.072,-1.072,-1.064,-1.04,-1.032,0.972,0.972,0.968,0.972,1.032,-1.08,1.1,1.096,-1.08,1.12,1.108,-1.096,-1.104,-1.076,-1.072,-1.084,-1.092,-1.088,-1.08,1.08,1.04,1.052,1.048,1.044,1.068,1.056,1.052,-1,-0.996,-0.992,-0.988,-0.968,0.964,0.964,0.968,0.96,0.968,0.976,0.968,0.964,0.992,1.024,1.004,0.992,-0.976,-0.96,-0.956,-0.956,0.924,-1.072,-1.064,-1.08,1.076,1.076,-1.06,-0.936,0.964,0.96,-0.976,-0.996,0.964,0.956,0.968,-0.972,-0.98,-0.988,-1.004,-1.032,-1.06,1.092,1.08,1.072,1.076,1.048,-1.076,1.112,1.116,1.12,1.08,-1.076,-1.064,-1.08,-1.08,-1.08,-1.076,-1.088,-1.052,-0.952,-0.964,0.936,-0.9,-0.9,1.104,1.108,1.064,-1.068,-1.06,1.084,1.056,1.044,1.056,1.06,1.068,1.072,1.06,-1.084,-1.076,-1.072,-1.084,-1.08,1.1,1.104,1.1,1.104,1.1,-1.088,1.092,1.08,1.076,1.06,-1,-0.992,-0.992,-0.992,-1.02,1.004,1.024,1.012,-1.004,-1.024,-1.056,-1.08,1.064,1.056,1.06,1.06,-1.036,1.004,1.004,-1.008,1.016,1.008,1.004,1,-0.98,-0.976,-0.98,-0.988,-0.98,-0.984,1,1.008,-1.056,-1.064,-1.068,-1.068,-1.064,-1.076,1.048,-1.044,-1.064,-1.064,-1.08,-1.096,-1.08,-1.068,-1.064,-1.08,-1.08,-1.052,-1.036,1.052,1.04,1.036,-1.056,-1.096,-1.104,1.084,1.08,1.1,1.112,-1.084,-1.092,-0.948,-0.948,-0.936,-0.928,-0.924,0.932,-0.952,-0.956,0.94,-0.948,-0.96,-0.96,-0.964,-0.976,0.976,-0.984,-0.972,-0.964,-0.928,-0.932,-0.932,-0.936,-1.012,-1.004,0.972,0.996,-1.012,1.02,1.028,1.04,1.048
-1.072,0.904,0.908,0.912,0.912,0.924,0.928,-0.948,-0.944,-0.924,-0.932,-0.916,-0.924,-0.92,0.956,0.972,1.024,-1.04,-1.036,1.032,-1.088,-1.092,-1.092,1.1,1.08,1.024,-1.032,1.008,1.008,0.94,0.952,0.94,0.936,0.932,0.936,1.008,1.016,1.028,-1.044,-1.048,1.052,1.06,-1.064,-1.048,1.064,1.068,1.08,1.08,1.08,-1.08,-1.072,-1.072,-1.064,-1.04,-1.032,0.972,0.972,0.968,0.972,1.032,-1.08,1.1,1.096,-1.08,1.12,1.108,-1.096,-1.104,-1.076,-1.072,-1.084,-1.092,-1.088,-1.08,1.08,1.04,1.052,1.048,1.044,1.068,1.056,1.052,-1,-0.996,-0.992,-0.988,-0.968,0.964,0.964,0.968,0.96,0.968,0.976,0.968,0.964,-1.008,-0.976,-0.996,-1.008,1.024,1.04,1.044,1.044,-1.076,-1.072,-1.064,-1.08,1.076,1.076,-1.06,1.064,-1.036,-1.04,1.024,1.004,-1.036,-1.044,-1.032,1.028,1.02,1.012,0.996,0.968,-1.06,1.092,1.08,1.072,1.076,1.048,-1.076,1.112,1.116,1.12,1.08,-1.076,-1.064,-1.08,-1.08,-1.08,-1.076,-1.088,-1.052,-0.952,-0.964,0.936,-0.9,-0.9,-0.896,1.108,1.064,-1.068,-1.06,1.084,1.056,1.044,1.056,1.06,1.068,1.072,1.06,-1.084,-1.076,-1.072,-1.084,-1.08,1.1,1.104,1.1,1.104,1.1,-1.088,1.092,1.08,1.076,1.06,-1,1.008,1.008,1.008,0.98,1.004,1.024,1.012,-1.004,-1.024,-1.056,-1.08,1.064,1.056,1.06,1.06,-1.036,-0.996,-0.996,0.992,-0.984,-0.992,-0.996,-1,-0.98,-0.976,-0.98,-0.988,-0.98,-0.984,1,1.008,-1.056,-1.064,-1.068,-1.068,-1.064,-1.076,1.048,-1.044,-1.064,-1.064,-1.08,-1.096,-1.08,-1.068,-1.064,-1.08,-1.08,0.948,0.964,-0.948,-0.96,1.036,-1.056,-1.096,-1.104,1.084,1.08,1.1,1.112,-1.084,-1.092,1.052,1.052,1.064,1.072,1.076,-1.068,1.048,1.044,-1.06,1.052,1.04,1.04,1.036,1.024,-1.024,1.016,1.028,1.036,1.072,1.068,1.068,1.064,-1.012,-1.004,0.972,0.996,-1.012,1.02,1.028,1.04,1.048
-1.072,-1.096,-1.092,-1.088,-1.088,-1.076,-1.072,1.052,1.056,1.076,1.068,1.084,1.076,1.08,-1.044,-1.028,-0.976,-1.04,-1.036,1.032,-1.088,-1.092,-1.092,1.1,1.08,1.024,-1.032,1.008,1.008,-1.06,-1.048,-1.06,-1.064,-1.068,-1.064,1.008,1.016,1.028,-1.044,-1.048,1.052,1.06,-1.064,-1.048,1.064,1.068,1.08,1.08,1.08,-1.08,-1.072,-1.072,-1.064,-1.04,-1.032,0.972,0.972,0.968,0.972,-0.968,0.92,-0.9,-0.904,0.92,-0.88,1.108,-1.096,-1.104,-1.076,-1.072,-1.084,-1.092,-1.088,-1.08,1.08,1.04,1.052,1.048,1.044,1.068,1.056,1.052,-1,-0.996,-0.992,-0.988,-0.968,0.964,0.964,0.968,0.96,0.968,0.976,0.968,0.964,-1.008,-0.976,-0.996,-1.008,1.024,1.04,1.044,1.044,-1.076,-1.072,-1.064,-1.08,1.076,1.076,-1.06,1.064,-1.036,-1.04,1.024,1.004,-1.036,-1.044,-1.032,1.028,1.02,1.012,0.996,-1.032,-1.06,1.092,1.08,1.072,1.076,1.048,-1.076,1.112,1.116,1.12,1.08,-1.076,0.936,0.92,0.92,0.92,0.924,0.912,0.948,1.048,1.036,-1.064,1.1,1.1,1.104,1.108,1.064,-1.068,-1.06,1.084,1.056,1.044,1.056,1.06,1.068,1.072,1.06,-1.084,-1.076,-1.072,-1.084,-1.08,-0.9,-0.896,-0.9,-0.896,-0.9,0.912,-0.908,-0.92,-0.924,-0.94,1,-0.992,-0.992,-0.992,-1.02,1.004,1.024,1.012,-1.004,-1.024,-1.056,-1.08,1.064,1.056,1.06,1.06,-1.036,1.004,1.004,-1.008,-0.984,-0.992,-0.996,-1,-0.98,-0.976,-0.98,-0.988,-0.98,-0.984,1,1.008,-1.056,-1.064,-1.068,-1.068,-1.064,-1.076,1.048,-1.044,-1.064,-1.064,-1.08,-1.096,-1.08,-1.068,-1.064,-1.08,-1.08,-1.052,-1.036,1.052,1.04,-0.964,0.944,-1.096,-1.104,1.084,1.08,1.1,1.112,-1.084,-1.092,1.052,1.052,1.064,1.072,1.076,-1.068,1.048,1.044,-1.06,1.052,1.04,1.04,1.036,-0.976,0.976,-0.984,-0.972,-0.964,-0.928,-0.932,-0.932,-0.936,-1.012,-1.004,0.972,0.996,-1.012,1.02,1.028,1.04,1.048
-1.072,-1.096,-1.092,0.912,0.912,0.924,0.928,-0.948,-0.944,-0.924,-0.932,-0.916,-0.924,-0.92,0.956,0.972,1.024,-1.04,-1.036,1.032,-1.088,-1.092,-1.092,1.1,1.08,1.024,-1.032,1.008,1.008,0.94,0.952,0.94,0.936,0.932,0.936,-0.992,-0.984,-0.972,0.956,0.952,-0.948,-0.94,-1.064,-1.048,1.064,1.068,1.08,1.08,1.08,-1.08,-1.072,-1.072,-1.064,-1.04,-1.032,-1.028,-1.028,-1.032,-1.028,1.032,-1.08,1.1,1.096,-1.08,1.12,1.108,-1.096,-1.104,-1.076,-1.072,-1.084,-1.092,-1.088,-1.08,1.08,1.04,1.052,1.048,1.044,1.068,1.056,1.052,-1,-0.996,-0.992,-0.988,-0.968,0.964,0.964,0.968,0.96,0.968,0.976,0.968,0.964,-1.008,-0.976,-0.996,-1.008,1.024,1.04,1.044,1.044,-1.076,-1.072,-1.064,-1.08,1.076,1.076,-1.06,1.064,-1.036,-1.04,1.024,1.004,0.964,0.956,0.968,-0.972,-0.98,-0.988,-1.004,-1.032,-1.06,1.092,1.08,1.072,1.076,1.048,-1.076,1.112,1.116,1.12,1.08,-1.076,-1.064,-1.08,0.92,0.92,0.924,0.912,0.948,1.048,1.036,-1.064,1.1,1.1,1.104,1.108,1.064,-1.068,-1.06,1.084,1.056,1.044,1.056,1.06,1.068,1.072,1.06,-1.084,-1.076,-1.072,-1.084,-1.08,1.1,1.104,1.1,1.104,1.1,-1.088,-0.908,-0.92,-0.924,-0.94,1,-0.992,-0.992,-0.992,-1.02,1.004,1.024,1.012,-1.004,-1.024,-1.056,-1.08,1.064,1.056,1.06,1.06,-1.036,1.004,1.004,0.992,-0.984,-0.992,-0.996,-1,-0.98,-0.976,-0.98,-0.988,-0.98,-0.984,1,1.008,-1.056,-1.064,-1.068,-1.068,-1.064,-1.076,1.048,-1.044,-1.064,-1.064,-1.08,-1.096,0.92,0.932,0.936,0.92,0.92,0.948,0.964,-0.948,-0.96,1.036,-1.056,-1.096,-1.104,1.084,1.08,1.1,1.112,-1.084,-1.092,1.052,1.052,1.064,1.072,1.076,-1.068,1.048,1.044,-1.06,1.052,1.04,1.04,1.036,1.024,-1.024,1.016,1.028,1.036,1.072,1.068,1.068,1.064,0.988,0.996,-1.028,-1.004,0.988,1.02,1.028,1.04,1.048
-1.072,-1.096,-1.092,-1.088,-1.088,-1.076,-1.072,1.052,1.056,1.076,1.068,1.084,1.076,1.08,-1.044,-1.028,-0.976,0.96,0.964,-0.968,0.912,0.908,0.908,-0.9,1.08,1.024,-1.032,1.008,1.008,-1.06,-1.048,-1.06,-1.064,-1.068,-1.064,1.008,1.016,1.028,-1.044,-1.048,1.052,1.06,-1.064,-1.048,1.064,1.068,1.08,1.08,1.08,-1.08,-1.072,-1.072,-1.064,-1.04,-1.032,0.972,0.972,0.968,0.972,1.032,-1.08,1.1,1.096,-1.08,1.12,1.108,-1.096,-1.104,-1.076,-1.072,-1.084,-1.092,-1.088,-1.08,1.08,1.04,1.052,1.048,1.044,1.068,1.056,1.052,-1,-0.996,-0.992,-0.988,-0.968,0.964,0.964,0.968,0.96,0.968,0.976,0.968,0.964,-1.008,-0.976,-0.996,-1.008,1.024,1.04,1.044,1.044,-1.076,-1.072,-1.064,-1.08,1.076,1.076,-1.06,1.064,-1.036,-1.04,1.024,1.004,-1.036,-1.044,-1.032,1.028,1.02,1.012,0.996,0.968,0.94,1.092,1.08,1.072,1.076,1.048,-1.076,1.112,1.116,1.12,1.08,-1.076,-1.064,-1.08,-1.08,-1.08,-1.076,-1.088,0.948,1.048,1.036,-1.064,1.1,1.1,1.104,1.108,-0.936,0.932,0.94,-0.916,-0.944,-0.956,-0.944,-0.94,-0.932,-0.928,-0.94,0.916,0.924,0.928,0.916,0.92,-0.9,-0.896,-0.9,-0.896,-0.9,0.912,-0.908,-0.92,-0.924,-0.94,1,-0.992,-0.992,-0.992,-1.02,1.004,1.024,1.012,-1.004,-1.024,-1.056,-1.08,1.064,1.056,1.06,1.06,-1.036,1.004,1.004,-1.008,1.016,1.008,1.004,1,1.02,1.024,1.02,1.012,1.02,1.016,-1,-0.992,0.944,0.936,0.932,0.932,0.936,0.924,1.048,-1.044,-1.064,-1.064,-1.08,-1.096,-1.08,-1.068,-1.064,-1.08,-1.08,0.948,0.964,-0.948,-0.96,1.036,-1.056,-1.096,-1.104,1.084,1.08,1.1,1.112,-1.084,-1.092,1.052,1.052,1.064,1.072,1.076,-1.068,1.048,1.044,-1.06,1.052,1.04,1.04,1.036,1.024,-1.024,1.016,1.028,1.036,1.072,1.068,1.068,1.064,-1.012,-1.004,0.972,0.996,-1.012,1.02,1.028,1.04,1.048
-1.072,-1.096,-1.092,-1.088,-1.088,-1.076,-1.072,1.052,1.056,1.076,1.068,1.084,1.076,1.08,-1.044,-1.028,1.024,-1.04,-1.036,1.032,-1.088,-1.092,-1.092,1.1,1.08,1.024,-1.032,1.008,1.008,-1.06,-1.048,-1.06,-1.064,-1.068,-1.064,1.008,1.016,1.028,-1.044,-1.048,1.052,1.06,-1.064,-1.048,1.064,1.068,1.08,1.08,1.08,-1.08,-1.072,-1.072,-1.064,-1.04,-1.032,0.972,0.972,0.968,0.972,-0.968,0.92,-0.9,-0.904,0.92,-0.88,1.108,-1.096,-1.104,-1.076,-1.072,-1.084,-1.092,-1.088,-1.08,1.08,1.04,1.052,1.048,1.044,1.068,1.056,1.052,-1,-0.996,-0.992,-0.988,-0.968,0.964,0.964,0.968,0.96,0.968,0.976,0.968,0.964,-1.008,-0.976,-0.996,-1.008,1.024,1.04,1.044,1.044,-1.076,-1.072,-1.064,-1.08,1.076,1.076,-1.06,1.064,-1.036,-1.04,1.024,1.004,0.964,0.956,0.968,-0.972,-0.98,-0.988,-1.004,-1.032,-1.06,1.092,1.08,1.072,1.076,1.048,-1.076,1.112,1.116,1.12,1.08,-1.076,-1.064,-1.08,-1.08,-1.08,-1.076,-1.088,-1.052,-0.952,-0.964,0.936,-0.9,-0.9,-0.896,1.108,1.064,-1.068,-1.06,1.084,1.056,1.044,1.056,1.06,1.068,1.072,1.06,-1.084,-1.076,-1.072,-1.084,-1.08,1.1,1.104,1.1,1.104,1.1,-1.088,1.092,1.08,1.076,1.06,-1,1.008,1.008,1.008,0.98,1.004,1.024,1.012,-1.004,-1.024,-1.056,-1.08,1.064,1.056,1.06,1.06,-1.036,1.004,1.004,-1.008,1.016,1.008,-0.996,-1,-0.98,-0.976,-0.98,-0.988,-0.98,-0.984,1,1.008,-1.056,-1.064,-1.068,-1.068,-1.064,-1.076,1.048,-1.044,-1.064,-1.064,-1.08,-1.096,-1.08,-1.068,-1.064,-1.08,-1.08,0.948,0.964,-0.948,-0.96,1.036,-1.056,-1.096,-1.104,1.084,1.08,1.1,1.112,-1.084,-1.092,1.052,1.052,1.064,1.072,1.076,-1.068,1.048,1.044,-1.06,1.052,1.04,1.04,1.036,-0.976,0.976,-0.984,-0.972,-0.964,-0.928,-0.932,-0.932,-0.936,-1.012,-1.004,0.972,0.996,-1.012,1.02,1.028,1.04,1.048
-1.072,-1.096,-1.092,-1.088,-1.088,-1.076,-1.072,1.052,1.056,1.076,1.068,1.084,1.076,1.08,-1.044,-1.028,-0.976,0.96,0.964,-0.968,-1.088,-1.092,-1.092,1.1,1.08,1.024,-1.032,1.008,-0.992,-1.06,-1.048,-1.06,-1.064,-1.068,-1.064,1.008,1.016,1.028,-1.044,-1.048,1.052,1.06,-1.064,-1.048,1.064,1.068,1.08,1.08,1.08,-1.08,-1.072,-1.072,-1.064,-1.04,-1.032,0.972,0.972,0.968,0.972,-0.968,-1.08,1.1,1.096,-1.08,1.12,1.108,-1.096,-1.104,-1.076,-1.072,-1.084,-1.092,-1.088,-1.08,1.08,1.04,1.052,1.048,1.044,1.068,1.056,1.052,-1,-0.996,-0.992,-0.988,-0.968,0.964,0.964,0.968,0.96,0.968,0.976,0.968,0.964,0.992,1.024,1.004,0.992,-0.976,-0.96,-0.956,-0.956,0.924,-1.072,-1.064,-1.08,1.076,1.076,-1.06,1.064,-1.036,-1.04,1.024,1.004,-1.036,-1.044,-1.032,1.028,1.02,1.012,0.996,-1.032,-1.06,1.092,1.08,1.072,1.076,1.048,-1.076,1.112,1.116,1.12,1.08,-1.076,-1.064,-1.08,-1.08,-1.08,-1.076,-1.088,0.948,1.048,1.036,-1.064,1.1,1.1,1.104,1.108,1.064,-1.068,-1.06,1.084,1.056,1.044,1.056,1.06,1.068,1.072,1.06,-1.084,-1.076,-1.072,-1.084,-1.08,1.1,1.104,1.1,1.104,1.1,-1.088,1.092,1.08,1.076,1.06,-1,1.008,1.008,1.008,0.98,1.004,1.024,1.012,-1.004,-1.024,-1.056,-1.08,1.064,1.056,1.06,1.06,-1.036,-0.996,-0.996,0.992,-0.984,-0.992,-0.996,-1,-0.98,-0.976,-0.98,-0.988,-0.98,-0.984,1,1.008,-1.056,-1.064,-1.068,-1.068,-1.064,-1.076,1.048,-1.044,-1.064,-1.064,-1.08,-1.096,-1.08,-1.068,-1.064,-1.08,-1.08,-1.052,-1.036,1.052,1.04,1.036,-1.056,-1.096,-1.104,1.084,1.08,1.1,1.112,-1.084,-1.092,1.052,-0.948,-0.936,-0.928,-0.924,0.932,-0.952,-0.956,0.94,-0.948,-0.96,-0.96,-0.964,-0.976,0.976,-0.984,-0.972,-0.964,-0.928,-0.932,-0.932,-0.936,-1.012,-1.004,0.972,0.996,-1.012,1.02,1.028,1.04,1.048
-1.072,-1.096,-1.092,-1.088,-1.088,-1.076,-1.072,1.052,1.056,1.076,1.068,1.084,1.076,1.08,-1.044,-1.028,-0.976,0.96,0.964,-0.968,0.912,0.908,0.908,-0.9,1.08,1.024,-1.032,1.008,1.008,0.94,0.952,0.94,0.936,0.932,0.936,-0.992,-0.984,-0.972,0.956,0.952,-0.948,-0.94,-1.064,-1.048,1.064,1.068,1.08,1.08,1.08,-1.08,-1.072,-1.072,-1.064,-1.04,-1.032,-1.028,-1.028,-1.032,-1.028,1.032,-1.08,1.1,1.096,-1.08,1.12,1.108,-1.096,-1.104,-1.076,-1.072,-1.084,-1.092,-1.088,-1.08,1.08,1.04,1.052,1.048,1.044,1.068,1.056,1.052,-1,-0.996,-0.992,-0.988,-0.968,0.964,0.964,0.968,0.96,0.968,0.976,0.968,0.964,-1.008,-0.976,-0.996,-1.008,1.024,1.04,1.044,1.044,-1.076,-1.072,-1.064,-1.08,1.076,1.076,-1.06,1.064,-1.036,-1.04,1.024,1.004,-1.036,-1.044,0.968,-0.972,-0.98,-0.988,-1.004,-1.032,-1.06,1.092,1.08,1.072,1.076,1.048,-1.076,1.112,1.116,1.12,1.08,-1.076,0.936,0.92,0.92,0.92,0.924,0.912,0.948,1.048,1.036,-1.064,1.1,1.1,1.104,1.108,1.064,-1.068,-1.06,1.084,1.056,1.044,1.056,1.06,1.068,1.072,1.06,-1.084,-1.076,-1.072,-1.084,-1.08,1.1,1.104,1.1,1.104,1.1,-1.088,1.092,1.08,1.076,1.06,-1,1.008,1.008,1.008,0.98,-0.996,-0.976,1.012,-1.004,-1.024,-1.056,-1.08,1.064,1.056,1.06,1.06,-1.036,1.004,1.004,-1.008,1.016,1.008,1.004,1,1.02,1.024,1.02,1.012,1.02,1.016,-1,-0.992,-1.056,-1.064,-1.068,-1.068,-1.064,-1.076,1.048,-1.044,-1.064,-1.064,-1.08,-1.096,-1.08,-1.068,-1.064,-1.08,-1.08,-1.052,-1.036,1.052,1.04,-0.964,0.944,0.904,0.896,-0.916,1.08,1.1,1.112,-1.084,-1.092,1.052,1.052,1.064,1.072,1.076,-1.068,1.048,1.044,-1.06,1.052,1.04,1.04,1.036,1.024,-1.024,1.016,1.028,1.036,1.072,1.068,1.068,1.064,0.988,0.996,-1.028,0.996,-1.012,1.02,1.028,1.04,1.048
-1.072,-1.096,-1.092,-1.088,0.912,0.924,0.928,-0.948,-0.944,-0.924,-0.932,-0.916,-0.924,-0.92,0.956,0.972,1.024,-1.04,-1.036,1.032,-1.088,-1.092,-1.092,1.1,1.08,1.024,-1.032,1.008,1.008,0.94,0.952,-1.06,-1.064,-1.068,-1.064,1.008,1.016,1.028,-1.044,-1.048,1.052,1.06,-1.064,-1.048,1.064,1.068,1.08,1.08,1.08,-1.08,-1.072,-1.072,-1.064,-1.04,-1.032,0.972,0.972,0.968,0.972,-0.968,0.92,-0.9,-0.904,-1.08,1.12,1.108,-1.096,-1.104,-1.076,-1.072,-1.084,-1.092,-1.088,-1.08,1.08,1.04,1.052,1.048,1.044,1.068,1.056,1.052,-1,-0.996,-0.992,-0.988,-0.968,0.964,0.964,0.968,0.96,0.968,0.976,0.968,0.964,-1.008,-0.976,-0.996,-1.008,1.024,1.04,1.044,1.044,-1.076,-1.072,-1.064,-1.08,1.076,1.076,-1.06,1.064,-1.036,-1.04,1.024,1.004,-1.036,-1.044,-1.032,1.028,1.02,1.012,0.996,0.968,-1.06,1.092,1.08,1.072,1.076,1.048,-1.076,1.112,1.116,1.12,1.08,-1.076,-1.064,-1.08,-1.08,-1.08,-1.076,-1.088,0.948,1.048,1.036,-1.064,1.1,1.1,1.104,1.108,1.064,-1.068,-1.06,1.084,1.056,1.044,1.056,1.06,1.068,1.072,1.06,0.916,0.924,0.928,0.916,0.92,-0.9,-0.896,-0.9,-0.896,-0.9,0.912,-0.908,-0.92,-0.924,-0.94,1,-0.992,-0.992,-0.992,-1.02,1.004,1.024,1.012,-1.004,-1.024,-1.056,-1.08,1.064,1.056,1.06,1.06,-1.036,1.004,1.004,-1.008,1.016,1.008,1.004,1,1.02,1.024,1.02,1.012,1.02,1.016,-1,-0.992,0.944,0.936,0.932,0.932,0.936,0.924,1.048,-1.044,-1.064,-1.064,-1.08,-1.096,-1.08,-1.068,-1.064,-1.08,-1.08,-1.052,-1.036,1.052,1.04,-0.964,0.944,0.904,0.896,-0.916,-0.92,-0.9,-0.888,-1.084,-1.092,1.052,1.052,1.064,1.072,1.076,-1.068,1.048,1.044,-1.06,1.052,1.04,1.04,1.036,1.024,-1.024,1.016,1.028,1.036,1.072,1.068,1.068,1.064,0.988,0.996,-1.028,-1.004,0.988,1.02,1.028,1.04,1.048
0.928,0.904,0.908,0.912,0.912,0.924,0.928,-0.948,-0.944,-0.924,-0.932,-0.916,-0.924,-0.92,0.956,0.972,1.024,-1.04,-1.036,1.032,0.912,0.908,0.908,-0.9,-0.92,-0.976,0.968,-0.992,-0.992,-1.06,-1.048,0.94,0.936,0.932,0.936,-0.992,-0.984,-0.972,0.956,0.952,-0.948,-0.94,0.936,0.952,-0.936,-0.932,-0.92,-0.92,-0.92,0.92,0.928,0.928,0.936,0.96,0.968,-1.028,-1.028,-1.032,-1.028,1.032,0.92,-0.9,-0.904,0.92,-0.88,-0.892,0.904,0.896,0.924,0.928,0.916,0.908,0.912,0.92,-0.92,-0.96,-0.948,-0.952,-0.956,-0.932,-0.944,-0.948,1,1.004,1.008,1.012,1.032,0.964,0.964,0.968,0.96,0.968,0.976,0.968,0.964,0.992,1.024,1.004,0.992,-0.976,-0.96,-0.956,-0.956,0.924,0.928,0.936,0.92,-0.924,-0.924,0.94,-0.936,0.964,0.96,-0.976,-0.996,0.964,0.956,0.968,-0.972,-0.98,-0.988,0.996,0.968,0.94,-0.908,-0.92,-0.928,-0.924,-0.952,0.924,-0.888,-0.884,-0.88,-0.92,0.924,0.936,0.92,0.92,0.92,0.924,0.912,-1.052,-0.952,-0.964,0.936,-0.9,-0.9,-0.896,-0.892,-0.936,0.932,0.94,-0.916,-0.944,-0.956,-0.944,-0.94,-0.932,-0.928,-0.94,0.916,0.924,0.928,0.916,0.92,-0.9,-0.896,-0.9,-0.896,1.1,-1.088,1.092,1.08,1.076,1.06,-1,1.008,1.008,1.008,0.98,-0.996,-0.976,-0.988,0.996,0.976,0.944,0.92,-0.936,-0.944,-0.94,-0.94,0.964,-0.996,-0.996,0.992,-0.984,-0.992,1.004,1,1.02,1.024,1.02,1.012,1.02,1.016,-1,-0.992,0.944,0.936,0.932,0.932,0.936,0.924,-0.952,0.956,0.936,0.936,0.92,0.904,-1.08,-1.068,-1.064,-1.08,-1.08,-1.052,-1.036,1.052,1.04,-0.964,0.944,0.904,0.896,-0.916,-0.92,-0.9,-0.888,0.916,0.908,-0.948,-0.948,-0.936,-0.928,1.076,-1.068,1.048,1.044,-1.06,1.052,1.04,1.04,1.036,1.024,-1.024,1.016,1.028,1.036,1.072,1.068,1.068,1.064,0.988,0.996,-1.028,-1.004,0.988,-0.98,-0.972,-0.96,-0.952
0.928,0.904,0.908,0.912,0.912,0.924,0.928,-0.948,-0.944,-0.924,-0.932,-0.916,-0.924,-0.92,0.956,0.972,-0.976,0.96,0.964,-0.968,0.912,0.908,0.908,-0.9,-0.92,-0.976,0.968,-0.992,-0.992,-1.06,-1.048,-1.06,-1.064,-1.068,-1.064,1.008,1.016,1.028,-1.044,-1.048,1.052,1.06,-1.064,-1.048,1.064,1.068,1.08,1.08,-0.92,0.92,0.928,0.928,0.936,0.96,0.968,0.972,0.972,0.968,0.972,-0.968,0.92,-0.9,-0.904,0.92,-0.88,-0.892,0.904,0.896,0.924,0.928,0.916,0.908,0.912,0.92,-0.92,-0.96,-0.948,-0.952,-0.956,-0.932,-0.944,-0.948,-1,-0.996,-0.992,-0.988,-0.968,0.964,0.964,0.968,0.96,0.968,0.976,0.968,0.964,0.992,1.024,1.004,0.992,-0.976,-0.96,-0.956,-0.956,0.924,0.928,0.936,0.92,-0.924,-0.924,0.94,-0.936,0.964,0.96,-0.976,-0.996,0.964,0.956,-1.032,1.028,1.02,1.012,0.996,0.968,0.94,-0.908,-0.92,-0.928,-0.924,-0.952,0.924,-0.888,-0.884,-0.88,-0.92,0.924,0.936,0.92,0.92,0.92,0.924,0.912,0.948,-0.952,-0.964,0.936,-0.9,-0.9,-0.896,-0.892,1.064,-1.068,-1.06,1.084,1.056,1.044,1.056,1.06,1.068,1.072,1.06,-1.084,-1.076,-1.072,-1.084,-1.08,1.1,1.104,1.1,1.104,1.1,-1.088,1.092,1.08,1.076,1.06,-1,1.008,1.008,1.008,0.98,-0.996,-0.976,-0.988,0.996,0.976,0.944,0.92,-0.936,-0.944,-0.94,-0.94,0.964,-0.996,-0.996,0.992,-0.984,-0.992,-0.996,-1,-0.98,-0.976,-0.98,-0.988,-0.98,-0.984,1,1.008,0.944,0.936,0.932,0.932,0.936,0.924,-0.952,0.956,0.936,0.936,0.92,0.904,0.92,0.932,0.936,0.92,0.92,0.948,0.964,-0.948,-0.96,-0.964,0.944,0.904,0.896,-0.916,-0.92,-0.9,-0.888,0.916,0.908,-0.948,-0.948,-0.936,-0.928,-0.924,0.932,-0.952,-0.956,0.94,-0.948,-0.96,-0.96,-0.964,-0.976,0.976,-0.984,-0.972,-0.964,1.072,1.068,1.068,1.064,0.988,0.996,-1.028,-1.004,0.988,-0.98,-0.972,-0.96,-0.952
